[Licensing::Module] Trying to connect to existing licensing client channel...
Built from '6000.5/staging' branch; Version is '6000.5.2f1 (eb73d3b415a1) revision 15430611'; Using compiler version '194234433'; Build Type 'Release'
[Licensing::IpcConnector] Successfully connected to: "LicenseClient-thhon" at "2026-07-30T22:18:05.4132744Z"
OS: 'Windows 11  (10.0.26200) Core' Language: 'ko' Physical Memory: 16065 MB
BatchMode: 0, IsHumanControllingUs: 1, StartBugReporterOnCrash: 1, Is64bit: 1
System  architecture: x64
Process architecture: x64
Date: 2026-07-30T22:18:05Z

COMMAND LINE ARGUMENTS:
C:\Program Files\Unity\Hub\Editor\6000.5.2f1\Editor\Unity.exe
-projectpath
C:\Users\thhon\UnityFiles\TlimFinalProj2Dshooter
-acceptSoftwareTermsForThisRunOnly
-useHub
-hubIPC
-cloudEnvironment
production
-licensingIpc
LicenseClient-thhon
-hubSessionId
771e1272-6f29-49ec-9d14-37789a9f8f2b
-accessToken
os2BGVnJ27tOiI5fTRUmRsUN_Bkt5w8GicA7ALE8Fjo00df
Successfully changed project path to: C:\Users\thhon\UnityFiles\TlimFinalProj2Dshooter
C:/Users/thhon/UnityFiles/TlimFinalProj2Dshooter
[UnityMemory] Configuration Parameters - Can be set up in boot.config
    "memorysetup-temp-allocator-size-gi-baking-worker=262144"
    "memorysetup-temp-allocator-size-gi-baking-worker=262144"
    "memorysetup-temp-allocator-size-gi-baking-worker=262144"
    "memorysetup-temp-allocator-size-gi-baking-worker=262144"
    "memorysetup-temp-allocator-size-gi-baking-worker=262144"
    "memorysetup-temp-allocator-size-nav-mesh-worker=65536"
    "memorysetup-temp-allocator-size-audio-worker=65536"
    "memorysetup-temp-allocator-size-cloud-worker=32768"
    "memorysetup-temp-allocator-size-gfx=262144"
    "memorysetup-temp-allocator-size-preload-manager=33554432"
    "memorysetup-allocator-temp-initial-block-size-main=262144"
    "memorysetup-allocator-temp-initial-block-size-worker=262144"
    "memorysetup-temp-allocator-size-job-worker=262144"
    "memorysetup-temp-allocator-size-background-worker=32768"
    "memorysetup-bucket-allocator-granularity=16"
    "memorysetup-bucket-allocator-bucket-count=8"
    "memorysetup-bucket-allocator-block-size=33554432"
    "memorysetup-bucket-allocator-block-count=8"
    "memorysetup-main-allocator-block-size=16777216"
    "memorysetup-thread-allocator-block-size=16777216"
    "memorysetup-main-allocator-mimalloc-enabled=0"
    "memorysetup-gfx-main-allocator-block-size=16777216"
    "memorysetup-gfx-thread-allocator-block-size=16777216"
    "memorysetup-cache-allocator-block-size=4194304"
    "memorysetup-typetree-allocator-block-size=2097152"
    "memorysetup-profiler-bucket-allocator-granularity=16"
    "memorysetup-profiler-bucket-allocator-bucket-count=8"
    "memorysetup-profiler-bucket-allocator-block-size=33554432"
    "memorysetup-profiler-bucket-allocator-block-count=8"
    "memorysetup-profiler-allocator-block-size=16777216"
    "memorysetup-profiler-editor-allocator-block-size=1048576"
    "memorysetup-temp-allocator-size-main=16777216"
    "memorysetup-job-temp-allocator-block-size=2097152"
    "memorysetup-job-temp-allocator-block-size-background=1048576"
    "memorysetup-job-temp-allocator-reduction-small-platforms=262144"
Player connection [24384]  Target information:

Player connection [24384]  * "[IP] 10.80.80.15 [Port] 55504 [Flags] 2 [Guid] 3386041361 [EditorId] 3386041361 [Version] 1048832 [Id] WindowsEditor(7,THLimCom) [Debug] 1 [PackageName] WindowsEditor [ProjectName] Editor" 

Player connection [24384] Host joined multi-casting on [225.0.0.222:54997]...
Player connection [24384] Host joined alternative multi-casting on [225.0.0.222:34997]...
Input System module state changed to: Initialized.
[Physics::Module] Initialized fallback backend.
[Physics::Module] Id: 0xdecafbad
[Package Manager] Connected to IPC stream "Upm-728" after 0.0 seconds.
[Licensing::Module] Licensing is not yet initialized.
[Licensing::Client] Error: HandshakeResponse reported an error:
	ResponseCode: 505
	ResponseStatus: Unsupported protocol version '1.18.1'.
[Licensing::Module] Error: Failed to handshake to channel: "LicenseClient-thhon"
[Licensing::IpcConnector] LicenseClient-thhon channel disconnected successfully.
[Licensing::IpcConnector] Channel LicenseClient-thhon-6000.5.2 doesn't exist
[Licensing::Module] Successfully launched the LicensingClient (PId: 27932)
Starting IPC server.
Waiting for clients to connect on \\.\pipe\Unity-LicenseClient-thhon-6000.5.2, press Ctrl-C to exit.
[Licensing::IpcConnector] Successfully connected to: "LicenseClient-thhon-6000.5.2" at "2026-07-30T22:18:08.0399886Z"
[Licensing::Client] Code 10 while verifying Licensing Client signature (process Id: 27932, path: "C:/Program Files/Unity/Hub/Editor/6000.5.2f1/Editor/Data/Resources/Licensing/Client/Unity.Licensing.Client.exe")
[Licensing::Module] LicensingClient has failed validation; ignoring
[Licensing::Client] Handshaking with LicensingClient:
  Version:                 1.18.1+9fbee8e
  Session Id:              f1818f0c6eea445c8d5d9d70c46a28fb
  Correlation Id:          16d88b6a963fb83d5e77ec66ec55041f
  External correlation Id: 7199585239435995572
  Machine Id:              HqL/+UDvf5OVcEJmbi/E+qes+Gs=
[Licensing::Module] Successfully connected to LicensingClient on channel: "LicenseClient-thhon-6000.5.2" (connect: 0.86s, validation: 0.15s, handshake: 0.02s)
[Licensing::IpcConnector] Successfully connected to: "LicenseClient-thhon-6000.5.2-notifications" at "2026-07-30T22:18:08.2098267Z"
[Licensing::Module] Connected to LicensingClient (PId: 27932, launch time: 0.01, total connection time: 1.03s)
[Licensing::Client] Successfully updated the access token
[Licensing::Module] Successfully updated the access token os2BGVnJ27...
[Licensing::Client] Successfully resolved entitlement details
[Licensing::Module] License group:
  Id: 14568790691537-UnityPersXXXX
  Product: Unity Personal
  Type: Assigned
  Expiration: Unlimited
[Licensing::Client] Successfully updated license, isAsync: True, time: 0.02
[Licensing::Client] Successfully resolved entitlement details
[Licensing::Module] Licensing Background thread has ended after 2.87s
[Licensing::Module] Licensing is initialized (took 1.54s).
[Licensing::Client] Successfully resolved entitlement details
Library Redirect Path: Library/
[Physics::Module] Selected backend.
[Physics::Module] Name: PhysX
[Physics::Module] Id: 0xf2b8ea05
[Physics::Module] SDK Version: 4.1.2
[Physics::Module] Integration Version: 1.0.0
[Physics::Module] Threading Mode: Multi-Threaded
Refreshing native plugins compatible for Editor in 2.03 ms, found 0 plugins.
Initialize engine version: 6000.5.2f1 (eb73d3b415a1)
[Subsystems] Discovering subsystems at path C:/Program Files/Unity/Hub/Editor/6000.5.2f1/Editor/Data/Resources/UnitySubsystems
[Subsystems] Discovering subsystems at path C:/Users/thhon/UnityFiles/TlimFinalProj2Dshooter/Assets
[D3D12 Device Filter] Vendor Name: Intel
[D3D12 Device Filter] Device Name: Intel(R) Iris(R) Xe Graphics
[D3D12 Device Filter] Driver Version: 32.0.101.7084
[D3D12 Device Filter] Feature Level: 12.1
[D3D12 Device Filter] Graphics Memory: 8032 MB
[D3D12 Device Filter] Processor Count: 12
[D3D12 Device Filter] Device Type: Integrated
[D3D12 Device Filter] D3D12 API denied by user filter: {"Vendor": "Intel", "Device Type:": Integrated}
GfxDevice: creating device client; kGfxThreadingModeThreaded
Direct3D:
    Version:  Direct3D 11.0 [level 11.1]
    Renderer: Intel(R) Iris(R) Xe Graphics (ID=0xa7a1)
    Vendor:   Intel
    VRAM:     8032 MB
    Driver:   32.0.101.7084
Initialize mono
Mono path[0] = 'C:/Program Files/Unity/Hub/Editor/6000.5.2f1/Editor/Data/Managed'
Mono path[1] = 'C:/Program Files/Unity/Hub/Editor/6000.5.2f1/Editor/Data/BCLExtensions/runtime/netstandard2.1'
Mono path[2] = 'C:/Program Files/Unity/Hub/Editor/6000.5.2f1/Editor/Data/MonoBleedingEdge/lib/mono/unityjit-win32'
Mono config path = 'C:/Program Files/Unity/Hub/Editor/6000.5.2f1/Editor/Data/MonoBleedingEdge/etc'
Using monoOptions --debugger-agent=transport=dt_socket,embedding=1,server=y,suspend=n,address=127.0.0.1:56728
CodeReloadManager initialized
ImportWorker Server TCP listen port: 0
AcceleratorClientConnectionCallback - disconnected - :0
Begin MonoManager ReloadAssembly
Registering precompiled unity dll's ...
Register platform support module: C:/Program Files/Unity/Hub/Editor/6000.5.2f1/Editor/Data/PlaybackEngines/WindowsStandaloneSupport/UnityEditor.WindowsStandalone.Extensions.dll
Registered in 0.007563 seconds.
Native extension for WindowsStandalone target not found
Package Manager log level set to [2]
ScheduleIndexationOnStartup MainProcess:False IndexOnStartup:True
Mono: successfully reloaded assembly
- Finished resetting the current domain, in  0.561 seconds
Domain Reload Profiling: 1255ms
	BeginReloadAssembly (214ms)
		CreateAndSetChildDomain (15ms)
	RebuildCommonClasses (6ms)
	RebuildNativeTypeToScriptingClass (24ms)
	initialDomainReloadingComplete (113ms)
	LoadAllAssembliesAndSetupDomain (331ms)
		LoadAssemblies (184ms)
		AnalyzeDomain (244ms)
			TypeCache.Refresh (243ms)
				TypeCache.ScanAssembly (225ms)
	FinalizeReload (566ms)
		SetupLoadedEditorAssemblies (0ms)
			InitializePlatformSupportModulesInManaged (3ms)
			BeforeProcessingInitializeOnLoad (100ms)
			ProcessInitializeOnLoadAttributes (115ms)
			ProcessInitializeOnLoadMethodAttributes (251ms)
[Licensing::Client] Successfully resolved entitlement details
Application.AssetDatabase Initial Refresh Start
[Package Manager] Restoring resolved packages state from cache
[Licensing::Client] Successfully resolved entitlement details
[Package Manager] Registered 65 packages:
  Packages from [https://packages.unity.com]:
    com.unity.2d.animation@15.1.0 (location: C:\Users\thhon\UnityFiles\TlimFinalProj2Dshooter\Library\PackageCache\com.unity.2d.animation@6d5a363ae647)
    com.unity.2d.aseprite@5.0.3 (location: C:\Users\thhon\UnityFiles\TlimFinalProj2Dshooter\Library\PackageCache\com.unity.2d.aseprite@d13865913efa)
    com.unity.2d.psdimporter@14.0.3 (location: C:\Users\thhon\UnityFiles\TlimFinalProj2Dshooter\Library\PackageCache\com.unity.2d.psdimporter@5d82044f9e43)
    com.unity.2d.spriteshape@15.0.3 (location: C:\Users\thhon\UnityFiles\TlimFinalProj2Dshooter\Library\PackageCache\com.unity.2d.spriteshape@fcb7ec61a58b)
    com.unity.2d.tilemap.extras@8.0.3 (location: C:\Users\thhon\UnityFiles\TlimFinalProj2Dshooter\Library\PackageCache\com.unity.2d.tilemap.extras@a80140457adc)
    com.unity.2d.tooling@3.0.1 (location: C:\Users\thhon\UnityFiles\TlimFinalProj2Dshooter\Library\PackageCache\com.unity.2d.tooling@6f06ffb033c0)
    com.unity.collab-proxy@2.12.4 (location: C:\Users\thhon\UnityFiles\TlimFinalProj2Dshooter\Library\PackageCache\com.unity.collab-proxy@0b1559bcd34e)
    com.unity.ide.rider@3.0.38 (location: C:\Users\thhon\UnityFiles\TlimFinalProj2Dshooter\Library\PackageCache\com.unity.ide.rider@1f60b3138684)
    com.unity.ide.visualstudio@2.0.26 (location: C:\Users\thhon\UnityFiles\TlimFinalProj2Dshooter\Library\PackageCache\com.unity.ide.visualstudio@a99d56dec63f)
    com.unity.inputsystem@1.19.0 (location: C:\Users\thhon\UnityFiles\TlimFinalProj2Dshooter\Library\PackageCache\com.unity.inputsystem@21a28c3a6c83)
    com.unity.timeline@1.8.12 (location: C:\Users\thhon\UnityFiles\TlimFinalProj2Dshooter\Library\PackageCache\com.unity.timeline@8cd8509afae5)
    com.unity.visualscripting@1.9.11 (location: C:\Users\thhon\UnityFiles\TlimFinalProj2Dshooter\Library\PackageCache\com.unity.visualscripting@8bed5ad90189)
    com.unity.2d.common@14.0.1 (location: C:\Users\thhon\UnityFiles\TlimFinalProj2Dshooter\Library\PackageCache\com.unity.2d.common@73badf92ba8b)
    com.unity.searcher@4.9.4 (location: C:\Users\thhon\UnityFiles\TlimFinalProj2Dshooter\Library\PackageCache\com.unity.searcher@d45a78918735)
    com.unity.burst@1.8.29 (location: C:\Users\thhon\UnityFiles\TlimFinalProj2Dshooter\Library\PackageCache\com.unity.burst@6bb9aca3ef38)
    com.unity.nuget.mono-cecil@1.11.6 (location: C:\Users\thhon\UnityFiles\TlimFinalProj2Dshooter\Library\PackageCache\com.unity.nuget.mono-cecil@ecb9724e46ff)
    com.unity.test-framework.performance@3.5.0 (location: C:\Users\thhon\UnityFiles\TlimFinalProj2Dshooter\Library\PackageCache\com.unity.test-framework.performance@8b56083ec0f0)
  Built-in packages:
    com.unity.2d.sprite@1.0.0 (location: C:\Users\thhon\UnityFiles\TlimFinalProj2Dshooter\Library\PackageCache\com.unity.2d.sprite@053a968eab56)
    com.unity.2d.tilemap@1.0.0 (location: C:\Users\thhon\UnityFiles\TlimFinalProj2Dshooter\Library\PackageCache\com.unity.2d.tilemap@be0bacb99591)
    com.unity.multiplayer.center@1.0.1 (location: C:\Users\thhon\UnityFiles\TlimFinalProj2Dshooter\Library\PackageCache\com.unity.multiplayer.center@b860850997d0)
    com.unity.render-pipelines.universal@17.5.0 (location: C:\Users\thhon\UnityFiles\TlimFinalProj2Dshooter\Library\PackageCache\com.unity.render-pipelines.universal@748d7458cc62)
    com.unity.test-framework@1.7.0 (location: C:\Users\thhon\UnityFiles\TlimFinalProj2Dshooter\Library\PackageCache\com.unity.test-framework@1405238725ab)
    com.unity.ugui@2.5.0 (location: C:\Users\thhon\UnityFiles\TlimFinalProj2Dshooter\Library\PackageCache\com.unity.ugui@3d1ea40b73ef)
    com.unity.modules.accessibility@1.0.0 (location: C:\Users\thhon\UnityFiles\TlimFinalProj2Dshooter\Library\PackageCache\com.unity.modules.accessibility)
    com.unity.modules.adaptiveperformance@1.0.0 (location: C:\Users\thhon\UnityFiles\TlimFinalProj2Dshooter\Library\PackageCache\com.unity.modules.adaptiveperformance)
    com.unity.modules.ai@1.0.0 (location: C:\Users\thhon\UnityFiles\TlimFinalProj2Dshooter\Library\PackageCache\com.unity.modules.ai)
    com.unity.modules.androidjni@1.0.0 (location: C:\Users\thhon\UnityFiles\TlimFinalProj2Dshooter\Library\PackageCache\com.unity.modules.androidjni)
    com.unity.modules.animation@1.0.0 (location: C:\Users\thhon\UnityFiles\TlimFinalProj2Dshooter\Library\PackageCache\com.unity.modules.animation)
    com.unity.modules.assetbundle@1.0.0 (location: C:\Users\thhon\UnityFiles\TlimFinalProj2Dshooter\Library\PackageCache\com.unity.modules.assetbundle)
    com.unity.modules.audio@1.0.0 (location: C:\Users\thhon\UnityFiles\TlimFinalProj2Dshooter\Library\PackageCache\com.unity.modules.audio)
    com.unity.modules.cloth@1.0.0 (location: C:\Users\thhon\UnityFiles\TlimFinalProj2Dshooter\Library\PackageCache\com.unity.modules.cloth)
    com.unity.modules.director@1.0.0 (location: C:\Users\thhon\UnityFiles\TlimFinalProj2Dshooter\Library\PackageCache\com.unity.modules.director)
    com.unity.modules.imageconversion@1.0.0 (location: C:\Users\thhon\UnityFiles\TlimFinalProj2Dshooter\Library\PackageCache\com.unity.modules.imageconversion)
    com.unity.modules.imgui@1.0.0 (location: C:\Users\thhon\UnityFiles\TlimFinalProj2Dshooter\Library\PackageCache\com.unity.modules.imgui)
    com.unity.modules.jsonserialize@1.0.0 (location: C:\Users\thhon\UnityFiles\TlimFinalProj2Dshooter\Library\PackageCache\com.unity.modules.jsonserialize)
    com.unity.modules.particlesystem@1.0.0 (location: C:\Users\thhon\UnityFiles\TlimFinalProj2Dshooter\Library\PackageCache\com.unity.modules.particlesystem)
    com.unity.modules.physics@1.0.0 (location: C:\Users\thhon\UnityFiles\TlimFinalProj2Dshooter\Library\PackageCache\com.unity.modules.physics)
    com.unity.modules.physics2d@1.0.0 (location: C:\Users\thhon\UnityFiles\TlimFinalProj2Dshooter\Library\PackageCache\com.unity.modules.physics2d)
    com.unity.modules.physicscore2d@1.0.0 (location: C:\Users\thhon\UnityFiles\TlimFinalProj2Dshooter\Library\PackageCache\com.unity.modules.physicscore2d)
    com.unity.modules.screencapture@1.0.0 (location: C:\Users\thhon\UnityFiles\TlimFinalProj2Dshooter\Library\PackageCache\com.unity.modules.screencapture)
    com.unity.modules.terrain@1.0.0 (location: C:\Users\thhon\UnityFiles\TlimFinalProj2Dshooter\Library\PackageCache\com.unity.modules.terrain)
    com.unity.modules.terrainphysics@1.0.0 (location: C:\Users\thhon\UnityFiles\TlimFinalProj2Dshooter\Library\PackageCache\com.unity.modules.terrainphysics)
    com.unity.modules.tilemap@1.0.0 (location: C:\Users\thhon\UnityFiles\TlimFinalProj2Dshooter\Library\PackageCache\com.unity.modules.tilemap)
    com.unity.modules.ui@1.0.0 (location: C:\Users\thhon\UnityFiles\TlimFinalProj2Dshooter\Library\PackageCache\com.unity.modules.ui)
    com.unity.modules.uielements@1.0.0 (location: C:\Users\thhon\UnityFiles\TlimFinalProj2Dshooter\Library\PackageCache\com.unity.modules.uielements)
    com.unity.modules.umbra@1.0.0 (location: C:\Users\thhon\UnityFiles\TlimFinalProj2Dshooter\Library\PackageCache\com.unity.modules.umbra)
    com.unity.modules.unityanalytics@1.0.0 (location: C:\Users\thhon\UnityFiles\TlimFinalProj2Dshooter\Library\PackageCache\com.unity.modules.unityanalytics)
    com.unity.modules.unitywebrequest@1.0.0 (location: C:\Users\thhon\UnityFiles\TlimFinalProj2Dshooter\Library\PackageCache\com.unity.modules.unitywebrequest)
    com.unity.modules.unitywebrequestassetbundle@1.0.0 (location: C:\Users\thhon\UnityFiles\TlimFinalProj2Dshooter\Library\PackageCache\com.unity.modules.unitywebrequestassetbundle)
    com.unity.modules.unitywebrequestaudio@1.0.0 (location: C:\Users\thhon\UnityFiles\TlimFinalProj2Dshooter\Library\PackageCache\com.unity.modules.unitywebrequestaudio)
    com.unity.modules.unitywebrequesttexture@1.0.0 (location: C:\Users\thhon\UnityFiles\TlimFinalProj2Dshooter\Library\PackageCache\com.unity.modules.unitywebrequesttexture)
    com.unity.modules.unitywebrequestwww@1.0.0 (location: C:\Users\thhon\UnityFiles\TlimFinalProj2Dshooter\Library\PackageCache\com.unity.modules.unitywebrequestwww)
    com.unity.modules.vectorgraphics@1.0.0 (location: C:\Users\thhon\UnityFiles\TlimFinalProj2Dshooter\Library\PackageCache\com.unity.modules.vectorgraphics)
    com.unity.modules.vehicles@1.0.0 (location: C:\Users\thhon\UnityFiles\TlimFinalProj2Dshooter\Library\PackageCache\com.unity.modules.vehicles)
    com.unity.modules.video@1.0.0 (location: C:\Users\thhon\UnityFiles\TlimFinalProj2Dshooter\Library\PackageCache\com.unity.modules.video)
    com.unity.modules.wind@1.0.0 (location: C:\Users\thhon\UnityFiles\TlimFinalProj2Dshooter\Library\PackageCache\com.unity.modules.wind)
    com.unity.modules.xr@1.0.0 (location: C:\Users\thhon\UnityFiles\TlimFinalProj2Dshooter\Library\PackageCache\com.unity.modules.xr)
    com.unity.modules.subsystems@1.0.0 (location: C:\Users\thhon\UnityFiles\TlimFinalProj2Dshooter\Library\PackageCache\com.unity.modules.subsystems)
    com.unity.modules.hierarchycore@1.0.0 (location: C:\Users\thhon\UnityFiles\TlimFinalProj2Dshooter\Library\PackageCache\com.unity.modules.hierarchycore)
    com.unity.ext.nunit@2.1.0 (location: C:\Users\thhon\UnityFiles\TlimFinalProj2Dshooter\Library\PackageCache\com.unity.ext.nunit@44f7d31723bd)
    com.unity.render-pipelines.core@17.5.0 (location: C:\Users\thhon\UnityFiles\TlimFinalProj2Dshooter\Library\PackageCache\com.unity.render-pipelines.core@9fe9377312a8)
    com.unity.shadergraph@17.5.0 (location: C:\Users\thhon\UnityFiles\TlimFinalProj2Dshooter\Library\PackageCache\com.unity.shadergraph@2df19e8719bc)
    com.unity.render-pipelines.universal-config@17.5.0 (location: C:\Users\thhon\UnityFiles\TlimFinalProj2Dshooter\Library\PackageCache\com.unity.render-pipelines.universal-config@fdda01c80fe3)
    com.unity.mathematics@1.4.0 (location: C:\Users\thhon\UnityFiles\TlimFinalProj2Dshooter\Library\PackageCache\com.unity.mathematics@981956d94fb6)
    com.unity.collections@6.5.0 (location: C:\Users\thhon\UnityFiles\TlimFinalProj2Dshooter\Library\PackageCache\com.unity.collections@a43cabe808ca)
[Subsystems] No new subsystems found in resolved package list.
[Package Manager] Done registering packages in 0.05 seconds
info: Microsoft.Hosting.Lifetime[14]
      Now listening on: http://localhost:80
info: Microsoft.Hosting.Lifetime[0]
      Application started. Press Ctrl+C to shut down.
info: Microsoft.Hosting.Lifetime[0]
      Hosting environment: Production
info: Microsoft.Hosting.Lifetime[0]
      Content root path: C:\Users\thhon\UnityFiles\TlimFinalProj2Dshooter
info: Microsoft.AspNetCore.Hosting.Diagnostics[1]
      Request starting HTTP/2 POST http://ilpp/UnityILPP.PostProcessing/Ping - application/grpc -
info: Microsoft.AspNetCore.Routing.EndpointMiddleware[0]
      Executing endpoint 'gRPC - /UnityILPP.PostProcessing/Ping'
info: Microsoft.AspNetCore.Routing.EndpointMiddleware[1]
      Executed endpoint 'gRPC - /UnityILPP.PostProcessing/Ping'
info: Microsoft.AspNetCore.Hosting.Diagnostics[2]
      Request finished HTTP/2 POST http://ilpp/UnityILPP.PostProcessing/Ping - 200 - application/grpc 28.3610ms
Starting: C:\Program Files\Unity\Hub\Editor\6000.5.2f1\Editor\Data\Tools\BuildPipeline\bee_backend.exe --ipc --defer-dag-verification --dagfile="Library/Bee/1900b0aE.dag" --continue-on-failure --profile="Library/Bee/backend1.traceevents" ScriptAssemblies
WorkingDir: C:/Users/thhon/UnityFiles/TlimFinalProj2Dshooter
info: Microsoft.AspNetCore.Hosting.Diagnostics[1]
      Request starting HTTP/2 POST http://ilpp/UnityILPP.PostProcessing/ConfigurePostProcessors - application/grpc -
info: Microsoft.AspNetCore.Routing.EndpointMiddleware[0]
      Executing endpoint 'gRPC - /UnityILPP.PostProcessing/ConfigurePostProcessors'
warn: Unity.ILPP.Runner.PostProcessingAssemblyLoadContext[0]
      Assembly system.runtime.interopservices.windowsruntime has duplicate hint path. Ignoring "C:\Program Files\Unity\Hub\Editor\6000.5.2f1\Editor\Data\UnityReferenceAssemblies\unity-4.8-api\Facades\System.Runtime.InteropServices.WindowsRuntime.dll" in favor of "C:\Program Files\Unity\Hub\Editor\6000.5.2f1\Editor\Data\NetStandard\Extensions\2.0.0\System.Runtime.InteropServices.WindowsRuntime.dll"
warn: Unity.ILPP.Runner.PostProcessingAssemblyLoadContext[0]
      Assembly system.componentmodel.composition has duplicate hint path. Ignoring "C:\Program Files\Unity\Hub\Editor\6000.5.2f1\Editor\Data\UnityReferenceAssemblies\unity-4.8-api\System.ComponentModel.Composition.dll" in favor of "C:\Program Files\Unity\Hub\Editor\6000.5.2f1\Editor\Data\NetStandard\compat\2.1.0\shims\netfx\System.ComponentModel.Composition.dll"
info: Unity.ILPP.Runner.PostProcessingAssemblyLoadContext[0]
      Resolved Unity.Burst.Cecil, Version=0.11.6.0, Culture=neutral, PublicKeyToken=50cebf1cceb9d05e with Library\PackageCache\com.unity.burst@6bb9aca3ef38\Unity.Burst.CodeGen\Unity.Burst.Cecil.dll
info: Unity.ILPP.Runner.PostProcessingAssemblyLoadContext[0]
      Resolved Mono.Cecil, Version=0.11.5.0, Culture=neutral, PublicKeyToken=50cebf1cceb9d05e with Library\PackageCache\com.unity.nuget.mono-cecil@ecb9724e46ff\Mono.Cecil.dll
info: Microsoft.AspNetCore.Routing.EndpointMiddleware[1]
      Executed endpoint 'gRPC - /UnityILPP.PostProcessing/ConfigurePostProcessors'
info: Microsoft.AspNetCore.Hosting.Diagnostics[2]
      Request finished HTTP/2 POST http://ilpp/UnityILPP.PostProcessing/ConfigurePostProcessors - 200 - application/grpc 422.7505ms
ExitCode: 0 Duration: 1s253ms
[ 856/1100  0s] ILPP-Configuration Library/ilpp-configuration.nevergeneratedoutput
*** Tundra build success (1.19 seconds), 1 items updated, 1100 evaluated
AssetDatabase: script compilation time: 1.915248s
Begin MonoManager ReloadAssembly
Refreshing native plugins compatible for Editor in 27.73 ms, found 5 plugins.
Native extension for WindowsStandalone target not found
Refreshing native plugins compatible for Editor in 4.45 ms, found 5 plugins.
ScheduleIndexationOnStartup MainProcess:True IndexOnStartup:True
Mono: successfully reloaded assembly
- Finished resetting the current domain, in  3.869 seconds
Domain Reload Profiling: 5403ms
	BeginReloadAssembly (465ms)
		DisableScriptedObjects (30ms)
		CreateAndSetChildDomain (187ms)
	RebuildCommonClasses (10ms)
	RebuildNativeTypeToScriptingClass (21ms)
	initialDomainReloadingComplete (94ms)
	LoadAllAssembliesAndSetupDomain (942ms)
		LoadAssemblies (697ms)
		AnalyzeDomain (271ms)
			TypeCache.Refresh (187ms)
				TypeCache.ScanAssembly (174ms)
			BuildScriptInfoCaches (75ms)
			ResolveRequiredComponents (6ms)
	FinalizeReload (3870ms)
		SetupLoadedEditorAssemblies (0ms)
			InitializePlatformSupportModulesInManaged (3ms)
			BeforeProcessingInitializeOnLoad (92ms)
			ProcessInitializeOnLoadAttributes (2644ms)
			ProcessInitializeOnLoadMethodAttributes (645ms)
			AfterProcessingInitializeOnLoad (14ms)
		AwakeInstancesAfterBackupRestoration (35ms)
Starting new worker id: 0 with log in C:/Users/thhon/UnityFiles/TlimFinalProj2Dshooter/Logs/AssetImportWorkerHW0.log

Asset Pipeline Refresh (id=db19e91944e4c0b4ebcad42a4cbf60f2): Total: 9.305 seconds - Initiated by InitialRefreshV2(ForceSynchronousImport)
	(Values over 0.05ms)
	Summary:
		Imports: total=0 (actual=0, local cache=0, cache server=0)
		Asset DB Process Time: managed=0 ms, native=5403 ms
		Asset DB Callback time: managed=151 ms, native=60 ms
		Scripting: domain reloads=1, domain reload time=1668 ms, compile time=1919 ms, other=101 ms
		Project Asset Count: scripts=1564, non-scripts=3214
		Asset File Changes: new=0, changed=0, moved=0, deleted=0
		Scan Filter Count: 0
	InvokePackagesCallback: 65.520ms
	ApplyChangesToAssetFolders: 1.487ms
	Scan: 533.581ms
	Collect global state as custom dependencies: 6.318ms
	CategorizeScriptCompilationAssets: 195.369ms
	ProcessAssetsWithTransientArtifactChanges: 102.006ms
	CategorizeAssets: 78.911ms
	CompileScripts: 1918.906ms
	ImportOutOfDateAssets: 4006.573ms (3928.834ms without children)
		UnloadImportedAssets: 0.794ms
		EnsureUptoDateAssetsAreRegisteredWithGuidPM: 0.872ms
		ImportSchedulerStart: 76.026ms
	PostProcessAllAssets: 151.697ms
		MonoPostProcessAllAssets: 151.630ms
			UniversalRenderPipelineGlobalSettingsPostprocessor.OnPostprocessAllAssets 53.280ms
			SpeedTree9Postprocessor.OnPostprocessAllAssets 8.386ms
			WindowAssetPostprocessingWatcher.OnPostprocessAllAssets 7.133ms
			ShaderReflectionAssetPostProcessor.OnPostprocessAllAssets 2.958ms
			RenderPipelineGlobalSettingsPostprocessor.OnPostprocessAllAssets 1.971ms
			InputActionAssetPostprocessor.OnPostprocessAllAssets 1.337ms
			ReferencedClipsPostProcessor.OnPostprocessAllAssets 0.942ms
			AssetDatabaseCallbacks.OnPostprocessAllAssets 0.656ms
			TerrainToolbarOverlayPostProcessor.OnPostprocessAllAssets 0.576ms
			ProjectSettingsPostprocessor.OnPostprocessAllAssets 0.519ms
			SyncVS.PostprocessSyncProject 0.285ms
	UnloadStreamsBegin: 4.279ms
	PersistCurrentRevisions: 0.332ms
	GenerateScriptTypeHashes: 2.833ms
	GenerateScriptTypeSerializationHashes: 5.331ms
	Untracked: 2231.192ms

Application.AssetDatabase Initial Refresh End
Launched and connected shader compiler UnityShaderCompiler.exe after 0.04 seconds
Scanning for USB devices : 9.458ms
Initializing Unity extensions:
[MODES] ModeService[none].Initialize
[MODES] ModeService[none].LoadModes
[MODES] Loading mode Default (0) for mode-current-id-TlimFinalProj2Dshooter
Unloading 31 Unused Serialized files (Serialized files now loaded: 0)
Loaded scene 'Assets/Scenes/SampleScene.unity'
	Deserialize:            112.668 ms
	Integration:            533.640 ms
	Integration of assets:  36.490 ms
	Thread Wait Time:       0.613 ms
	Total Operation Time:   683.410 ms
Unloading 7210 unused Assets / (5.9 MB). Loaded Objects now: 8239.
Memory consumption went from 434.9 MB to 429.0 MB.
Total: 29.550200 ms (FindLiveObjects: 1.452500 ms CreateObjectMapping: 7.081200 ms MarkObjects: 10.612400 ms  DeleteObjects: 10.089400 ms)

[LAYOUT] About to load UserSettings\Layouts\default-6000.dwlt, keepMainWindow=False
[LAYOUT] About to save layout C:\Users\thhon\UnityFiles\TlimFinalProj2Dshooter\UserSettings\Layouts\default-6000.dwlt
[LAYOUT] About to save layout C:/Users/thhon/AppData/Roaming/Unity/Editor-5.x/Preferences\Layouts\current\default-6000.dwlt
[MODES] ModeService[default].InitializeCurrentMode
[MODES] ModeService[default].RaiseModeChanged(default, default)
<RI> Initializing input.
Using Windows.Gaming.Input
[Project] Loading completed in 19.885 seconds
	Project init time: 				16.053 seconds
		Template init time: 		0.000 seconds
		Package Manager init time: 		1.549 seconds
		Asset Database init time: 		0.485 seconds
		Global illumination init time: 	0.008 seconds
		Assemblies load time: 			1.513 seconds
		Unity extensions init time: 	0.067 seconds
		Asset Database refresh time: 	9.305 seconds
	Scene opening time: 			3.356 seconds
##utp:{"type":"ProjectInfo","version":2,"phase":"Immediate","time":1785449905280,"processId":728,"projectLoad":19.8852483,"projectInit":16.053424,"templateInit":0.0,"packageManagerInit":1.5493733,"assetDatabaseInit":0.4854414,"globalIlluminationInit":0.0083103,"assembliesLoad":1.5127068,"unityExtensionsInit":0.0668101,"assetDatabaseRefresh":9.30532,"sceneOpening":3.3562691}
##utp:{"type":"EditorInfo","version":2,"phase":"Immediate","time":1785449905281,"processId":728,"editorVersion":"6000.5.2f1 (eb73d3b415a1)","branch":"6000.5/staging","buildType":"Release","platform":"Windows"}
Worker ready: AssetImportWorkerHW0 0
Asset Pipeline Refresh (id=c4c007e24c93ff44998f6720eedd218e): Total: 0.299 seconds - Initiated by RefreshV2(AllowForceSynchronousImport)
Start Indexing on Editor startup
[Indexing] Starting Initial Indexing for Assets
Created GICache directory at C:/Users/thhon/AppData/LocalLow/Unity/Caches/GiCache. Took: 0.087s, timestamps: [22.879 - 22.966]
[Licensing::Client] Successfully resolved entitlement details
[Licensing::Client] Successfully resolved entitlement details
[Licensing::Client] Successfully updated the access token
[Licensing::Module] Successfully updated access token: "os2BGVnJ"... (expires: 2026-07-30T23:47:24Z)
[Licensing::Client] Successfully resolved entitlement details
UPID Received '152c756f-0793-4e0d-be5b-05c4053e3690'.
TrimDiskCacheJob: Current cache size 0mb
Asset Pipeline Refresh (id=6c2e6a462e1d90840bdc3df7b7eb721e): Total: 0.018 seconds - Initiated by RefreshV2(AllowForceSynchronousImport)
Asset Pipeline Refresh (id=cf4f542f14a431e4bb59d853227af0a4): Total: 0.015 seconds - Initiated by RefreshV2(AllowForceSynchronousImport)
Asset Pipeline Refresh (id=44c9b70029ca8f64d832a64fcb3d4ec1): Total: 0.019 seconds - Initiated by RefreshV2(AllowForceSynchronousImport)
Asset Pipeline Refresh (id=aea3e7688bb7b7c4ba877678d81bec6f): Total: 0.015 seconds - Initiated by RefreshV2(AllowForceSynchronousImport)
Asset Pipeline Refresh (id=1de309d14fb4a6046af8805dabbc9263): Total: 0.020 seconds - Initiated by RefreshV2(AllowForceSynchronousImport)
Asset Pipeline Refresh (id=9a45b38767fc2a1439e8fb2de32881f1): Total: 0.027 seconds - Initiated by RefreshV2(AllowForceSynchronousImport)
Asset Pipeline Refresh (id=a8d5cb26af485784796f3e594afebd25): Total: 0.008 seconds - Initiated by RefreshV2(AllowForceSynchronousImport)
SpriteAtlasPacking completed in 0.008787 sec
Entering Playmode with Reload Domain disabled.
If you experience any issues, please disable "Enter Play Mode Options" in Editor Settings
Loaded scene 'Temp/__Backupscenes/0.backup'
	Deserialize:            3.776 ms
	Integration:            279.675 ms
	Integration of assets:  0.033 ms
	Thread Wait Time:       0.020 ms
	Total Operation Time:   283.503 ms
Asset Pipeline Refresh (id=b2442ef49081a9a48b730ff2d089ccda): Total: 0.051 seconds - Initiated by RefreshV2(NoUpdateAssetOptions)
Asset Pipeline Refresh (id=8d7f53ed9617f4f48bfdd34c9ea2576d): Total: 0.012 seconds - Initiated by RefreshV2(NoUpdateAssetOptions)
Asset Pipeline Refresh (id=8b3028eb253f5d040b22313b3d1bfa08): Total: 0.012 seconds - Initiated by RefreshV2(NoUpdateAssetOptions)
Asset Pipeline Refresh (id=95b70dffb84dd1540a70566d69999a64): Total: 0.018 seconds - Initiated by RefreshV2(NoUpdateAssetOptions)
Unloading 0 Unused Serialized files (Serialized files now loaded: 0)
Loaded scene 'Temp/__Backupscenes/0.backup'
	Deserialize:            3.650 ms
	Integration:            307.896 ms
	Integration of assets:  0.009 ms
	Thread Wait Time:       0.061 ms
	Total Operation Time:   311.616 ms
Unloading 52 unused Assets / (18.4 MB). Loaded Objects now: 9293.
Memory consumption went from 0.62 GB to 0.60 GB.
Total: 33.836400 ms (FindLiveObjects: 0.624800 ms CreateObjectMapping: 1.782000 ms MarkObjects: 20.491600 ms  DeleteObjects: 10.935800 ms)

[Licensing::Client] Successfully resolved entitlement details
Starting new worker id: 1 with log in C:/Users/thhon/UnityFiles/TlimFinalProj2Dshooter/Logs/AssetImportWorkerHW1.log
[Worker0] Imported GUID: 1cdc5b506b1a4a33a53c30669ced1f51 - Path: Assets/TextMesh Pro/Examples & Extras/Textures/Fruit Jelly (B&W).jpg - Importer: PreviewImporter -> (ImportResultId: 'fa4067c1141667c4bfe5340866728452') in 0.1633623 seconds
Worker ready: AssetImportWorkerHW1 1
SpriteAtlasPacking completed in 0.008848 sec
Entering Playmode with Reload Domain disabled.
If you experience any issues, please disable "Enter Play Mode Options" in Editor Settings
Loaded scene 'Temp/__Backupscenes/0.backup'
	Deserialize:            2.592 ms
	Integration:            253.902 ms
	Integration of assets:  0.039 ms
	Thread Wait Time:       0.022 ms
	Total Operation Time:   256.556 ms
Material does not have a _Color property.
UnityEngine.Debug:ExtractStackTraceNoAlloc (byte*,int,string)
UnityEngine.StackTraceUtility:ExtractStackTrace ()
UnityEngine.DebugLogHandler:Internal_Log (UnityEngine.LogType,UnityEngine.LogOption,string,UnityEngine.Object)
UnityEngine.DebugLogHandler:LogFormat (UnityEngine.LogType,UnityEngine.Object,string,object[])
UnityEngine.Logger:Log (UnityEngine.LogType,object)
UnityEngine.Debug:LogWarning (object)
BackGroundScrollScript:Start () (at Assets/Scripts/BackGroundScrollScript.cs:19)

(Filename: Assets/Scripts/BackGroundScrollScript.cs Line: 19)

Unloading 44 Unused Serialized files (Serialized files now loaded: 0)
Loaded scene 'Temp/__Backupscenes/0.backup'
	Deserialize:            2.202 ms
	Integration:            291.926 ms
	Integration of assets:  0.009 ms
	Thread Wait Time:       0.032 ms
	Total Operation Time:   294.168 ms
Unloading 204 unused Assets / (161.7 MB). Loaded Objects now: 9386.
Memory consumption went from 0.78 GB to 0.62 GB.
Total: 49.537700 ms (FindLiveObjects: 0.554100 ms CreateObjectMapping: 1.625600 ms MarkObjects: 16.987000 ms  DeleteObjects: 30.369300 ms)

[Licensing::Client] Successfully resolved entitlement details
Asset Pipeline Refresh (id=d7adaa56e100f1b4da5977f76f100665): Total: 0.033 seconds - Initiated by RefreshV2(AllowForceSynchronousImport)
SpriteAtlasPacking completed in 0.010181 sec
Entering Playmode with Reload Domain disabled.
If you experience any issues, please disable "Enter Play Mode Options" in Editor Settings
Loaded scene 'Temp/__Backupscenes/0.backup'
	Deserialize:            3.690 ms
	Integration:            278.365 ms
	Integration of assets:  0.139 ms
	Thread Wait Time:       0.027 ms
	Total Operation Time:   282.222 ms
Material does not have a _Color property.
UnityEngine.Debug:ExtractStackTraceNoAlloc (byte*,int,string)
UnityEngine.StackTraceUtility:ExtractStackTrace ()
UnityEngine.DebugLogHandler:Internal_Log (UnityEngine.LogType,UnityEngine.LogOption,string,UnityEngine.Object)
UnityEngine.DebugLogHandler:LogFormat (UnityEngine.LogType,UnityEngine.Object,string,object[])
UnityEngine.Logger:Log (UnityEngine.LogType,object)
UnityEngine.Debug:LogWarning (object)
BackGroundScrollScript:Start () (at Assets/Scripts/BackGroundScrollScript.cs:19)

(Filename: Assets/Scripts/BackGroundScrollScript.cs Line: 19)

Asset Pipeline Refresh (id=ecb76bfd94e157d45aac3061f16dbe65): Total: 0.025 seconds - Initiated by RefreshV2(NoUpdateAssetOptions)
Asset Pipeline Refresh (id=801ebaaf11516de4aa269860a2da0281): Total: 0.015 seconds - Initiated by RefreshV2(NoUpdateAssetOptions)
Scanning for USB devices : 5.007ms
IPCStream (hubIPCService): IPC stream failed to read (Not connected)
Asset Pipeline Refresh (id=723d0fcb8f8740647a24df3c774c54ed): Total: 0.015 seconds - Initiated by RefreshV2(NoUpdateAssetOptions)
Asset Pipeline Refresh (id=b4e074bf015e1df42937dbd2eefcf07c): Total: 0.007 seconds - Initiated by RefreshV2(NoUpdateAssetOptions)
Asset Pipeline Refresh (id=5e99696b5b9c0984b8117245d18c787f): Total: 0.015 seconds - Initiated by RefreshV2(NoUpdateAssetOptions)
Asset Pipeline Refresh (id=bb9ebaaec29d4db459515238299e5df1): Total: 0.015 seconds - Initiated by RefreshV2(NoUpdateAssetOptions)
Unloading 0 Unused Serialized files (Serialized files now loaded: 0)
UnloadTime: 1.784700 ms
Loaded scene 'Temp/__Backupscenes/0.backup'
	Deserialize:            3.282 ms
	Integration:            279.943 ms
	Integration of assets:  0.002 ms
	Thread Wait Time:       3.491 ms
	Total Operation Time:   286.719 ms
Unloading 1 unused Assets / (454.8 KB). Loaded Objects now: 9487.
Memory consumption went from 0.61 GB to 0.61 GB.
Total: 21.445700 ms (FindLiveObjects: 0.955600 ms CreateObjectMapping: 1.271600 ms MarkObjects: 19.131800 ms  DeleteObjects: 0.084700 ms)

Material does not have a _Color property.
UnityEngine.Debug:ExtractStackTraceNoAlloc (byte*,int,string)
UnityEngine.StackTraceUtility:ExtractStackTrace ()
UnityEngine.DebugLogHandler:Internal_Log (UnityEngine.LogType,UnityEngine.LogOption,string,UnityEngine.Object)
UnityEngine.DebugLogHandler:LogFormat (UnityEngine.LogType,UnityEngine.Object,string,object[])
UnityEngine.Logger:Log (UnityEngine.LogType,object)
UnityEngine.Debug:LogWarning (object)
BackGroundScrollScript:Start () (at Assets/Scripts/BackGroundScrollScript.cs:19)

(Filename: Assets/Scripts/BackGroundScrollScript.cs Line: 19)

Unloading 6 Unused Serialized files (Serialized files now loaded: 0)
UnloadTime: 1.004500 ms
Loaded scene 'Temp/__Backupscenes/0.backup'
	Deserialize:            2.107 ms
	Integration:            244.138 ms
	Integration of assets:  0.002 ms
	Thread Wait Time:       3.543 ms
	Total Operation Time:   249.789 ms
Unloading 1 unused Assets / (321.3 KB). Loaded Objects now: 9487.
Memory consumption went from 0.61 GB to 0.61 GB.
Total: 21.561600 ms (FindLiveObjects: 0.607400 ms CreateObjectMapping: 1.734800 ms MarkObjects: 19.160500 ms  DeleteObjects: 0.057600 ms)

Material does not have a _Color property.
UnityEngine.Debug:ExtractStackTraceNoAlloc (byte*,int,string)
UnityEngine.StackTraceUtility:ExtractStackTrace ()
UnityEngine.DebugLogHandler:Internal_Log (UnityEngine.LogType,UnityEngine.LogOption,string,UnityEngine.Object)
UnityEngine.DebugLogHandler:LogFormat (UnityEngine.LogType,UnityEngine.Object,string,object[])
UnityEngine.Logger:Log (UnityEngine.LogType,object)
UnityEngine.Debug:LogWarning (object)
BackGroundScrollScript:Start () (at Assets/Scripts/BackGroundScrollScript.cs:19)

(Filename: Assets/Scripts/BackGroundScrollScript.cs Line: 19)

Asset Pipeline Refresh (id=018bbf2031bb15141a9e7ccb3dfaea4d): Total: 0.012 seconds - Initiated by RefreshV2(NoUpdateAssetOptions)
Asset Pipeline Refresh (id=f1be19fb6958ce148ac7f3eb55e0b520): Total: 0.009 seconds - Initiated by RefreshV2(NoUpdateAssetOptions)
Unloading 6 Unused Serialized files (Serialized files now loaded: 0)
Loaded scene 'Temp/__Backupscenes/0.backup'
	Deserialize:            2.505 ms
	Integration:            266.039 ms
	Integration of assets:  0.006 ms
	Thread Wait Time:       0.008 ms
	Total Operation Time:   268.557 ms
Unloading 0 unused Assets / (415.6 KB). Loaded Objects now: 9386.
Memory consumption went from 0.61 GB to 0.61 GB.
Total: 25.799400 ms (FindLiveObjects: 0.853100 ms CreateObjectMapping: 2.638900 ms MarkObjects: 22.251800 ms  DeleteObjects: 0.053500 ms)

[Licensing::Client] Successfully resolved entitlement details
Asset Pipeline Refresh (id=0bc0e504839ca4e4098dd0605235be7e): Total: 0.035 seconds - Initiated by RefreshV2(AllowForceSynchronousImport)
[ScriptCompilation] Requested script compilation because: AssetDatabase observed changes in script compilation related files
[Licensing::Client] Successfully resolved entitlement details
info: Microsoft.AspNetCore.Hosting.Diagnostics[1]
      Request starting HTTP/2 POST http://ilpp/UnityILPP.PostProcessing/Ping - application/grpc -
info: Microsoft.AspNetCore.Routing.EndpointMiddleware[0]
      Executing endpoint 'gRPC - /UnityILPP.PostProcessing/Ping'
info: Microsoft.AspNetCore.Routing.EndpointMiddleware[1]
      Executed endpoint 'gRPC - /UnityILPP.PostProcessing/Ping'
info: Microsoft.AspNetCore.Hosting.Diagnostics[2]
      Request finished HTTP/2 POST http://ilpp/UnityILPP.PostProcessing/Ping - 200 - application/grpc 1.9362ms
Starting: C:\Program Files\Unity\Hub\Editor\6000.5.2f1\Editor\Data\Tools\BuildPipeline\bee_backend.exe --ipc --defer-dag-verification --dagfile="Library/Bee/1900b0aE.dag" --continue-on-failure --profile="Library/Bee/backend1.traceevents" ScriptAssemblies
WorkingDir: C:/Users/thhon/UnityFiles/TlimFinalProj2Dshooter
info: Microsoft.AspNetCore.Hosting.Diagnostics[1]
      Request starting HTTP/2 POST http://ilpp/UnityILPP.PostProcessing/ConfigurePostProcessors - application/grpc -
info: Microsoft.AspNetCore.Routing.EndpointMiddleware[0]
      Executing endpoint 'gRPC - /UnityILPP.PostProcessing/ConfigurePostProcessors'
info: Unity.ILPP.Runner.PostProcessingAssemblyLoadContext[0]
      Current configuration matches the requested one, skipping
info: Microsoft.AspNetCore.Routing.EndpointMiddleware[1]
      Executed endpoint 'gRPC - /UnityILPP.PostProcessing/ConfigurePostProcessors'
info: Microsoft.AspNetCore.Hosting.Diagnostics[2]
      Request finished HTTP/2 POST http://ilpp/UnityILPP.PostProcessing/ConfigurePostProcessors - 200 - application/grpc 6.9501ms
info: Microsoft.AspNetCore.Hosting.Diagnostics[1]
      Request starting HTTP/2 POST http://ilpp/UnityILPP.PostProcessing/PostProcessAssembly - application/grpc -
info: Microsoft.AspNetCore.Routing.EndpointMiddleware[0]
      Executing endpoint 'gRPC - /UnityILPP.PostProcessing/PostProcessAssembly'
info: Unity.ILPP.Runner.PostProcessingPipeline[0]
      Processing assembly Library/Bee/artifacts/1900b0aE.dag/Assembly-CSharp.dll, with 142 defines and 353 references
info: Unity.ILPP.Runner.PostProcessingPipeline[0]
      processors: Unity.Jobs.CodeGen.JobsILPostProcessor, zzzUnity.Burst.CodeGen.BurstILPostProcessor
info: Unity.ILPP.Runner.PostProcessingPipeline[0]
      running Unity.Jobs.CodeGen.JobsILPostProcessor
info: Unity.ILPP.Runner.PostProcessingAssemblyLoadContext[0]
      Resolved Unity.Collections, Version=0.0.0.0, Culture=neutral, PublicKeyToken=null with Library\Bee\artifacts\1900b0aE.dag\Unity.Collections.dll
info: Unity.ILPP.Runner.PostProcessingAssemblyLoadContext[0]
      Resolved UnityEditor.CoreModule, Version=0.0.0.0, Culture=neutral, PublicKeyToken=null with C:\Program Files\Unity\Hub\Editor\6000.5.2f1\Editor\Data\Managed\UnityEngine\UnityEditor.CoreModule.dll
info: Unity.ILPP.Runner.PostProcessingAssemblyLoadContext[0]
      Resolved UnityEngine.CoreModule, Version=0.0.0.0, Culture=neutral, PublicKeyToken=null with C:\Program Files\Unity\Hub\Editor\6000.5.2f1\Editor\Data\Managed\UnityEngine\UnityEngine.CoreModule.dll
info: Unity.ILPP.Runner.PostProcessingAssemblyLoadContext[0]
      Resolved Unity.Scripting, Version=0.0.0.0, Culture=neutral, PublicKeyToken=null with C:\Program Files\Unity\Hub\Editor\6000.5.2f1\Editor\Data\Managed\UnityEngine\Unity.Scripting.dll
info: Unity.ILPP.Runner.PostProcessingPipeline[0]
      running zzzUnity.Burst.CodeGen.BurstILPostProcessor
info: Unity.ILPP.Runner.PostProcessingAssemblyLoadContext[0]
      Resolved Unity.Burst.Cecil.Rocks, Version=0.11.6.0, Culture=neutral, PublicKeyToken=50cebf1cceb9d05e with Library\PackageCache\com.unity.burst@6bb9aca3ef38\Unity.Burst.CodeGen\Unity.Burst.Cecil.Rocks.dll
info: Microsoft.AspNetCore.Routing.EndpointMiddleware[1]
      Executed endpoint 'gRPC - /UnityILPP.PostProcessing/PostProcessAssembly'
info: Microsoft.AspNetCore.Hosting.Diagnostics[2]
      Request finished HTTP/2 POST http://ilpp/UnityILPP.PostProcessing/PostProcessAssembly - 200 - application/grpc 950.9812ms
ExitCode: 0 Duration: 4s122ms
[ 855/1100  0s] ILPP-Configuration Library/ilpp-configuration.nevergeneratedoutput
[1096/1100  2s] Csc Library/Bee/artifacts/1900b0aE.dag/Assembly-CSharp.dll (+2 others)
[1097/1100  1s] ILPostProcess Library/Bee/artifacts/1900b0aE.dag/post-processed/Assembly-CSharp.dll (+pdb)
Processing assembly Library/Bee/artifacts/1900b0aE.dag/Assembly-CSharp.dll, with 142 defines and 353 references

processors: Unity.Jobs.CodeGen.JobsILPostProcessor, zzzUnity.Burst.CodeGen.BurstILPostProcessor

running Unity.Jobs.CodeGen.JobsILPostProcessor

running zzzUnity.Burst.CodeGen.BurstILPostProcessor
[1098/1100  0s] CopyFiles Library/ScriptAssemblies/Assembly-CSharp.pdb
[1099/1100  0s] CopyFiles Library/ScriptAssemblies/Assembly-CSharp.dll
*** Tundra build success (4.05 seconds), 5 items updated, 1100 evaluated
Reloading assemblies after forced synchronous recompile.
Begin MonoManager ReloadAssembly
Refreshing native plugins compatible for Editor in 10.83 ms, found 5 plugins.
Native extension for WindowsStandalone target not found
[MODES] ModeService[none].Initialize
[MODES] ModeService[none].LoadModes
ScheduleIndexationOnStartup MainProcess:True IndexOnStartup:True
Mono: successfully reloaded assembly
- Finished resetting the current domain, in  2.098 seconds
Domain Reload Profiling: 4416ms
	BeginReloadAssembly (1484ms)
		DisableScriptedObjects (281ms)
		CreateAndSetChildDomain (693ms)
	RebuildCommonClasses (10ms)
	RebuildNativeTypeToScriptingClass (16ms)
	initialDomainReloadingComplete (155ms)
	LoadAllAssembliesAndSetupDomain (651ms)
		LoadAssemblies (362ms)
		AnalyzeDomain (316ms)
			TypeCache.Refresh (44ms)
			BuildScriptInfoCaches (262ms)
			ResolveRequiredComponents (8ms)
	FinalizeReload (2099ms)
		SetupLoadedEditorAssemblies (0ms)
			BeforeProcessingInitializeOnLoad (219ms)
			ProcessInitializeOnLoadAttributes (469ms)
			ProcessInitializeOnLoadMethodAttributes (281ms)
			AfterProcessingInitializeOnLoad (17ms)
		AwakeInstancesAfterBackupRestoration (610ms)
Refreshing native plugins compatible for Editor in 5.70 ms, found 5 plugins.

Asset Pipeline Refresh (id=f20b35f874f877a4dad54c5efa6de929): Total: 9.770 seconds - Initiated by RefreshV2(AllowForceSynchronousImport)
	(Values over 0.05ms)
	Summary:
		Imports: total=0 (actual=0, local cache=0, cache server=0)
		Asset DB Process Time: managed=0 ms, native=2421 ms
		Asset DB Callback time: managed=132 ms, native=15 ms
		Scripting: domain reloads=1, domain reload time=2626 ms, compile time=4573 ms, other=0 ms
		Project Asset Count: scripts=1564, non-scripts=3214
		Asset File Changes: new=0, changed=1, moved=0, deleted=0
		Scan Filter Count: 0
	InvokePackagesCallback: 8.994ms
	ApplyChangesToAssetFolders: 0.803ms
	Scan: 39.503ms
	Collect global state as custom dependencies: 5.166ms
	OnSourceAssetsModified: 2.643ms
	CategorizeScriptCompilationAssets: 0.313ms
	ProcessAssetsWithTransientArtifactChanges: 7.554ms
	CategorizeAssets: 77.150ms
	CompileScripts: 4573.131ms
	ImportOutOfDateAssets: 2170.349ms (2129.205ms without children)
		CollectScriptTypesHashes: 12.476ms
		ReloadNativeAssets: 1.189ms
		UnloadImportedAssets: 1.938ms
		EnsureUptoDateAssetsAreRegisteredWithGuidPM: 0.802ms
		ImportSchedulerStart: 37.177ms
	PostProcessAllAssets: 136.104ms
		XRBuildSystem.XRAssetImported 1.544ms
		PostProcessCallbackCreateDeferredMaterials 1.416ms
		MonoPostProcessAllAssets: 131.088ms
			AssetPostprocessor.OnPostprocessAllAssets 69.341ms
			UniversalRenderPipelineGlobalSettingsPostprocessor.OnPostprocessAllAssets 11.840ms
			AssetChangedListener.OnPostprocessAllAssets 8.345ms
			BuilderAssetPostprocessor.OnPostprocessAllAssets 5.644ms
			SpriteSlicePostprocessor.OnPostprocessAllAssets 2.913ms
			WindowAssetPostprocessingWatcher.OnPostprocessAllAssets 2.253ms
			SpeedTree9Postprocessor.OnPostprocessAllAssets 2.222ms
			ShaderGraphAssetPostProcessor.OnPostprocessAllAssets 1.875ms
			RetainedModeAssetPostprocessor.OnPostprocessAllAssets 1.580ms
			RenderPipelineGlobalSettingsPostprocessor.OnPostprocessAllAssets 0.973ms
			MaterialPostprocessor.OnPostprocessAllAssets 0.904ms
			TMPro_TexturePostProcessor.OnPostprocessAllAssets 0.769ms
			ShaderReflectionAssetPostProcessor.OnPostprocessAllAssets 0.708ms
			SpriteEditorTexturePostprocessor.OnPostprocessAllAssets 0.694ms
			SpriteShapeAssetPostProcessor.OnPostprocessAllAssets 0.626ms
			ArtifactBrowserPostProcessor.OnPostprocessAllAssets 0.587ms
			PostProcessor.OnPostprocessAllAssets 0.517ms
			AssetProcessor.OnPostprocessAllAssets 0.485ms
			InputActionAssetPostprocessor.OnPostprocessAllAssets 0.462ms
			SampleDependencyImporterPostProcessor.OnPostprocessAllAssets 0.448ms
			UVCSAssetPostprocessor.OnPostprocessAllAssets 0.420ms
			TextAssetPostProcessor.OnPostprocessAllAssets 0.390ms
			InputActionJsonNameModifierAssetProcessor.OnPostprocessAllAssets 0.361ms
			ReferencedClipsPostProcessor.OnPostprocessAllAssets 0.354ms
			AudioMixerPostprocessor.OnPostprocessAllAssets 0.325ms
			SpriteLibraryAssetPostprocessor.OnPostprocessAllAssets 0.252ms
			AssetEvents.OnPostprocessAllAssets 0.234ms
			StyleCatalogPostProcessor.OnPostprocessAllAssets 0.225ms
			SpeedTreePostProcessor.OnPostprocessAllAssets 0.205ms
			SamplePostprocessor.OnPostprocessAllAssets 0.192ms
			TerrainToolbarOverlayPostProcessor.OnPostprocessAllAssets 0.174ms
			PSDImportPostProcessor.OnPostprocessAllAssets 0.172ms
			AssetDatabaseCallbacks.OnPostprocessAllAssets 0.169ms
			ConfigAssetsTracker.OnPostprocessAllAssets 0.168ms
			SyncVS.PostprocessSyncProject 0.163ms
			ProjectSettingsPostprocessor.OnPostprocessAllAssets 0.159ms
			ScenarioDriftAssetsTracker.OnPostprocessAllAssets 0.139ms
			PSDImporterAssetPostProcessor.OnPostprocessAllAssets 0.105ms
			AudioContainerPostProcessor.OnPostprocessAllAssets 0.082ms
	PostAssetChangesProfiler: 6.882ms
	GatherAllCurrentPrimaryImportResultRevisions: 0.781ms
	UnloadStreamsBegin: 0.197ms
	PersistCurrentRevisions: 0.163ms
	GenerateScriptTypeHashes: 11.405ms
	GenerateScriptTypeSerializationHashes: 18.086ms
	Untracked: 2722.535ms

[Licensing::Client] Successfully resolved entitlement details
[Licensing::Client] Successfully resolved entitlement details
Asset Pipeline Refresh (id=20c0e756e9d738740bd3b6fbcf84a001): Total: 0.025 seconds - Initiated by RefreshV2(AllowForceSynchronousImport)
SpriteAtlasPacking completed in 0.012766 sec
Entering Playmode with Reload Domain disabled.
If you experience any issues, please disable "Enter Play Mode Options" in Editor Settings
Loaded scene 'Temp/__Backupscenes/0.backup'
	Deserialize:            70.262 ms
	Integration:            384.551 ms
	Integration of assets:  0.105 ms
	Thread Wait Time:       -0.018 ms
	Total Operation Time:   454.899 ms
Material does not have a _Color property.
UnityEngine.Debug:ExtractStackTraceNoAlloc (byte*,int,string)
UnityEngine.StackTraceUtility:ExtractStackTrace ()
UnityEngine.DebugLogHandler:Internal_Log (UnityEngine.LogType,UnityEngine.LogOption,string,UnityEngine.Object)
UnityEngine.DebugLogHandler:LogFormat (UnityEngine.LogType,UnityEngine.Object,string,object[])
UnityEngine.Logger:Log (UnityEngine.LogType,object)
UnityEngine.Debug:LogWarning (object)
BackGroundScrollScript:Start () (at Assets/Scripts/BackGroundScrollScript.cs:19)

(Filename: Assets/Scripts/BackGroundScrollScript.cs Line: 19)

Unloading 10 Unused Serialized files (Serialized files now loaded: 0)
Loaded scene 'Temp/__Backupscenes/0.backup'
	Deserialize:            4.074 ms
	Integration:            291.830 ms
	Integration of assets:  0.010 ms
	Thread Wait Time:       0.005 ms
	Total Operation Time:   295.920 ms
Unloading 17 unused Assets / (311.6 KB). Loaded Objects now: 9394.
Memory consumption went from 0.62 GB to 0.62 GB.
Total: 15.674000 ms (FindLiveObjects: 0.409700 ms CreateObjectMapping: 0.788500 ms MarkObjects: 14.336700 ms  DeleteObjects: 0.137600 ms)

[Licensing::Client] Successfully resolved entitlement details
Asset Pipeline Refresh (id=e63ed44ab48c7f947abbb8edfc4c908d): Total: 0.051 seconds - Initiated by RefreshV2(AllowForceSynchronousImport)
[ScriptCompilation] Requested script compilation because: AssetDatabase observed changes in script compilation related files
[Licensing::Client] Successfully resolved entitlement details
info: Microsoft.AspNetCore.Hosting.Diagnostics[1]
      Request starting HTTP/2 POST http://ilpp/UnityILPP.PostProcessing/Ping - application/grpc -
info: Microsoft.AspNetCore.Routing.EndpointMiddleware[0]
      Executing endpoint 'gRPC - /UnityILPP.PostProcessing/Ping'
info: Microsoft.AspNetCore.Routing.EndpointMiddleware[1]
      Executed endpoint 'gRPC - /UnityILPP.PostProcessing/Ping'
info: Microsoft.AspNetCore.Hosting.Diagnostics[2]
      Request finished HTTP/2 POST http://ilpp/UnityILPP.PostProcessing/Ping - 200 - application/grpc 0.6118ms
Starting: C:\Program Files\Unity\Hub\Editor\6000.5.2f1\Editor\Data\Tools\BuildPipeline\bee_backend.exe --ipc --defer-dag-verification --dagfile="Library/Bee/1900b0aE.dag" --continue-on-failure --profile="Library/Bee/backend1.traceevents" ScriptAssemblies
WorkingDir: C:/Users/thhon/UnityFiles/TlimFinalProj2Dshooter
info: Microsoft.AspNetCore.Hosting.Diagnostics[1]
      Request starting HTTP/2 POST http://ilpp/UnityILPP.PostProcessing/ConfigurePostProcessors - application/grpc -
info: Microsoft.AspNetCore.Routing.EndpointMiddleware[0]
      Executing endpoint 'gRPC - /UnityILPP.PostProcessing/ConfigurePostProcessors'
info: Unity.ILPP.Runner.PostProcessingAssemblyLoadContext[0]
      Current configuration matches the requested one, skipping
info: Microsoft.AspNetCore.Routing.EndpointMiddleware[1]
      Executed endpoint 'gRPC - /UnityILPP.PostProcessing/ConfigurePostProcessors'
info: Microsoft.AspNetCore.Hosting.Diagnostics[2]
      Request finished HTTP/2 POST http://ilpp/UnityILPP.PostProcessing/ConfigurePostProcessors - 200 - application/grpc 3.0972ms
info: Microsoft.AspNetCore.Hosting.Diagnostics[1]
      Request starting HTTP/2 POST http://ilpp/UnityILPP.PostProcessing/PostProcessAssembly - application/grpc -
info: Microsoft.AspNetCore.Routing.EndpointMiddleware[0]
      Executing endpoint 'gRPC - /UnityILPP.PostProcessing/PostProcessAssembly'
info: Unity.ILPP.Runner.PostProcessingPipeline[0]
      Processing assembly Library/Bee/artifacts/1900b0aE.dag/Assembly-CSharp.dll, with 142 defines and 353 references
info: Unity.ILPP.Runner.PostProcessingPipeline[0]
      processors: Unity.Jobs.CodeGen.JobsILPostProcessor, zzzUnity.Burst.CodeGen.BurstILPostProcessor
info: Unity.ILPP.Runner.PostProcessingPipeline[0]
      running Unity.Jobs.CodeGen.JobsILPostProcessor
info: Unity.ILPP.Runner.PostProcessingPipeline[0]
      running zzzUnity.Burst.CodeGen.BurstILPostProcessor
info: Microsoft.AspNetCore.Routing.EndpointMiddleware[1]
      Executed endpoint 'gRPC - /UnityILPP.PostProcessing/PostProcessAssembly'
info: Microsoft.AspNetCore.Hosting.Diagnostics[2]
      Request finished HTTP/2 POST http://ilpp/UnityILPP.PostProcessing/PostProcessAssembly - 200 - application/grpc 51.3145ms
ExitCode: 0 Duration: 1s966ms
[ 855/1100  0s] ILPP-Configuration Library/ilpp-configuration.nevergeneratedoutput
[1096/1100  0s] Csc Library/Bee/artifacts/1900b0aE.dag/Assembly-CSharp.dll (+2 others)
[1097/1100  0s] ILPostProcess Library/Bee/artifacts/1900b0aE.dag/post-processed/Assembly-CSharp.dll (+pdb)
Processing assembly Library/Bee/artifacts/1900b0aE.dag/Assembly-CSharp.dll, with 142 defines and 353 references

processors: Unity.Jobs.CodeGen.JobsILPostProcessor, zzzUnity.Burst.CodeGen.BurstILPostProcessor

running Unity.Jobs.CodeGen.JobsILPostProcessor

running zzzUnity.Burst.CodeGen.BurstILPostProcessor
[1098/1100  0s] CopyFiles Library/ScriptAssemblies/Assembly-CSharp.pdb
[1099/1100  0s] CopyFiles Library/ScriptAssemblies/Assembly-CSharp.dll
*** Tundra build success (1.90 seconds), 5 items updated, 1100 evaluated
Reloading assemblies after forced synchronous recompile.
Begin MonoManager ReloadAssembly
Refreshing native plugins compatible for Editor in 10.79 ms, found 5 plugins.
Native extension for WindowsStandalone target not found
[MODES] ModeService[none].Initialize
[MODES] ModeService[none].LoadModes
ScheduleIndexationOnStartup MainProcess:True IndexOnStartup:True
Mono: successfully reloaded assembly
- Finished resetting the current domain, in  2.515 seconds
Domain Reload Profiling: 4782ms
	BeginReloadAssembly (1451ms)
		DisableScriptedObjects (277ms)
		CreateAndSetChildDomain (575ms)
	RebuildCommonClasses (13ms)
	RebuildNativeTypeToScriptingClass (22ms)
	initialDomainReloadingComplete (149ms)
	LoadAllAssembliesAndSetupDomain (632ms)
		LoadAssemblies (340ms)
		AnalyzeDomain (310ms)
			TypeCache.Refresh (15ms)
			BuildScriptInfoCaches (282ms)
			ResolveRequiredComponents (10ms)
	FinalizeReload (2516ms)
		SetupLoadedEditorAssemblies (0ms)
			BeforeProcessingInitializeOnLoad (259ms)
			ProcessInitializeOnLoadAttributes (572ms)
			ProcessInitializeOnLoadMethodAttributes (300ms)
			AfterProcessingInitializeOnLoad (20ms)
		AwakeInstancesAfterBackupRestoration (753ms)
Refreshing native plugins compatible for Editor in 5.52 ms, found 5 plugins.

Asset Pipeline Refresh (id=a01d13bb7ef863a42bb12865fab65a22): Total: 8.145 seconds - Initiated by RefreshV2(AllowForceSynchronousImport)
	(Values over 0.05ms)
	Summary:
		Imports: total=0 (actual=0, local cache=0, cache server=0)
		Asset DB Process Time: managed=0 ms, native=2794 ms
		Asset DB Callback time: managed=60 ms, native=12 ms
		Scripting: domain reloads=1, domain reload time=2859 ms, compile time=2418 ms, other=0 ms
		Project Asset Count: scripts=1564, non-scripts=3214
		Asset File Changes: new=0, changed=1, moved=0, deleted=0
		Scan Filter Count: 0
	InvokePackagesCallback: 9.028ms
	ApplyChangesToAssetFolders: 0.749ms
	Scan: 44.541ms
	Collect global state as custom dependencies: 5.179ms
	OnSourceAssetsModified: 1.172ms
	ProcessAssetsWithTransientArtifactChanges: 6.726ms
	CategorizeAssets: 70.128ms
	CompileScripts: 2418.327ms
	ImportOutOfDateAssets: 2587.473ms (2549.809ms without children)
		CollectScriptTypesHashes: 2.636ms
		ReloadNativeAssets: 1.422ms
		UnloadImportedAssets: 0.201ms
		EnsureUptoDateAssetsAreRegisteredWithGuidPM: 0.804ms
		ImportSchedulerStart: 35.211ms
	PostProcessAllAssets: 62.952ms
		XRBuildSystem.XRAssetImported 2.250ms
		PostProcessCallbackCreateDeferredMaterials 0.990ms
		MonoPostProcessAllAssets: 59.114ms
			UniversalRenderPipelineGlobalSettingsPostprocessor.OnPostprocessAllAssets 11.072ms
			AssetChangedListener.OnPostprocessAllAssets 6.605ms
			BuilderAssetPostprocessor.OnPostprocessAllAssets 5.706ms
			AssetPostprocessor.OnPostprocessAllAssets 4.153ms
			SpriteSlicePostprocessor.OnPostprocessAllAssets 2.642ms
			SpeedTree9Postprocessor.OnPostprocessAllAssets 2.243ms
			WindowAssetPostprocessingWatcher.OnPostprocessAllAssets 1.943ms
			ShaderGraphAssetPostProcessor.OnPostprocessAllAssets 1.739ms
			RetainedModeAssetPostprocessor.OnPostprocessAllAssets 1.384ms
			MaterialPostprocessor.OnPostprocessAllAssets 0.878ms
			RenderPipelineGlobalSettingsPostprocessor.OnPostprocessAllAssets 0.826ms
			SpriteEditorTexturePostprocessor.OnPostprocessAllAssets 0.709ms
			SpriteShapeAssetPostProcessor.OnPostprocessAllAssets 0.600ms
			ArtifactBrowserPostProcessor.OnPostprocessAllAssets 0.579ms
			TMPro_TexturePostProcessor.OnPostprocessAllAssets 0.562ms
			InputActionAssetPostprocessor.OnPostprocessAllAssets 0.477ms
			ShaderReflectionAssetPostProcessor.OnPostprocessAllAssets 0.460ms
			SampleDependencyImporterPostProcessor.OnPostprocessAllAssets 0.407ms
			AudioMixerPostprocessor.OnPostprocessAllAssets 0.373ms
			PostProcessor.OnPostprocessAllAssets 0.372ms
			TextAssetPostProcessor.OnPostprocessAllAssets 0.368ms
			ReferencedClipsPostProcessor.OnPostprocessAllAssets 0.367ms
			UVCSAssetPostprocessor.OnPostprocessAllAssets 0.331ms
			InputActionJsonNameModifierAssetProcessor.OnPostprocessAllAssets 0.320ms
			AssetEvents.OnPostprocessAllAssets 0.237ms
			StyleCatalogPostProcessor.OnPostprocessAllAssets 0.228ms
			SpriteLibraryAssetPostprocessor.OnPostprocessAllAssets 0.225ms
			SpeedTreePostProcessor.OnPostprocessAllAssets 0.193ms
			TerrainToolbarOverlayPostProcessor.OnPostprocessAllAssets 0.169ms
			SyncVS.PostprocessSyncProject 0.160ms
			SamplePostprocessor.OnPostprocessAllAssets 0.158ms
			AssetDatabaseCallbacks.OnPostprocessAllAssets 0.156ms
			ProjectSettingsPostprocessor.OnPostprocessAllAssets 0.148ms
			PSDImportPostProcessor.OnPostprocessAllAssets 0.143ms
			ConfigAssetsTracker.OnPostprocessAllAssets 0.141ms
			ScenarioDriftAssetsTracker.OnPostprocessAllAssets 0.111ms
			PSDImporterAssetPostProcessor.OnPostprocessAllAssets 0.092ms
			AudioContainerPostProcessor.OnPostprocessAllAssets 0.089ms
			AssetProcessor.OnPostprocessAllAssets 0.060ms
	PostAssetChangesProfiler: 6.395ms
	GatherAllCurrentPrimaryImportResultRevisions: 0.353ms
	PersistCurrentRevisions: 0.222ms
	GenerateScriptTypeHashes: 3.471ms
	GenerateScriptTypeSerializationHashes: 6.077ms
	Untracked: 2923.706ms

[Licensing::Client] Successfully resolved entitlement details
[Licensing::Client] Successfully resolved entitlement details
SpriteAtlasPacking completed in 0.008474 sec
Entering Playmode with Reload Domain disabled.
If you experience any issues, please disable "Enter Play Mode Options" in Editor Settings
Loaded scene 'Temp/__Backupscenes/0.backup'
	Deserialize:            70.156 ms
	Integration:            281.954 ms
	Integration of assets:  0.128 ms
	Thread Wait Time:       -0.086 ms
	Total Operation Time:   352.151 ms
Material does not have a _Color property.
UnityEngine.Debug:ExtractStackTraceNoAlloc (byte*,int,string)
UnityEngine.StackTraceUtility:ExtractStackTrace ()
UnityEngine.DebugLogHandler:Internal_Log (UnityEngine.LogType,UnityEngine.LogOption,string,UnityEngine.Object)
UnityEngine.DebugLogHandler:LogFormat (UnityEngine.LogType,UnityEngine.Object,string,object[])
UnityEngine.Logger:Log (UnityEngine.LogType,object)
UnityEngine.Debug:LogWarning (object)
BackGroundScrollScript:Start () (at Assets/Scripts/BackGroundScrollScript.cs:19)

(Filename: Assets/Scripts/BackGroundScrollScript.cs Line: 19)

EditorHelper: Unable to use the external script editor. Trying the internal script editor now.
GUILayout: Mismatched LayoutGroup.mouseUp
[ScriptCompilation] Requested script compilation because: AssetDatabase observed changes in script compilation related files
Refreshing native plugins compatible for Editor in 7.15 ms, found 5 plugins.
Asset Pipeline Refresh (id=8a5240971f61d0544bbc84a9c6e02f0d): Total: 0.200 seconds - Initiated by RefreshV2(NoUpdateAssetOptions)
[Licensing::Client] Successfully resolved entitlement details
info: Microsoft.AspNetCore.Hosting.Diagnostics[1]
      Request starting HTTP/2 POST http://ilpp/UnityILPP.PostProcessing/Ping - application/grpc -
info: Microsoft.AspNetCore.Routing.EndpointMiddleware[0]
      Executing endpoint 'gRPC - /UnityILPP.PostProcessing/Ping'
info: Microsoft.AspNetCore.Routing.EndpointMiddleware[1]
      Executed endpoint 'gRPC - /UnityILPP.PostProcessing/Ping'
info: Microsoft.AspNetCore.Hosting.Diagnostics[2]
      Request finished HTTP/2 POST http://ilpp/UnityILPP.PostProcessing/Ping - 200 - application/grpc 0.3997ms
Starting: C:\Program Files\Unity\Hub\Editor\6000.5.2f1\Editor\Data\Tools\BuildPipeline\bee_backend.exe --ipc --defer-dag-verification --dagfile="Library/Bee/1900b0aE.dag" --continue-on-failure --profile="Library/Bee/backend1.traceevents" ScriptAssemblies
WorkingDir: C:/Users/thhon/UnityFiles/TlimFinalProj2Dshooter
info: Microsoft.AspNetCore.Hosting.Diagnostics[1]
      Request starting HTTP/2 POST http://ilpp/UnityILPP.PostProcessing/ConfigurePostProcessors - application/grpc -
info: Microsoft.AspNetCore.Routing.EndpointMiddleware[0]
      Executing endpoint 'gRPC - /UnityILPP.PostProcessing/ConfigurePostProcessors'
info: Unity.ILPP.Runner.PostProcessingAssemblyLoadContext[0]
      Current configuration matches the requested one, skipping
info: Microsoft.AspNetCore.Routing.EndpointMiddleware[1]
      Executed endpoint 'gRPC - /UnityILPP.PostProcessing/ConfigurePostProcessors'
info: Microsoft.AspNetCore.Hosting.Diagnostics[2]
      Request finished HTTP/2 POST http://ilpp/UnityILPP.PostProcessing/ConfigurePostProcessors - 200 - application/grpc 3.6065ms
info: Microsoft.AspNetCore.Hosting.Diagnostics[1]
      Request starting HTTP/2 POST http://ilpp/UnityILPP.PostProcessing/PostProcessAssembly - application/grpc -
info: Microsoft.AspNetCore.Routing.EndpointMiddleware[0]
      Executing endpoint 'gRPC - /UnityILPP.PostProcessing/PostProcessAssembly'
info: Unity.ILPP.Runner.PostProcessingPipeline[0]
      Processing assembly Library/Bee/artifacts/1900b0aE.dag/Assembly-CSharp.dll, with 142 defines and 353 references
info: Unity.ILPP.Runner.PostProcessingPipeline[0]
      processors: Unity.Jobs.CodeGen.JobsILPostProcessor, zzzUnity.Burst.CodeGen.BurstILPostProcessor
info: Unity.ILPP.Runner.PostProcessingPipeline[0]
      running Unity.Jobs.CodeGen.JobsILPostProcessor
info: Unity.ILPP.Runner.PostProcessingPipeline[0]
      running zzzUnity.Burst.CodeGen.BurstILPostProcessor
info: Microsoft.AspNetCore.Routing.EndpointMiddleware[1]
      Executed endpoint 'gRPC - /UnityILPP.PostProcessing/PostProcessAssembly'
info: Microsoft.AspNetCore.Hosting.Diagnostics[2]
      Request finished HTTP/2 POST http://ilpp/UnityILPP.PostProcessing/PostProcessAssembly - 200 - application/grpc 66.2671ms
ExitCode: 0 Duration: 2s331ms
[ 855/1100  0s] ILPP-Configuration Library/ilpp-configuration.nevergeneratedoutput
[1096/1100  1s] Csc Library/Bee/artifacts/1900b0aE.dag/Assembly-CSharp.dll (+2 others)
[1097/1100  0s] ILPostProcess Library/Bee/artifacts/1900b0aE.dag/post-processed/Assembly-CSharp.dll (+pdb)
Processing assembly Library/Bee/artifacts/1900b0aE.dag/Assembly-CSharp.dll, with 142 defines and 353 references

processors: Unity.Jobs.CodeGen.JobsILPostProcessor, zzzUnity.Burst.CodeGen.BurstILPostProcessor

running Unity.Jobs.CodeGen.JobsILPostProcessor

running zzzUnity.Burst.CodeGen.BurstILPostProcessor
[1098/1100  0s] CopyFiles Library/ScriptAssemblies/Assembly-CSharp.pdb
[1099/1100  0s] CopyFiles Library/ScriptAssemblies/Assembly-CSharp.dll
*** Tundra build success (2.24 seconds), 5 items updated, 1100 evaluated
Reloading assemblies after finishing script compilation.
Reloading assemblies after forced synchronous recompile.
Begin MonoManager ReloadAssembly
Total cache size 268291572
Total cache size after purge 268291572, took 00:00:01.4915517
Refreshing native plugins compatible for Editor in 4.15 ms, found 5 plugins.
Native extension for WindowsStandalone target not found
[MODES] ModeService[none].Initialize
[MODES] ModeService[none].LoadModes
ScheduleIndexationOnStartup MainProcess:True IndexOnStartup:True
Mono: successfully reloaded assembly
- Finished resetting the current domain, in  3.525 seconds
Domain Reload Profiling: 6878ms
	BeginReloadAssembly (2239ms)
		DisableScriptedObjects (213ms)
		CreateAndSetChildDomain (428ms)
	RebuildCommonClasses (32ms)
	RebuildNativeTypeToScriptingClass (34ms)
	initialDomainReloadingComplete (306ms)
	LoadAllAssembliesAndSetupDomain (741ms)
		LoadAssemblies (682ms)
		AnalyzeDomain (353ms)
			TypeCache.Refresh (25ms)
			BuildScriptInfoCaches (317ms)
			ResolveRequiredComponents (9ms)
	FinalizeReload (3526ms)
		SetupLoadedEditorAssemblies (0ms)
			InitializePlatformSupportModulesInManaged (3ms)
			BeforeProcessingInitializeOnLoad (334ms)
			ProcessInitializeOnLoadAttributes (798ms)
			ProcessInitializeOnLoadMethodAttributes (313ms)
			AfterProcessingInitializeOnLoad (14ms)
		AwakeInstancesAfterBackupRestoration (661ms)

Asset Pipeline Refresh (id=effbdca0575a9494c89ca95552ea69f4): Total: 7.364 seconds - Initiated by StopAssetImportingV2(ForceSynchronousImport | ForceDomainReload)
	(Values over 0.05ms)
	Summary:
		Imports: total=0 (actual=0, local cache=0, cache server=0)
		Asset DB Process Time: managed=0 ms, native=3747 ms
		Asset DB Callback time: managed=33 ms, native=1 ms
		Scripting: domain reloads=1, domain reload time=3578 ms, compile time=3 ms, other=0 ms
		Project Asset Count: scripts=1564, non-scripts=3214
		Asset File Changes: new=0, changed=0, moved=0, deleted=0
		Scan Filter Count: 0
	InvokePackagesCallback: 5.178ms
	ApplyChangesToAssetFolders: 0.447ms
	Collect global state as custom dependencies: 2.107ms
	ProcessAssetsWithTransientArtifactChanges: 7.603ms
	CategorizeAssets: 79.343ms
	CompileScripts: 2.886ms
	ImportOutOfDateAssets: 3594.625ms (3545.179ms without children)
		CollectScriptTypesHashes: 1.290ms
		ReloadNativeAssets: 1.737ms
		UnloadImportedAssets: 0.239ms
		EnsureUptoDateAssetsAreRegisteredWithGuidPM: 0.831ms
		ImportSchedulerStart: 46.609ms
	PostProcessAllAssets: 33.808ms
		MonoPostProcessAllAssets: 33.802ms
			UniversalRenderPipelineGlobalSettingsPostprocessor.OnPostprocessAllAssets 13.921ms
			WindowAssetPostprocessingWatcher.OnPostprocessAllAssets 2.513ms
			SpeedTree9Postprocessor.OnPostprocessAllAssets 2.251ms
			AssetChangedListener.OnPostprocessAllAssets 1.150ms
			RenderPipelineGlobalSettingsPostprocessor.OnPostprocessAllAssets 0.933ms
			ShaderReflectionAssetPostProcessor.OnPostprocessAllAssets 0.494ms
			ReferencedClipsPostProcessor.OnPostprocessAllAssets 0.430ms
			InputActionAssetPostprocessor.OnPostprocessAllAssets 0.380ms
			SyncVS.PostprocessSyncProject 0.216ms
			ProjectSettingsPostprocessor.OnPostprocessAllAssets 0.202ms
			AssetDatabaseCallbacks.OnPostprocessAllAssets 0.189ms
			TerrainToolbarOverlayPostProcessor.OnPostprocessAllAssets 0.148ms
			SpriteEditorTexturePostprocessor.OnPostprocessAllAssets 0.121ms
			ShaderGraphAssetPostProcessor.OnPostprocessAllAssets 0.112ms
			AssetPostprocessor.OnPostprocessAllAssets 0.093ms
			SpriteShapeAssetPostProcessor.OnPostprocessAllAssets 0.068ms
	GatherAllCurrentPrimaryImportResultRevisions: 0.221ms
	PersistCurrentRevisions: 0.186ms
	GenerateScriptTypeHashes: 4.063ms
	GenerateScriptTypeSerializationHashes: 7.285ms
	Untracked: 3628.756ms

[Licensing::Client] Successfully resolved entitlement details
[Licensing::Client] Successfully resolved entitlement details
Asset Pipeline Refresh (id=a08119c0318ecbf4bb32a2275d2c52ea): Total: 0.019 seconds - Initiated by RefreshV2(NoUpdateAssetOptions)
Unloading 0 Unused Serialized files (Serialized files now loaded: 0)
Loaded scene 'Temp/__Backupscenes/0.backup'
	Deserialize:            28.653 ms
	Integration:            313.846 ms
	Integration of assets:  0.104 ms
	Thread Wait Time:       -0.065 ms
	Total Operation Time:   342.539 ms
Unloading 18 unused Assets / (111.2 KB). Loaded Objects now: 9403.
Memory consumption went from 0.62 GB to 0.62 GB.
Total: 27.803100 ms (FindLiveObjects: 0.669700 ms CreateObjectMapping: 1.772400 ms MarkObjects: 24.928600 ms  DeleteObjects: 0.429800 ms)

[Licensing::Client] Successfully resolved entitlement details
SpriteAtlasPacking completed in 0.014583 sec
Entering Playmode with Reload Domain disabled.
If you experience any issues, please disable "Enter Play Mode Options" in Editor Settings
Loaded scene 'Temp/__Backupscenes/0.backup'
	Deserialize:            8.961 ms
	Integration:            375.087 ms
	Integration of assets:  0.072 ms
	Thread Wait Time:       0.033 ms
	Total Operation Time:   384.153 ms
NullReferenceException: Object reference not set to an instance of an object
  at BackGroundScrollScript.Update () [0x00018] in C:\Users\thhon\UnityFiles\TlimFinalProj2Dshooter\Assets\Scripts\BackGroundScrollScript.cs:26 

(Filename: Assets/Scripts/BackGroundScrollScript.cs Line: 26)

NullReferenceException: Object reference not set to an instance of an object
  at BackGroundScrollScript.Update () [0x00018] in C:\Users\thhon\UnityFiles\TlimFinalProj2Dshooter\Assets\Scripts\BackGroundScrollScript.cs:26 

(Filename: Assets/Scripts/BackGroundScrollScript.cs Line: 26)

NullReferenceException: Object reference not set to an instance of an object
  at BackGroundScrollScript.Update () [0x00018] in C:\Users\thhon\UnityFiles\TlimFinalProj2Dshooter\Assets\Scripts\BackGroundScrollScript.cs:26 

(Filename: Assets/Scripts/BackGroundScrollScript.cs Line: 26)

NullReferenceException: Object reference not set to an instance of an object
  at BackGroundScrollScript.Update () [0x00018] in C:\Users\thhon\UnityFiles\TlimFinalProj2Dshooter\Assets\Scripts\BackGroundScrollScript.cs:26 

(Filename: Assets/Scripts/BackGroundScrollScript.cs Line: 26)

NullReferenceException: Object reference not set to an instance of an object
  at BackGroundScrollScript.Update () [0x00018] in C:\Users\thhon\UnityFiles\TlimFinalProj2Dshooter\Assets\Scripts\BackGroundScrollScript.cs:26 

(Filename: Assets/Scripts/BackGroundScrollScript.cs Line: 26)

NullReferenceException: Object reference not set to an instance of an object
  at BackGroundScrollScript.Update () [0x00018] in C:\Users\thhon\UnityFiles\TlimFinalProj2Dshooter\Assets\Scripts\BackGroundScrollScript.cs:26 

(Filename: Assets/Scripts/BackGroundScrollScript.cs Line: 26)

NullReferenceException: Object reference not set to an instance of an object
  at BackGroundScrollScript.Update () [0x00018] in C:\Users\thhon\UnityFiles\TlimFinalProj2Dshooter\Assets\Scripts\BackGroundScrollScript.cs:26 

(Filename: Assets/Scripts/BackGroundScrollScript.cs Line: 26)

NullReferenceException: Object reference not set to an instance of an object
  at BackGroundScrollScript.Update () [0x00018] in C:\Users\thhon\UnityFiles\TlimFinalProj2Dshooter\Assets\Scripts\BackGroundScrollScript.cs:26 

(Filename: Assets/Scripts/BackGroundScrollScript.cs Line: 26)

NullReferenceException: Object reference not set to an instance of an object
  at BackGroundScrollScript.Update () [0x00018] in C:\Users\thhon\UnityFiles\TlimFinalProj2Dshooter\Assets\Scripts\BackGroundScrollScript.cs:26 

(Filename: Assets/Scripts/BackGroundScrollScript.cs Line: 26)

NullReferenceException: Object reference not set to an instance of an object
  at BackGroundScrollScript.Update () [0x00018] in C:\Users\thhon\UnityFiles\TlimFinalProj2Dshooter\Assets\Scripts\BackGroundScrollScript.cs:26 

(Filename: Assets/Scripts/BackGroundScrollScript.cs Line: 26)

NullReferenceException: Object reference not set to an instance of an object
  at BackGroundScrollScript.Update () [0x00018] in C:\Users\thhon\UnityFiles\TlimFinalProj2Dshooter\Assets\Scripts\BackGroundScrollScript.cs:26 

(Filename: Assets/Scripts/BackGroundScrollScript.cs Line: 26)

NullReferenceException: Object reference not set to an instance of an object
  at BackGroundScrollScript.Update () [0x00018] in C:\Users\thhon\UnityFiles\TlimFinalProj2Dshooter\Assets\Scripts\BackGroundScrollScript.cs:26 

(Filename: Assets/Scripts/BackGroundScrollScript.cs Line: 26)

NullReferenceException: Object reference not set to an instance of an object
  at BackGroundScrollScript.Update () [0x00018] in C:\Users\thhon\UnityFiles\TlimFinalProj2Dshooter\Assets\Scripts\BackGroundScrollScript.cs:26 

(Filename: Assets/Scripts/BackGroundScrollScript.cs Line: 26)

NullReferenceException: Object reference not set to an instance of an object
  at BackGroundScrollScript.Update () [0x00018] in C:\Users\thhon\UnityFiles\TlimFinalProj2Dshooter\Assets\Scripts\BackGroundScrollScript.cs:26 

(Filename: Assets/Scripts/BackGroundScrollScript.cs Line: 26)

NullReferenceException: Object reference not set to an instance of an object
  at BackGroundScrollScript.Update () [0x00018] in C:\Users\thhon\UnityFiles\TlimFinalProj2Dshooter\Assets\Scripts\BackGroundScrollScript.cs:26 

(Filename: Assets/Scripts/BackGroundScrollScript.cs Line: 26)

NullReferenceException: Object reference not set to an instance of an object
  at BackGroundScrollScript.Update () [0x00018] in C:\Users\thhon\UnityFiles\TlimFinalProj2Dshooter\Assets\Scripts\BackGroundScrollScript.cs:26 

(Filename: Assets/Scripts/BackGroundScrollScript.cs Line: 26)

NullReferenceException: Object reference not set to an instance of an object
  at BackGroundScrollScript.Update () [0x00018] in C:\Users\thhon\UnityFiles\TlimFinalProj2Dshooter\Assets\Scripts\BackGroundScrollScript.cs:26 

(Filename: Assets/Scripts/BackGroundScrollScript.cs Line: 26)

NullReferenceException: Object reference not set to an instance of an object
  at BackGroundScrollScript.Update () [0x00018] in C:\Users\thhon\UnityFiles\TlimFinalProj2Dshooter\Assets\Scripts\BackGroundScrollScript.cs:26 

(Filename: Assets/Scripts/BackGroundScrollScript.cs Line: 26)

NullReferenceException: Object reference not set to an instance of an object
  at BackGroundScrollScript.Update () [0x00018] in C:\Users\thhon\UnityFiles\TlimFinalProj2Dshooter\Assets\Scripts\BackGroundScrollScript.cs:26 

(Filename: Assets/Scripts/BackGroundScrollScript.cs Line: 26)

NullReferenceException: Object reference not set to an instance of an object
  at BackGroundScrollScript.Update () [0x00018] in C:\Users\thhon\UnityFiles\TlimFinalProj2Dshooter\Assets\Scripts\BackGroundScrollScript.cs:26 

(Filename: Assets/Scripts/BackGroundScrollScript.cs Line: 26)

NullReferenceException: Object reference not set to an instance of an object
  at BackGroundScrollScript.Update () [0x00018] in C:\Users\thhon\UnityFiles\TlimFinalProj2Dshooter\Assets\Scripts\BackGroundScrollScript.cs:26 

(Filename: Assets/Scripts/BackGroundScrollScript.cs Line: 26)

NullReferenceException: Object reference not set to an instance of an object
  at BackGroundScrollScript.Update () [0x00018] in C:\Users\thhon\UnityFiles\TlimFinalProj2Dshooter\Assets\Scripts\BackGroundScrollScript.cs:26 

(Filename: Assets/Scripts/BackGroundScrollScript.cs Line: 26)

NullReferenceException: Object reference not set to an instance of an object
  at BackGroundScrollScript.Update () [0x00018] in C:\Users\thhon\UnityFiles\TlimFinalProj2Dshooter\Assets\Scripts\BackGroundScrollScript.cs:26 

(Filename: Assets/Scripts/BackGroundScrollScript.cs Line: 26)

NullReferenceException: Object reference not set to an instance of an object
  at BackGroundScrollScript.Update () [0x00018] in C:\Users\thhon\UnityFiles\TlimFinalProj2Dshooter\Assets\Scripts\BackGroundScrollScript.cs:26 

(Filename: Assets/Scripts/BackGroundScrollScript.cs Line: 26)

NullReferenceException: Object reference not set to an instance of an object
  at BackGroundScrollScript.Update () [0x00018] in C:\Users\thhon\UnityFiles\TlimFinalProj2Dshooter\Assets\Scripts\BackGroundScrollScript.cs:26 

(Filename: Assets/Scripts/BackGroundScrollScript.cs Line: 26)

NullReferenceException: Object reference not set to an instance of an object
  at BackGroundScrollScript.Update () [0x00018] in C:\Users\thhon\UnityFiles\TlimFinalProj2Dshooter\Assets\Scripts\BackGroundScrollScript.cs:26 

(Filename: Assets/Scripts/BackGroundScrollScript.cs Line: 26)

NullReferenceException: Object reference not set to an instance of an object
  at BackGroundScrollScript.Update () [0x00018] in C:\Users\thhon\UnityFiles\TlimFinalProj2Dshooter\Assets\Scripts\BackGroundScrollScript.cs:26 

(Filename: Assets/Scripts/BackGroundScrollScript.cs Line: 26)

NullReferenceException: Object reference not set to an instance of an object
  at BackGroundScrollScript.Update () [0x00018] in C:\Users\thhon\UnityFiles\TlimFinalProj2Dshooter\Assets\Scripts\BackGroundScrollScript.cs:26 

(Filename: Assets/Scripts/BackGroundScrollScript.cs Line: 26)

NullReferenceException: Object reference not set to an instance of an object
  at BackGroundScrollScript.Update () [0x00018] in C:\Users\thhon\UnityFiles\TlimFinalProj2Dshooter\Assets\Scripts\BackGroundScrollScript.cs:26 

(Filename: Assets/Scripts/BackGroundScrollScript.cs Line: 26)

NullReferenceException: Object reference not set to an instance of an object
  at BackGroundScrollScript.Update () [0x00018] in C:\Users\thhon\UnityFiles\TlimFinalProj2Dshooter\Assets\Scripts\BackGroundScrollScript.cs:26 

(Filename: Assets/Scripts/BackGroundScrollScript.cs Line: 26)

NullReferenceException: Object reference not set to an instance of an object
  at BackGroundScrollScript.Update () [0x00018] in C:\Users\thhon\UnityFiles\TlimFinalProj2Dshooter\Assets\Scripts\BackGroundScrollScript.cs:26 

(Filename: Assets/Scripts/BackGroundScrollScript.cs Line: 26)

NullReferenceException: Object reference not set to an instance of an object
  at BackGroundScrollScript.Update () [0x00018] in C:\Users\thhon\UnityFiles\TlimFinalProj2Dshooter\Assets\Scripts\BackGroundScrollScript.cs:26 

(Filename: Assets/Scripts/BackGroundScrollScript.cs Line: 26)

NullReferenceException: Object reference not set to an instance of an object
  at BackGroundScrollScript.Update () [0x00018] in C:\Users\thhon\UnityFiles\TlimFinalProj2Dshooter\Assets\Scripts\BackGroundScrollScript.cs:26 

(Filename: Assets/Scripts/BackGroundScrollScript.cs Line: 26)

NullReferenceException: Object reference not set to an instance of an object
  at BackGroundScrollScript.Update () [0x00018] in C:\Users\thhon\UnityFiles\TlimFinalProj2Dshooter\Assets\Scripts\BackGroundScrollScript.cs:26 

(Filename: Assets/Scripts/BackGroundScrollScript.cs Line: 26)

NullReferenceException: Object reference not set to an instance of an object
  at BackGroundScrollScript.Update () [0x00018] in C:\Users\thhon\UnityFiles\TlimFinalProj2Dshooter\Assets\Scripts\BackGroundScrollScript.cs:26 

(Filename: Assets/Scripts/BackGroundScrollScript.cs Line: 26)

NullReferenceException: Object reference not set to an instance of an object
  at BackGroundScrollScript.Update () [0x00018] in C:\Users\thhon\UnityFiles\TlimFinalProj2Dshooter\Assets\Scripts\BackGroundScrollScript.cs:26 

(Filename: Assets/Scripts/BackGroundScrollScript.cs Line: 26)

NullReferenceException: Object reference not set to an instance of an object
  at BackGroundScrollScript.Update () [0x00018] in C:\Users\thhon\UnityFiles\TlimFinalProj2Dshooter\Assets\Scripts\BackGroundScrollScript.cs:26 

(Filename: Assets/Scripts/BackGroundScrollScript.cs Line: 26)

NullReferenceException: Object reference not set to an instance of an object
  at BackGroundScrollScript.Update () [0x00018] in C:\Users\thhon\UnityFiles\TlimFinalProj2Dshooter\Assets\Scripts\BackGroundScrollScript.cs:26 

(Filename: Assets/Scripts/BackGroundScrollScript.cs Line: 26)

NullReferenceException: Object reference not set to an instance of an object
  at BackGroundScrollScript.Update () [0x00018] in C:\Users\thhon\UnityFiles\TlimFinalProj2Dshooter\Assets\Scripts\BackGroundScrollScript.cs:26 

(Filename: Assets/Scripts/BackGroundScrollScript.cs Line: 26)

NullReferenceException: Object reference not set to an instance of an object
  at BackGroundScrollScript.Update () [0x00018] in C:\Users\thhon\UnityFiles\TlimFinalProj2Dshooter\Assets\Scripts\BackGroundScrollScript.cs:26 

(Filename: Assets/Scripts/BackGroundScrollScript.cs Line: 26)

NullReferenceException: Object reference not set to an instance of an object
  at BackGroundScrollScript.Update () [0x00018] in C:\Users\thhon\UnityFiles\TlimFinalProj2Dshooter\Assets\Scripts\BackGroundScrollScript.cs:26 

(Filename: Assets/Scripts/BackGroundScrollScript.cs Line: 26)

NullReferenceException: Object reference not set to an instance of an object
  at BackGroundScrollScript.Update () [0x00018] in C:\Users\thhon\UnityFiles\TlimFinalProj2Dshooter\Assets\Scripts\BackGroundScrollScript.cs:26 

(Filename: Assets/Scripts/BackGroundScrollScript.cs Line: 26)

NullReferenceException: Object reference not set to an instance of an object
  at BackGroundScrollScript.Update () [0x00018] in C:\Users\thhon\UnityFiles\TlimFinalProj2Dshooter\Assets\Scripts\BackGroundScrollScript.cs:26 

(Filename: Assets/Scripts/BackGroundScrollScript.cs Line: 26)

NullReferenceException: Object reference not set to an instance of an object
  at BackGroundScrollScript.Update () [0x00018] in C:\Users\thhon\UnityFiles\TlimFinalProj2Dshooter\Assets\Scripts\BackGroundScrollScript.cs:26 

(Filename: Assets/Scripts/BackGroundScrollScript.cs Line: 26)

NullReferenceException: Object reference not set to an instance of an object
  at BackGroundScrollScript.Update () [0x00018] in C:\Users\thhon\UnityFiles\TlimFinalProj2Dshooter\Assets\Scripts\BackGroundScrollScript.cs:26 

(Filename: Assets/Scripts/BackGroundScrollScript.cs Line: 26)

NullReferenceException: Object reference not set to an instance of an object
  at BackGroundScrollScript.Update () [0x00018] in C:\Users\thhon\UnityFiles\TlimFinalProj2Dshooter\Assets\Scripts\BackGroundScrollScript.cs:26 

(Filename: Assets/Scripts/BackGroundScrollScript.cs Line: 26)

NullReferenceException: Object reference not set to an instance of an object
  at BackGroundScrollScript.Update () [0x00018] in C:\Users\thhon\UnityFiles\TlimFinalProj2Dshooter\Assets\Scripts\BackGroundScrollScript.cs:26 

(Filename: Assets/Scripts/BackGroundScrollScript.cs Line: 26)

NullReferenceException: Object reference not set to an instance of an object
  at BackGroundScrollScript.Update () [0x00018] in C:\Users\thhon\UnityFiles\TlimFinalProj2Dshooter\Assets\Scripts\BackGroundScrollScript.cs:26 

(Filename: Assets/Scripts/BackGroundScrollScript.cs Line: 26)

NullReferenceException: Object reference not set to an instance of an object
  at BackGroundScrollScript.Update () [0x00018] in C:\Users\thhon\UnityFiles\TlimFinalProj2Dshooter\Assets\Scripts\BackGroundScrollScript.cs:26 

(Filename: Assets/Scripts/BackGroundScrollScript.cs Line: 26)

NullReferenceException: Object reference not set to an instance of an object
  at BackGroundScrollScript.Update () [0x00018] in C:\Users\thhon\UnityFiles\TlimFinalProj2Dshooter\Assets\Scripts\BackGroundScrollScript.cs:26 

(Filename: Assets/Scripts/BackGroundScrollScript.cs Line: 26)

NullReferenceException: Object reference not set to an instance of an object
  at BackGroundScrollScript.Update () [0x00018] in C:\Users\thhon\UnityFiles\TlimFinalProj2Dshooter\Assets\Scripts\BackGroundScrollScript.cs:26 

(Filename: Assets/Scripts/BackGroundScrollScript.cs Line: 26)

NullReferenceException: Object reference not set to an instance of an object
  at BackGroundScrollScript.Update () [0x00018] in C:\Users\thhon\UnityFiles\TlimFinalProj2Dshooter\Assets\Scripts\BackGroundScrollScript.cs:26 

(Filename: Assets/Scripts/BackGroundScrollScript.cs Line: 26)

NullReferenceException: Object reference not set to an instance of an object
  at BackGroundScrollScript.Update () [0x00018] in C:\Users\thhon\UnityFiles\TlimFinalProj2Dshooter\Assets\Scripts\BackGroundScrollScript.cs:26 

(Filename: Assets/Scripts/BackGroundScrollScript.cs Line: 26)

NullReferenceException: Object reference not set to an instance of an object
  at BackGroundScrollScript.Update () [0x00018] in C:\Users\thhon\UnityFiles\TlimFinalProj2Dshooter\Assets\Scripts\BackGroundScrollScript.cs:26 

(Filename: Assets/Scripts/BackGroundScrollScript.cs Line: 26)

NullReferenceException: Object reference not set to an instance of an object
  at BackGroundScrollScript.Update () [0x00018] in C:\Users\thhon\UnityFiles\TlimFinalProj2Dshooter\Assets\Scripts\BackGroundScrollScript.cs:26 

(Filename: Assets/Scripts/BackGroundScrollScript.cs Line: 26)

NullReferenceException: Object reference not set to an instance of an object
  at BackGroundScrollScript.Update () [0x00018] in C:\Users\thhon\UnityFiles\TlimFinalProj2Dshooter\Assets\Scripts\BackGroundScrollScript.cs:26 

(Filename: Assets/Scripts/BackGroundScrollScript.cs Line: 26)

NullReferenceException: Object reference not set to an instance of an object
  at BackGroundScrollScript.Update () [0x00018] in C:\Users\thhon\UnityFiles\TlimFinalProj2Dshooter\Assets\Scripts\BackGroundScrollScript.cs:26 

(Filename: Assets/Scripts/BackGroundScrollScript.cs Line: 26)

NullReferenceException: Object reference not set to an instance of an object
  at BackGroundScrollScript.Update () [0x00018] in C:\Users\thhon\UnityFiles\TlimFinalProj2Dshooter\Assets\Scripts\BackGroundScrollScript.cs:26 

(Filename: Assets/Scripts/BackGroundScrollScript.cs Line: 26)

NullReferenceException: Object reference not set to an instance of an object
  at BackGroundScrollScript.Update () [0x00018] in C:\Users\thhon\UnityFiles\TlimFinalProj2Dshooter\Assets\Scripts\BackGroundScrollScript.cs:26 

(Filename: Assets/Scripts/BackGroundScrollScript.cs Line: 26)

NullReferenceException: Object reference not set to an instance of an object
  at BackGroundScrollScript.Update () [0x00018] in C:\Users\thhon\UnityFiles\TlimFinalProj2Dshooter\Assets\Scripts\BackGroundScrollScript.cs:26 

(Filename: Assets/Scripts/BackGroundScrollScript.cs Line: 26)

NullReferenceException: Object reference not set to an instance of an object
  at BackGroundScrollScript.Update () [0x00018] in C:\Users\thhon\UnityFiles\TlimFinalProj2Dshooter\Assets\Scripts\BackGroundScrollScript.cs:26 

(Filename: Assets/Scripts/BackGroundScrollScript.cs Line: 26)

NullReferenceException: Object reference not set to an instance of an object
  at BackGroundScrollScript.Update () [0x00018] in C:\Users\thhon\UnityFiles\TlimFinalProj2Dshooter\Assets\Scripts\BackGroundScrollScript.cs:26 

(Filename: Assets/Scripts/BackGroundScrollScript.cs Line: 26)

NullReferenceException: Object reference not set to an instance of an object
  at BackGroundScrollScript.Update () [0x00018] in C:\Users\thhon\UnityFiles\TlimFinalProj2Dshooter\Assets\Scripts\BackGroundScrollScript.cs:26 

(Filename: Assets/Scripts/BackGroundScrollScript.cs Line: 26)

NullReferenceException: Object reference not set to an instance of an object
  at BackGroundScrollScript.Update () [0x00018] in C:\Users\thhon\UnityFiles\TlimFinalProj2Dshooter\Assets\Scripts\BackGroundScrollScript.cs:26 

(Filename: Assets/Scripts/BackGroundScrollScript.cs Line: 26)

NullReferenceException: Object reference not set to an instance of an object
  at BackGroundScrollScript.Update () [0x00018] in C:\Users\thhon\UnityFiles\TlimFinalProj2Dshooter\Assets\Scripts\BackGroundScrollScript.cs:26 

(Filename: Assets/Scripts/BackGroundScrollScript.cs Line: 26)

NullReferenceException: Object reference not set to an instance of an object
  at BackGroundScrollScript.Update () [0x00018] in C:\Users\thhon\UnityFiles\TlimFinalProj2Dshooter\Assets\Scripts\BackGroundScrollScript.cs:26 

(Filename: Assets/Scripts/BackGroundScrollScript.cs Line: 26)

NullReferenceException: Object reference not set to an instance of an object
  at BackGroundScrollScript.Update () [0x00018] in C:\Users\thhon\UnityFiles\TlimFinalProj2Dshooter\Assets\Scripts\BackGroundScrollScript.cs:26 

(Filename: Assets/Scripts/BackGroundScrollScript.cs Line: 26)

NullReferenceException: Object reference not set to an instance of an object
  at BackGroundScrollScript.Update () [0x00018] in C:\Users\thhon\UnityFiles\TlimFinalProj2Dshooter\Assets\Scripts\BackGroundScrollScript.cs:26 

(Filename: Assets/Scripts/BackGroundScrollScript.cs Line: 26)

NullReferenceException: Object reference not set to an instance of an object
  at BackGroundScrollScript.Update () [0x00018] in C:\Users\thhon\UnityFiles\TlimFinalProj2Dshooter\Assets\Scripts\BackGroundScrollScript.cs:26 

(Filename: Assets/Scripts/BackGroundScrollScript.cs Line: 26)

NullReferenceException: Object reference not set to an instance of an object
  at BackGroundScrollScript.Update () [0x00018] in C:\Users\thhon\UnityFiles\TlimFinalProj2Dshooter\Assets\Scripts\BackGroundScrollScript.cs:26 

(Filename: Assets/Scripts/BackGroundScrollScript.cs Line: 26)

NullReferenceException: Object reference not set to an instance of an object
  at BackGroundScrollScript.Update () [0x00018] in C:\Users\thhon\UnityFiles\TlimFinalProj2Dshooter\Assets\Scripts\BackGroundScrollScript.cs:26 

(Filename: Assets/Scripts/BackGroundScrollScript.cs Line: 26)

NullReferenceException: Object reference not set to an instance of an object
  at BackGroundScrollScript.Update () [0x00018] in C:\Users\thhon\UnityFiles\TlimFinalProj2Dshooter\Assets\Scripts\BackGroundScrollScript.cs:26 

(Filename: Assets/Scripts/BackGroundScrollScript.cs Line: 26)

NullReferenceException: Object reference not set to an instance of an object
  at BackGroundScrollScript.Update () [0x00018] in C:\Users\thhon\UnityFiles\TlimFinalProj2Dshooter\Assets\Scripts\BackGroundScrollScript.cs:26 

(Filename: Assets/Scripts/BackGroundScrollScript.cs Line: 26)

NullReferenceException: Object reference not set to an instance of an object
  at BackGroundScrollScript.Update () [0x00018] in C:\Users\thhon\UnityFiles\TlimFinalProj2Dshooter\Assets\Scripts\BackGroundScrollScript.cs:26 

(Filename: Assets/Scripts/BackGroundScrollScript.cs Line: 26)

NullReferenceException: Object reference not set to an instance of an object
  at BackGroundScrollScript.Update () [0x00018] in C:\Users\thhon\UnityFiles\TlimFinalProj2Dshooter\Assets\Scripts\BackGroundScrollScript.cs:26 

(Filename: Assets/Scripts/BackGroundScrollScript.cs Line: 26)

NullReferenceException: Object reference not set to an instance of an object
  at BackGroundScrollScript.Update () [0x00018] in C:\Users\thhon\UnityFiles\TlimFinalProj2Dshooter\Assets\Scripts\BackGroundScrollScript.cs:26 

(Filename: Assets/Scripts/BackGroundScrollScript.cs Line: 26)

NullReferenceException: Object reference not set to an instance of an object
  at BackGroundScrollScript.Update () [0x00018] in C:\Users\thhon\UnityFiles\TlimFinalProj2Dshooter\Assets\Scripts\BackGroundScrollScript.cs:26 

(Filename: Assets/Scripts/BackGroundScrollScript.cs Line: 26)

NullReferenceException: Object reference not set to an instance of an object
  at BackGroundScrollScript.Update () [0x00018] in C:\Users\thhon\UnityFiles\TlimFinalProj2Dshooter\Assets\Scripts\BackGroundScrollScript.cs:26 

(Filename: Assets/Scripts/BackGroundScrollScript.cs Line: 26)

NullReferenceException: Object reference not set to an instance of an object
  at BackGroundScrollScript.Update () [0x00018] in C:\Users\thhon\UnityFiles\TlimFinalProj2Dshooter\Assets\Scripts\BackGroundScrollScript.cs:26 

(Filename: Assets/Scripts/BackGroundScrollScript.cs Line: 26)

NullReferenceException: Object reference not set to an instance of an object
  at BackGroundScrollScript.Update () [0x00018] in C:\Users\thhon\UnityFiles\TlimFinalProj2Dshooter\Assets\Scripts\BackGroundScrollScript.cs:26 

(Filename: Assets/Scripts/BackGroundScrollScript.cs Line: 26)

NullReferenceException: Object reference not set to an instance of an object
  at BackGroundScrollScript.Update () [0x00018] in C:\Users\thhon\UnityFiles\TlimFinalProj2Dshooter\Assets\Scripts\BackGroundScrollScript.cs:26 

(Filename: Assets/Scripts/BackGroundScrollScript.cs Line: 26)

NullReferenceException: Object reference not set to an instance of an object
  at BackGroundScrollScript.Update () [0x00018] in C:\Users\thhon\UnityFiles\TlimFinalProj2Dshooter\Assets\Scripts\BackGroundScrollScript.cs:26 

(Filename: Assets/Scripts/BackGroundScrollScript.cs Line: 26)

NullReferenceException: Object reference not set to an instance of an object
  at BackGroundScrollScript.Update () [0x00018] in C:\Users\thhon\UnityFiles\TlimFinalProj2Dshooter\Assets\Scripts\BackGroundScrollScript.cs:26 

(Filename: Assets/Scripts/BackGroundScrollScript.cs Line: 26)

NullReferenceException: Object reference not set to an instance of an object
  at BackGroundScrollScript.Update () [0x00018] in C:\Users\thhon\UnityFiles\TlimFinalProj2Dshooter\Assets\Scripts\BackGroundScrollScript.cs:26 

(Filename: Assets/Scripts/BackGroundScrollScript.cs Line: 26)

NullReferenceException: Object reference not set to an instance of an object
  at BackGroundScrollScript.Update () [0x00018] in C:\Users\thhon\UnityFiles\TlimFinalProj2Dshooter\Assets\Scripts\BackGroundScrollScript.cs:26 

(Filename: Assets/Scripts/BackGroundScrollScript.cs Line: 26)

NullReferenceException: Object reference not set to an instance of an object
  at BackGroundScrollScript.Update () [0x00018] in C:\Users\thhon\UnityFiles\TlimFinalProj2Dshooter\Assets\Scripts\BackGroundScrollScript.cs:26 

(Filename: Assets/Scripts/BackGroundScrollScript.cs Line: 26)

NullReferenceException: Object reference not set to an instance of an object
  at BackGroundScrollScript.Update () [0x00018] in C:\Users\thhon\UnityFiles\TlimFinalProj2Dshooter\Assets\Scripts\BackGroundScrollScript.cs:26 

(Filename: Assets/Scripts/BackGroundScrollScript.cs Line: 26)

NullReferenceException: Object reference not set to an instance of an object
  at BackGroundScrollScript.Update () [0x00018] in C:\Users\thhon\UnityFiles\TlimFinalProj2Dshooter\Assets\Scripts\BackGroundScrollScript.cs:26 

(Filename: Assets/Scripts/BackGroundScrollScript.cs Line: 26)

NullReferenceException: Object reference not set to an instance of an object
  at BackGroundScrollScript.Update () [0x00018] in C:\Users\thhon\UnityFiles\TlimFinalProj2Dshooter\Assets\Scripts\BackGroundScrollScript.cs:26 

(Filename: Assets/Scripts/BackGroundScrollScript.cs Line: 26)

NullReferenceException: Object reference not set to an instance of an object
  at BackGroundScrollScript.Update () [0x00018] in C:\Users\thhon\UnityFiles\TlimFinalProj2Dshooter\Assets\Scripts\BackGroundScrollScript.cs:26 

(Filename: Assets/Scripts/BackGroundScrollScript.cs Line: 26)

NullReferenceException: Object reference not set to an instance of an object
  at BackGroundScrollScript.Update () [0x00018] in C:\Users\thhon\UnityFiles\TlimFinalProj2Dshooter\Assets\Scripts\BackGroundScrollScript.cs:26 

(Filename: Assets/Scripts/BackGroundScrollScript.cs Line: 26)

NullReferenceException: Object reference not set to an instance of an object
  at BackGroundScrollScript.Update () [0x00018] in C:\Users\thhon\UnityFiles\TlimFinalProj2Dshooter\Assets\Scripts\BackGroundScrollScript.cs:26 

(Filename: Assets/Scripts/BackGroundScrollScript.cs Line: 26)

NullReferenceException: Object reference not set to an instance of an object
  at BackGroundScrollScript.Update () [0x00018] in C:\Users\thhon\UnityFiles\TlimFinalProj2Dshooter\Assets\Scripts\BackGroundScrollScript.cs:26 

(Filename: Assets/Scripts/BackGroundScrollScript.cs Line: 26)

NullReferenceException: Object reference not set to an instance of an object
  at BackGroundScrollScript.Update () [0x00018] in C:\Users\thhon\UnityFiles\TlimFinalProj2Dshooter\Assets\Scripts\BackGroundScrollScript.cs:26 

(Filename: Assets/Scripts/BackGroundScrollScript.cs Line: 26)

NullReferenceException: Object reference not set to an instance of an object
  at BackGroundScrollScript.Update () [0x00018] in C:\Users\thhon\UnityFiles\TlimFinalProj2Dshooter\Assets\Scripts\BackGroundScrollScript.cs:26 

(Filename: Assets/Scripts/BackGroundScrollScript.cs Line: 26)

NullReferenceException: Object reference not set to an instance of an object
  at BackGroundScrollScript.Update () [0x00018] in C:\Users\thhon\UnityFiles\TlimFinalProj2Dshooter\Assets\Scripts\BackGroundScrollScript.cs:26 

(Filename: Assets/Scripts/BackGroundScrollScript.cs Line: 26)

NullReferenceException: Object reference not set to an instance of an object
  at BackGroundScrollScript.Update () [0x00018] in C:\Users\thhon\UnityFiles\TlimFinalProj2Dshooter\Assets\Scripts\BackGroundScrollScript.cs:26 

(Filename: Assets/Scripts/BackGroundScrollScript.cs Line: 26)

NullReferenceException: Object reference not set to an instance of an object
  at BackGroundScrollScript.Update () [0x00018] in C:\Users\thhon\UnityFiles\TlimFinalProj2Dshooter\Assets\Scripts\BackGroundScrollScript.cs:26 

(Filename: Assets/Scripts/BackGroundScrollScript.cs Line: 26)

NullReferenceException: Object reference not set to an instance of an object
  at BackGroundScrollScript.Update () [0x00018] in C:\Users\thhon\UnityFiles\TlimFinalProj2Dshooter\Assets\Scripts\BackGroundScrollScript.cs:26 

(Filename: Assets/Scripts/BackGroundScrollScript.cs Line: 26)

NullReferenceException: Object reference not set to an instance of an object
  at BackGroundScrollScript.Update () [0x00018] in C:\Users\thhon\UnityFiles\TlimFinalProj2Dshooter\Assets\Scripts\BackGroundScrollScript.cs:26 

(Filename: Assets/Scripts/BackGroundScrollScript.cs Line: 26)

NullReferenceException: Object reference not set to an instance of an object
  at BackGroundScrollScript.Update () [0x00018] in C:\Users\thhon\UnityFiles\TlimFinalProj2Dshooter\Assets\Scripts\BackGroundScrollScript.cs:26 

(Filename: Assets/Scripts/BackGroundScrollScript.cs Line: 26)

NullReferenceException: Object reference not set to an instance of an object
  at BackGroundScrollScript.Update () [0x00018] in C:\Users\thhon\UnityFiles\TlimFinalProj2Dshooter\Assets\Scripts\BackGroundScrollScript.cs:26 

(Filename: Assets/Scripts/BackGroundScrollScript.cs Line: 26)

NullReferenceException: Object reference not set to an instance of an object
  at BackGroundScrollScript.Update () [0x00018] in C:\Users\thhon\UnityFiles\TlimFinalProj2Dshooter\Assets\Scripts\BackGroundScrollScript.cs:26 

(Filename: Assets/Scripts/BackGroundScrollScript.cs Line: 26)

NullReferenceException: Object reference not set to an instance of an object
  at BackGroundScrollScript.Update () [0x00018] in C:\Users\thhon\UnityFiles\TlimFinalProj2Dshooter\Assets\Scripts\BackGroundScrollScript.cs:26 

(Filename: Assets/Scripts/BackGroundScrollScript.cs Line: 26)

NullReferenceException: Object reference not set to an instance of an object
  at BackGroundScrollScript.Update () [0x00018] in C:\Users\thhon\UnityFiles\TlimFinalProj2Dshooter\Assets\Scripts\BackGroundScrollScript.cs:26 

(Filename: Assets/Scripts/BackGroundScrollScript.cs Line: 26)

NullReferenceException: Object reference not set to an instance of an object
  at BackGroundScrollScript.Update () [0x00018] in C:\Users\thhon\UnityFiles\TlimFinalProj2Dshooter\Assets\Scripts\BackGroundScrollScript.cs:26 

(Filename: Assets/Scripts/BackGroundScrollScript.cs Line: 26)

NullReferenceException: Object reference not set to an instance of an object
  at BackGroundScrollScript.Update () [0x00018] in C:\Users\thhon\UnityFiles\TlimFinalProj2Dshooter\Assets\Scripts\BackGroundScrollScript.cs:26 

(Filename: Assets/Scripts/BackGroundScrollScript.cs Line: 26)

NullReferenceException: Object reference not set to an instance of an object
  at BackGroundScrollScript.Update () [0x00018] in C:\Users\thhon\UnityFiles\TlimFinalProj2Dshooter\Assets\Scripts\BackGroundScrollScript.cs:26 

(Filename: Assets/Scripts/BackGroundScrollScript.cs Line: 26)

NullReferenceException: Object reference not set to an instance of an object
  at BackGroundScrollScript.Update () [0x00018] in C:\Users\thhon\UnityFiles\TlimFinalProj2Dshooter\Assets\Scripts\BackGroundScrollScript.cs:26 

(Filename: Assets/Scripts/BackGroundScrollScript.cs Line: 26)

NullReferenceException: Object reference not set to an instance of an object
  at BackGroundScrollScript.Update () [0x00018] in C:\Users\thhon\UnityFiles\TlimFinalProj2Dshooter\Assets\Scripts\BackGroundScrollScript.cs:26 

(Filename: Assets/Scripts/BackGroundScrollScript.cs Line: 26)

NullReferenceException: Object reference not set to an instance of an object
  at BackGroundScrollScript.Update () [0x00018] in C:\Users\thhon\UnityFiles\TlimFinalProj2Dshooter\Assets\Scripts\BackGroundScrollScript.cs:26 

(Filename: Assets/Scripts/BackGroundScrollScript.cs Line: 26)

NullReferenceException: Object reference not set to an instance of an object
  at BackGroundScrollScript.Update () [0x00018] in C:\Users\thhon\UnityFiles\TlimFinalProj2Dshooter\Assets\Scripts\BackGroundScrollScript.cs:26 

(Filename: Assets/Scripts/BackGroundScrollScript.cs Line: 26)

NullReferenceException: Object reference not set to an instance of an object
  at BackGroundScrollScript.Update () [0x00018] in C:\Users\thhon\UnityFiles\TlimFinalProj2Dshooter\Assets\Scripts\BackGroundScrollScript.cs:26 

(Filename: Assets/Scripts/BackGroundScrollScript.cs Line: 26)

NullReferenceException: Object reference not set to an instance of an object
  at BackGroundScrollScript.Update () [0x00018] in C:\Users\thhon\UnityFiles\TlimFinalProj2Dshooter\Assets\Scripts\BackGroundScrollScript.cs:26 

(Filename: Assets/Scripts/BackGroundScrollScript.cs Line: 26)

NullReferenceException: Object reference not set to an instance of an object
  at BackGroundScrollScript.Update () [0x00018] in C:\Users\thhon\UnityFiles\TlimFinalProj2Dshooter\Assets\Scripts\BackGroundScrollScript.cs:26 

(Filename: Assets/Scripts/BackGroundScrollScript.cs Line: 26)

NullReferenceException: Object reference not set to an instance of an object
  at BackGroundScrollScript.Update () [0x00018] in C:\Users\thhon\UnityFiles\TlimFinalProj2Dshooter\Assets\Scripts\BackGroundScrollScript.cs:26 

(Filename: Assets/Scripts/BackGroundScrollScript.cs Line: 26)

NullReferenceException: Object reference not set to an instance of an object
  at BackGroundScrollScript.Update () [0x00018] in C:\Users\thhon\UnityFiles\TlimFinalProj2Dshooter\Assets\Scripts\BackGroundScrollScript.cs:26 

(Filename: Assets/Scripts/BackGroundScrollScript.cs Line: 26)

NullReferenceException: Object reference not set to an instance of an object
  at BackGroundScrollScript.Update () [0x00018] in C:\Users\thhon\UnityFiles\TlimFinalProj2Dshooter\Assets\Scripts\BackGroundScrollScript.cs:26 

(Filename: Assets/Scripts/BackGroundScrollScript.cs Line: 26)

NullReferenceException: Object reference not set to an instance of an object
  at BackGroundScrollScript.Update () [0x00018] in C:\Users\thhon\UnityFiles\TlimFinalProj2Dshooter\Assets\Scripts\BackGroundScrollScript.cs:26 

(Filename: Assets/Scripts/BackGroundScrollScript.cs Line: 26)

NullReferenceException: Object reference not set to an instance of an object
  at BackGroundScrollScript.Update () [0x00018] in C:\Users\thhon\UnityFiles\TlimFinalProj2Dshooter\Assets\Scripts\BackGroundScrollScript.cs:26 

(Filename: Assets/Scripts/BackGroundScrollScript.cs Line: 26)

NullReferenceException: Object reference not set to an instance of an object
  at BackGroundScrollScript.Update () [0x00018] in C:\Users\thhon\UnityFiles\TlimFinalProj2Dshooter\Assets\Scripts\BackGroundScrollScript.cs:26 

(Filename: Assets/Scripts/BackGroundScrollScript.cs Line: 26)

NullReferenceException: Object reference not set to an instance of an object
  at BackGroundScrollScript.Update () [0x00018] in C:\Users\thhon\UnityFiles\TlimFinalProj2Dshooter\Assets\Scripts\BackGroundScrollScript.cs:26 

(Filename: Assets/Scripts/BackGroundScrollScript.cs Line: 26)

NullReferenceException: Object reference not set to an instance of an object
  at BackGroundScrollScript.Update () [0x00018] in C:\Users\thhon\UnityFiles\TlimFinalProj2Dshooter\Assets\Scripts\BackGroundScrollScript.cs:26 

(Filename: Assets/Scripts/BackGroundScrollScript.cs Line: 26)

NullReferenceException: Object reference not set to an instance of an object
  at BackGroundScrollScript.Update () [0x00018] in C:\Users\thhon\UnityFiles\TlimFinalProj2Dshooter\Assets\Scripts\BackGroundScrollScript.cs:26 

(Filename: Assets/Scripts/BackGroundScrollScript.cs Line: 26)

NullReferenceException: Object reference not set to an instance of an object
  at BackGroundScrollScript.Update () [0x00018] in C:\Users\thhon\UnityFiles\TlimFinalProj2Dshooter\Assets\Scripts\BackGroundScrollScript.cs:26 

(Filename: Assets/Scripts/BackGroundScrollScript.cs Line: 26)

NullReferenceException: Object reference not set to an instance of an object
  at BackGroundScrollScript.Update () [0x00018] in C:\Users\thhon\UnityFiles\TlimFinalProj2Dshooter\Assets\Scripts\BackGroundScrollScript.cs:26 

(Filename: Assets/Scripts/BackGroundScrollScript.cs Line: 26)

NullReferenceException: Object reference not set to an instance of an object
  at BackGroundScrollScript.Update () [0x00018] in C:\Users\thhon\UnityFiles\TlimFinalProj2Dshooter\Assets\Scripts\BackGroundScrollScript.cs:26 

(Filename: Assets/Scripts/BackGroundScrollScript.cs Line: 26)

NullReferenceException: Object reference not set to an instance of an object
  at BackGroundScrollScript.Update () [0x00018] in C:\Users\thhon\UnityFiles\TlimFinalProj2Dshooter\Assets\Scripts\BackGroundScrollScript.cs:26 

(Filename: Assets/Scripts/BackGroundScrollScript.cs Line: 26)

NullReferenceException: Object reference not set to an instance of an object
  at BackGroundScrollScript.Update () [0x00018] in C:\Users\thhon\UnityFiles\TlimFinalProj2Dshooter\Assets\Scripts\BackGroundScrollScript.cs:26 

(Filename: Assets/Scripts/BackGroundScrollScript.cs Line: 26)

NullReferenceException: Object reference not set to an instance of an object
  at BackGroundScrollScript.Update () [0x00018] in C:\Users\thhon\UnityFiles\TlimFinalProj2Dshooter\Assets\Scripts\BackGroundScrollScript.cs:26 

(Filename: Assets/Scripts/BackGroundScrollScript.cs Line: 26)

NullReferenceException: Object reference not set to an instance of an object
  at BackGroundScrollScript.Update () [0x00018] in C:\Users\thhon\UnityFiles\TlimFinalProj2Dshooter\Assets\Scripts\BackGroundScrollScript.cs:26 

(Filename: Assets/Scripts/BackGroundScrollScript.cs Line: 26)

NullReferenceException: Object reference not set to an instance of an object
  at BackGroundScrollScript.Update () [0x00018] in C:\Users\thhon\UnityFiles\TlimFinalProj2Dshooter\Assets\Scripts\BackGroundScrollScript.cs:26 

(Filename: Assets/Scripts/BackGroundScrollScript.cs Line: 26)

NullReferenceException: Object reference not set to an instance of an object
  at BackGroundScrollScript.Update () [0x00018] in C:\Users\thhon\UnityFiles\TlimFinalProj2Dshooter\Assets\Scripts\BackGroundScrollScript.cs:26 

(Filename: Assets/Scripts/BackGroundScrollScript.cs Line: 26)

NullReferenceException: Object reference not set to an instance of an object
  at BackGroundScrollScript.Update () [0x00018] in C:\Users\thhon\UnityFiles\TlimFinalProj2Dshooter\Assets\Scripts\BackGroundScrollScript.cs:26 

(Filename: Assets/Scripts/BackGroundScrollScript.cs Line: 26)

NullReferenceException: Object reference not set to an instance of an object
  at BackGroundScrollScript.Update () [0x00018] in C:\Users\thhon\UnityFiles\TlimFinalProj2Dshooter\Assets\Scripts\BackGroundScrollScript.cs:26 

(Filename: Assets/Scripts/BackGroundScrollScript.cs Line: 26)

NullReferenceException: Object reference not set to an instance of an object
  at BackGroundScrollScript.Update () [0x00018] in C:\Users\thhon\UnityFiles\TlimFinalProj2Dshooter\Assets\Scripts\BackGroundScrollScript.cs:26 

(Filename: Assets/Scripts/BackGroundScrollScript.cs Line: 26)

NullReferenceException: Object reference not set to an instance of an object
  at BackGroundScrollScript.Update () [0x00018] in C:\Users\thhon\UnityFiles\TlimFinalProj2Dshooter\Assets\Scripts\BackGroundScrollScript.cs:26 

(Filename: Assets/Scripts/BackGroundScrollScript.cs Line: 26)

NullReferenceException: Object reference not set to an instance of an object
  at BackGroundScrollScript.Update () [0x00018] in C:\Users\thhon\UnityFiles\TlimFinalProj2Dshooter\Assets\Scripts\BackGroundScrollScript.cs:26 

(Filename: Assets/Scripts/BackGroundScrollScript.cs Line: 26)

NullReferenceException: Object reference not set to an instance of an object
  at BackGroundScrollScript.Update () [0x00018] in C:\Users\thhon\UnityFiles\TlimFinalProj2Dshooter\Assets\Scripts\BackGroundScrollScript.cs:26 

(Filename: Assets/Scripts/BackGroundScrollScript.cs Line: 26)

NullReferenceException: Object reference not set to an instance of an object
  at BackGroundScrollScript.Update () [0x00018] in C:\Users\thhon\UnityFiles\TlimFinalProj2Dshooter\Assets\Scripts\BackGroundScrollScript.cs:26 

(Filename: Assets/Scripts/BackGroundScrollScript.cs Line: 26)

NullReferenceException: Object reference not set to an instance of an object
  at BackGroundScrollScript.Update () [0x00018] in C:\Users\thhon\UnityFiles\TlimFinalProj2Dshooter\Assets\Scripts\BackGroundScrollScript.cs:26 

(Filename: Assets/Scripts/BackGroundScrollScript.cs Line: 26)

NullReferenceException: Object reference not set to an instance of an object
  at BackGroundScrollScript.Update () [0x00018] in C:\Users\thhon\UnityFiles\TlimFinalProj2Dshooter\Assets\Scripts\BackGroundScrollScript.cs:26 

(Filename: Assets/Scripts/BackGroundScrollScript.cs Line: 26)

NullReferenceException: Object reference not set to an instance of an object
  at BackGroundScrollScript.Update () [0x00018] in C:\Users\thhon\UnityFiles\TlimFinalProj2Dshooter\Assets\Scripts\BackGroundScrollScript.cs:26 

(Filename: Assets/Scripts/BackGroundScrollScript.cs Line: 26)

NullReferenceException: Object reference not set to an instance of an object
  at BackGroundScrollScript.Update () [0x00018] in C:\Users\thhon\UnityFiles\TlimFinalProj2Dshooter\Assets\Scripts\BackGroundScrollScript.cs:26 

(Filename: Assets/Scripts/BackGroundScrollScript.cs Line: 26)

NullReferenceException: Object reference not set to an instance of an object
  at BackGroundScrollScript.Update () [0x00018] in C:\Users\thhon\UnityFiles\TlimFinalProj2Dshooter\Assets\Scripts\BackGroundScrollScript.cs:26 

(Filename: Assets/Scripts/BackGroundScrollScript.cs Line: 26)

NullReferenceException: Object reference not set to an instance of an object
  at BackGroundScrollScript.Update () [0x00018] in C:\Users\thhon\UnityFiles\TlimFinalProj2Dshooter\Assets\Scripts\BackGroundScrollScript.cs:26 

(Filename: Assets/Scripts/BackGroundScrollScript.cs Line: 26)

NullReferenceException: Object reference not set to an instance of an object
  at BackGroundScrollScript.Update () [0x00018] in C:\Users\thhon\UnityFiles\TlimFinalProj2Dshooter\Assets\Scripts\BackGroundScrollScript.cs:26 

(Filename: Assets/Scripts/BackGroundScrollScript.cs Line: 26)

NullReferenceException: Object reference not set to an instance of an object
  at BackGroundScrollScript.Update () [0x00018] in C:\Users\thhon\UnityFiles\TlimFinalProj2Dshooter\Assets\Scripts\BackGroundScrollScript.cs:26 

(Filename: Assets/Scripts/BackGroundScrollScript.cs Line: 26)

NullReferenceException: Object reference not set to an instance of an object
  at BackGroundScrollScript.Update () [0x00018] in C:\Users\thhon\UnityFiles\TlimFinalProj2Dshooter\Assets\Scripts\BackGroundScrollScript.cs:26 

(Filename: Assets/Scripts/BackGroundScrollScript.cs Line: 26)

NullReferenceException: Object reference not set to an instance of an object
  at BackGroundScrollScript.Update () [0x00018] in C:\Users\thhon\UnityFiles\TlimFinalProj2Dshooter\Assets\Scripts\BackGroundScrollScript.cs:26 

(Filename: Assets/Scripts/BackGroundScrollScript.cs Line: 26)

NullReferenceException: Object reference not set to an instance of an object
  at BackGroundScrollScript.Update () [0x00018] in C:\Users\thhon\UnityFiles\TlimFinalProj2Dshooter\Assets\Scripts\BackGroundScrollScript.cs:26 

(Filename: Assets/Scripts/BackGroundScrollScript.cs Line: 26)

NullReferenceException: Object reference not set to an instance of an object
  at BackGroundScrollScript.Update () [0x00018] in C:\Users\thhon\UnityFiles\TlimFinalProj2Dshooter\Assets\Scripts\BackGroundScrollScript.cs:26 

(Filename: Assets/Scripts/BackGroundScrollScript.cs Line: 26)

NullReferenceException: Object reference not set to an instance of an object
  at BackGroundScrollScript.Update () [0x00018] in C:\Users\thhon\UnityFiles\TlimFinalProj2Dshooter\Assets\Scripts\BackGroundScrollScript.cs:26 

(Filename: Assets/Scripts/BackGroundScrollScript.cs Line: 26)

NullReferenceException: Object reference not set to an instance of an object
  at BackGroundScrollScript.Update () [0x00018] in C:\Users\thhon\UnityFiles\TlimFinalProj2Dshooter\Assets\Scripts\BackGroundScrollScript.cs:26 

(Filename: Assets/Scripts/BackGroundScrollScript.cs Line: 26)

NullReferenceException: Object reference not set to an instance of an object
  at BackGroundScrollScript.Update () [0x00018] in C:\Users\thhon\UnityFiles\TlimFinalProj2Dshooter\Assets\Scripts\BackGroundScrollScript.cs:26 

(Filename: Assets/Scripts/BackGroundScrollScript.cs Line: 26)

NullReferenceException: Object reference not set to an instance of an object
  at BackGroundScrollScript.Update () [0x00018] in C:\Users\thhon\UnityFiles\TlimFinalProj2Dshooter\Assets\Scripts\BackGroundScrollScript.cs:26 

(Filename: Assets/Scripts/BackGroundScrollScript.cs Line: 26)

NullReferenceException: Object reference not set to an instance of an object
  at BackGroundScrollScript.Update () [0x00018] in C:\Users\thhon\UnityFiles\TlimFinalProj2Dshooter\Assets\Scripts\BackGroundScrollScript.cs:26 

(Filename: Assets/Scripts/BackGroundScrollScript.cs Line: 26)

NullReferenceException: Object reference not set to an instance of an object
  at BackGroundScrollScript.Update () [0x00018] in C:\Users\thhon\UnityFiles\TlimFinalProj2Dshooter\Assets\Scripts\BackGroundScrollScript.cs:26 

(Filename: Assets/Scripts/BackGroundScrollScript.cs Line: 26)

NullReferenceException: Object reference not set to an instance of an object
  at BackGroundScrollScript.Update () [0x00018] in C:\Users\thhon\UnityFiles\TlimFinalProj2Dshooter\Assets\Scripts\BackGroundScrollScript.cs:26 

(Filename: Assets/Scripts/BackGroundScrollScript.cs Line: 26)

NullReferenceException: Object reference not set to an instance of an object
  at BackGroundScrollScript.Update () [0x00018] in C:\Users\thhon\UnityFiles\TlimFinalProj2Dshooter\Assets\Scripts\BackGroundScrollScript.cs:26 

(Filename: Assets/Scripts/BackGroundScrollScript.cs Line: 26)

NullReferenceException: Object reference not set to an instance of an object
  at BackGroundScrollScript.Update () [0x00018] in C:\Users\thhon\UnityFiles\TlimFinalProj2Dshooter\Assets\Scripts\BackGroundScrollScript.cs:26 

(Filename: Assets/Scripts/BackGroundScrollScript.cs Line: 26)

NullReferenceException: Object reference not set to an instance of an object
  at BackGroundScrollScript.Update () [0x00018] in C:\Users\thhon\UnityFiles\TlimFinalProj2Dshooter\Assets\Scripts\BackGroundScrollScript.cs:26 

(Filename: Assets/Scripts/BackGroundScrollScript.cs Line: 26)

NullReferenceException: Object reference not set to an instance of an object
  at BackGroundScrollScript.Update () [0x00018] in C:\Users\thhon\UnityFiles\TlimFinalProj2Dshooter\Assets\Scripts\BackGroundScrollScript.cs:26 

(Filename: Assets/Scripts/BackGroundScrollScript.cs Line: 26)

NullReferenceException: Object reference not set to an instance of an object
  at BackGroundScrollScript.Update () [0x00018] in C:\Users\thhon\UnityFiles\TlimFinalProj2Dshooter\Assets\Scripts\BackGroundScrollScript.cs:26 

(Filename: Assets/Scripts/BackGroundScrollScript.cs Line: 26)

NullReferenceException: Object reference not set to an instance of an object
  at BackGroundScrollScript.Update () [0x00018] in C:\Users\thhon\UnityFiles\TlimFinalProj2Dshooter\Assets\Scripts\BackGroundScrollScript.cs:26 

(Filename: Assets/Scripts/BackGroundScrollScript.cs Line: 26)

NullReferenceException: Object reference not set to an instance of an object
  at BackGroundScrollScript.Update () [0x00018] in C:\Users\thhon\UnityFiles\TlimFinalProj2Dshooter\Assets\Scripts\BackGroundScrollScript.cs:26 

(Filename: Assets/Scripts/BackGroundScrollScript.cs Line: 26)

NullReferenceException: Object reference not set to an instance of an object
  at BackGroundScrollScript.Update () [0x00018] in C:\Users\thhon\UnityFiles\TlimFinalProj2Dshooter\Assets\Scripts\BackGroundScrollScript.cs:26 

(Filename: Assets/Scripts/BackGroundScrollScript.cs Line: 26)

NullReferenceException: Object reference not set to an instance of an object
  at BackGroundScrollScript.Update () [0x00018] in C:\Users\thhon\UnityFiles\TlimFinalProj2Dshooter\Assets\Scripts\BackGroundScrollScript.cs:26 

(Filename: Assets/Scripts/BackGroundScrollScript.cs Line: 26)

NullReferenceException: Object reference not set to an instance of an object
  at BackGroundScrollScript.Update () [0x00018] in C:\Users\thhon\UnityFiles\TlimFinalProj2Dshooter\Assets\Scripts\BackGroundScrollScript.cs:26 

(Filename: Assets/Scripts/BackGroundScrollScript.cs Line: 26)

NullReferenceException: Object reference not set to an instance of an object
  at BackGroundScrollScript.Update () [0x00018] in C:\Users\thhon\UnityFiles\TlimFinalProj2Dshooter\Assets\Scripts\BackGroundScrollScript.cs:26 

(Filename: Assets/Scripts/BackGroundScrollScript.cs Line: 26)

NullReferenceException: Object reference not set to an instance of an object
  at BackGroundScrollScript.Update () [0x00018] in C:\Users\thhon\UnityFiles\TlimFinalProj2Dshooter\Assets\Scripts\BackGroundScrollScript.cs:26 

(Filename: Assets/Scripts/BackGroundScrollScript.cs Line: 26)

NullReferenceException: Object reference not set to an instance of an object
  at BackGroundScrollScript.Update () [0x00018] in C:\Users\thhon\UnityFiles\TlimFinalProj2Dshooter\Assets\Scripts\BackGroundScrollScript.cs:26 

(Filename: Assets/Scripts/BackGroundScrollScript.cs Line: 26)

NullReferenceException: Object reference not set to an instance of an object
  at BackGroundScrollScript.Update () [0x00018] in C:\Users\thhon\UnityFiles\TlimFinalProj2Dshooter\Assets\Scripts\BackGroundScrollScript.cs:26 

(Filename: Assets/Scripts/BackGroundScrollScript.cs Line: 26)

NullReferenceException: Object reference not set to an instance of an object
  at BackGroundScrollScript.Update () [0x00018] in C:\Users\thhon\UnityFiles\TlimFinalProj2Dshooter\Assets\Scripts\BackGroundScrollScript.cs:26 

(Filename: Assets/Scripts/BackGroundScrollScript.cs Line: 26)

NullReferenceException: Object reference not set to an instance of an object
  at BackGroundScrollScript.Update () [0x00018] in C:\Users\thhon\UnityFiles\TlimFinalProj2Dshooter\Assets\Scripts\BackGroundScrollScript.cs:26 

(Filename: Assets/Scripts/BackGroundScrollScript.cs Line: 26)

NullReferenceException: Object reference not set to an instance of an object
  at BackGroundScrollScript.Update () [0x00018] in C:\Users\thhon\UnityFiles\TlimFinalProj2Dshooter\Assets\Scripts\BackGroundScrollScript.cs:26 

(Filename: Assets/Scripts/BackGroundScrollScript.cs Line: 26)

NullReferenceException: Object reference not set to an instance of an object
  at BackGroundScrollScript.Update () [0x00018] in C:\Users\thhon\UnityFiles\TlimFinalProj2Dshooter\Assets\Scripts\BackGroundScrollScript.cs:26 

(Filename: Assets/Scripts/BackGroundScrollScript.cs Line: 26)

NullReferenceException: Object reference not set to an instance of an object
  at BackGroundScrollScript.Update () [0x00018] in C:\Users\thhon\UnityFiles\TlimFinalProj2Dshooter\Assets\Scripts\BackGroundScrollScript.cs:26 

(Filename: Assets/Scripts/BackGroundScrollScript.cs Line: 26)

NullReferenceException: Object reference not set to an instance of an object
  at BackGroundScrollScript.Update () [0x00018] in C:\Users\thhon\UnityFiles\TlimFinalProj2Dshooter\Assets\Scripts\BackGroundScrollScript.cs:26 

(Filename: Assets/Scripts/BackGroundScrollScript.cs Line: 26)

NullReferenceException: Object reference not set to an instance of an object
  at BackGroundScrollScript.Update () [0x00018] in C:\Users\thhon\UnityFiles\TlimFinalProj2Dshooter\Assets\Scripts\BackGroundScrollScript.cs:26 

(Filename: Assets/Scripts/BackGroundScrollScript.cs Line: 26)

NullReferenceException: Object reference not set to an instance of an object
  at BackGroundScrollScript.Update () [0x00018] in C:\Users\thhon\UnityFiles\TlimFinalProj2Dshooter\Assets\Scripts\BackGroundScrollScript.cs:26 

(Filename: Assets/Scripts/BackGroundScrollScript.cs Line: 26)

NullReferenceException: Object reference not set to an instance of an object
  at BackGroundScrollScript.Update () [0x00018] in C:\Users\thhon\UnityFiles\TlimFinalProj2Dshooter\Assets\Scripts\BackGroundScrollScript.cs:26 

(Filename: Assets/Scripts/BackGroundScrollScript.cs Line: 26)

NullReferenceException: Object reference not set to an instance of an object
  at BackGroundScrollScript.Update () [0x00018] in C:\Users\thhon\UnityFiles\TlimFinalProj2Dshooter\Assets\Scripts\BackGroundScrollScript.cs:26 

(Filename: Assets/Scripts/BackGroundScrollScript.cs Line: 26)

NullReferenceException: Object reference not set to an instance of an object
  at BackGroundScrollScript.Update () [0x00018] in C:\Users\thhon\UnityFiles\TlimFinalProj2Dshooter\Assets\Scripts\BackGroundScrollScript.cs:26 

(Filename: Assets/Scripts/BackGroundScrollScript.cs Line: 26)

NullReferenceException: Object reference not set to an instance of an object
  at BackGroundScrollScript.Update () [0x00018] in C:\Users\thhon\UnityFiles\TlimFinalProj2Dshooter\Assets\Scripts\BackGroundScrollScript.cs:26 

(Filename: Assets/Scripts/BackGroundScrollScript.cs Line: 26)

NullReferenceException: Object reference not set to an instance of an object
  at BackGroundScrollScript.Update () [0x00018] in C:\Users\thhon\UnityFiles\TlimFinalProj2Dshooter\Assets\Scripts\BackGroundScrollScript.cs:26 

(Filename: Assets/Scripts/BackGroundScrollScript.cs Line: 26)

NullReferenceException: Object reference not set to an instance of an object
  at BackGroundScrollScript.Update () [0x00018] in C:\Users\thhon\UnityFiles\TlimFinalProj2Dshooter\Assets\Scripts\BackGroundScrollScript.cs:26 

(Filename: Assets/Scripts/BackGroundScrollScript.cs Line: 26)

NullReferenceException: Object reference not set to an instance of an object
  at BackGroundScrollScript.Update () [0x00018] in C:\Users\thhon\UnityFiles\TlimFinalProj2Dshooter\Assets\Scripts\BackGroundScrollScript.cs:26 

(Filename: Assets/Scripts/BackGroundScrollScript.cs Line: 26)

NullReferenceException: Object reference not set to an instance of an object
  at BackGroundScrollScript.Update () [0x00018] in C:\Users\thhon\UnityFiles\TlimFinalProj2Dshooter\Assets\Scripts\BackGroundScrollScript.cs:26 

(Filename: Assets/Scripts/BackGroundScrollScript.cs Line: 26)

NullReferenceException: Object reference not set to an instance of an object
  at BackGroundScrollScript.Update () [0x00018] in C:\Users\thhon\UnityFiles\TlimFinalProj2Dshooter\Assets\Scripts\BackGroundScrollScript.cs:26 

(Filename: Assets/Scripts/BackGroundScrollScript.cs Line: 26)

NullReferenceException: Object reference not set to an instance of an object
  at BackGroundScrollScript.Update () [0x00018] in C:\Users\thhon\UnityFiles\TlimFinalProj2Dshooter\Assets\Scripts\BackGroundScrollScript.cs:26 

(Filename: Assets/Scripts/BackGroundScrollScript.cs Line: 26)

NullReferenceException: Object reference not set to an instance of an object
  at BackGroundScrollScript.Update () [0x00018] in C:\Users\thhon\UnityFiles\TlimFinalProj2Dshooter\Assets\Scripts\BackGroundScrollScript.cs:26 

(Filename: Assets/Scripts/BackGroundScrollScript.cs Line: 26)

NullReferenceException: Object reference not set to an instance of an object
  at BackGroundScrollScript.Update () [0x00018] in C:\Users\thhon\UnityFiles\TlimFinalProj2Dshooter\Assets\Scripts\BackGroundScrollScript.cs:26 

(Filename: Assets/Scripts/BackGroundScrollScript.cs Line: 26)

NullReferenceException: Object reference not set to an instance of an object
  at BackGroundScrollScript.Update () [0x00018] in C:\Users\thhon\UnityFiles\TlimFinalProj2Dshooter\Assets\Scripts\BackGroundScrollScript.cs:26 

(Filename: Assets/Scripts/BackGroundScrollScript.cs Line: 26)

NullReferenceException: Object reference not set to an instance of an object
  at BackGroundScrollScript.Update () [0x00018] in C:\Users\thhon\UnityFiles\TlimFinalProj2Dshooter\Assets\Scripts\BackGroundScrollScript.cs:26 

(Filename: Assets/Scripts/BackGroundScrollScript.cs Line: 26)

NullReferenceException: Object reference not set to an instance of an object
  at BackGroundScrollScript.Update () [0x00018] in C:\Users\thhon\UnityFiles\TlimFinalProj2Dshooter\Assets\Scripts\BackGroundScrollScript.cs:26 

(Filename: Assets/Scripts/BackGroundScrollScript.cs Line: 26)

NullReferenceException: Object reference not set to an instance of an object
  at BackGroundScrollScript.Update () [0x00018] in C:\Users\thhon\UnityFiles\TlimFinalProj2Dshooter\Assets\Scripts\BackGroundScrollScript.cs:26 

(Filename: Assets/Scripts/BackGroundScrollScript.cs Line: 26)

NullReferenceException: Object reference not set to an instance of an object
  at BackGroundScrollScript.Update () [0x00018] in C:\Users\thhon\UnityFiles\TlimFinalProj2Dshooter\Assets\Scripts\BackGroundScrollScript.cs:26 

(Filename: Assets/Scripts/BackGroundScrollScript.cs Line: 26)

NullReferenceException: Object reference not set to an instance of an object
  at BackGroundScrollScript.Update () [0x00018] in C:\Users\thhon\UnityFiles\TlimFinalProj2Dshooter\Assets\Scripts\BackGroundScrollScript.cs:26 

(Filename: Assets/Scripts/BackGroundScrollScript.cs Line: 26)

NullReferenceException: Object reference not set to an instance of an object
  at BackGroundScrollScript.Update () [0x00018] in C:\Users\thhon\UnityFiles\TlimFinalProj2Dshooter\Assets\Scripts\BackGroundScrollScript.cs:26 

(Filename: Assets/Scripts/BackGroundScrollScript.cs Line: 26)

NullReferenceException: Object reference not set to an instance of an object
  at BackGroundScrollScript.Update () [0x00018] in C:\Users\thhon\UnityFiles\TlimFinalProj2Dshooter\Assets\Scripts\BackGroundScrollScript.cs:26 

(Filename: Assets/Scripts/BackGroundScrollScript.cs Line: 26)

NullReferenceException: Object reference not set to an instance of an object
  at BackGroundScrollScript.Update () [0x00018] in C:\Users\thhon\UnityFiles\TlimFinalProj2Dshooter\Assets\Scripts\BackGroundScrollScript.cs:26 

(Filename: Assets/Scripts/BackGroundScrollScript.cs Line: 26)

NullReferenceException: Object reference not set to an instance of an object
  at BackGroundScrollScript.Update () [0x00018] in C:\Users\thhon\UnityFiles\TlimFinalProj2Dshooter\Assets\Scripts\BackGroundScrollScript.cs:26 

(Filename: Assets/Scripts/BackGroundScrollScript.cs Line: 26)

NullReferenceException: Object reference not set to an instance of an object
  at BackGroundScrollScript.Update () [0x00018] in C:\Users\thhon\UnityFiles\TlimFinalProj2Dshooter\Assets\Scripts\BackGroundScrollScript.cs:26 

(Filename: Assets/Scripts/BackGroundScrollScript.cs Line: 26)

NullReferenceException: Object reference not set to an instance of an object
  at BackGroundScrollScript.Update () [0x00018] in C:\Users\thhon\UnityFiles\TlimFinalProj2Dshooter\Assets\Scripts\BackGroundScrollScript.cs:26 

(Filename: Assets/Scripts/BackGroundScrollScript.cs Line: 26)

NullReferenceException: Object reference not set to an instance of an object
  at BackGroundScrollScript.Update () [0x00018] in C:\Users\thhon\UnityFiles\TlimFinalProj2Dshooter\Assets\Scripts\BackGroundScrollScript.cs:26 

(Filename: Assets/Scripts/BackGroundScrollScript.cs Line: 26)

NullReferenceException: Object reference not set to an instance of an object
  at BackGroundScrollScript.Update () [0x00018] in C:\Users\thhon\UnityFiles\TlimFinalProj2Dshooter\Assets\Scripts\BackGroundScrollScript.cs:26 

(Filename: Assets/Scripts/BackGroundScrollScript.cs Line: 26)

NullReferenceException: Object reference not set to an instance of an object
  at BackGroundScrollScript.Update () [0x00018] in C:\Users\thhon\UnityFiles\TlimFinalProj2Dshooter\Assets\Scripts\BackGroundScrollScript.cs:26 

(Filename: Assets/Scripts/BackGroundScrollScript.cs Line: 26)

NullReferenceException: Object reference not set to an instance of an object
  at BackGroundScrollScript.Update () [0x00018] in C:\Users\thhon\UnityFiles\TlimFinalProj2Dshooter\Assets\Scripts\BackGroundScrollScript.cs:26 

(Filename: Assets/Scripts/BackGroundScrollScript.cs Line: 26)

NullReferenceException: Object reference not set to an instance of an object
  at BackGroundScrollScript.Update () [0x00018] in C:\Users\thhon\UnityFiles\TlimFinalProj2Dshooter\Assets\Scripts\BackGroundScrollScript.cs:26 

(Filename: Assets/Scripts/BackGroundScrollScript.cs Line: 26)

NullReferenceException: Object reference not set to an instance of an object
  at BackGroundScrollScript.Update () [0x00018] in C:\Users\thhon\UnityFiles\TlimFinalProj2Dshooter\Assets\Scripts\BackGroundScrollScript.cs:26 

(Filename: Assets/Scripts/BackGroundScrollScript.cs Line: 26)

NullReferenceException: Object reference not set to an instance of an object
  at BackGroundScrollScript.Update () [0x00018] in C:\Users\thhon\UnityFiles\TlimFinalProj2Dshooter\Assets\Scripts\BackGroundScrollScript.cs:26 

(Filename: Assets/Scripts/BackGroundScrollScript.cs Line: 26)

NullReferenceException: Object reference not set to an instance of an object
  at BackGroundScrollScript.Update () [0x00018] in C:\Users\thhon\UnityFiles\TlimFinalProj2Dshooter\Assets\Scripts\BackGroundScrollScript.cs:26 

(Filename: Assets/Scripts/BackGroundScrollScript.cs Line: 26)

NullReferenceException: Object reference not set to an instance of an object
  at BackGroundScrollScript.Update () [0x00018] in C:\Users\thhon\UnityFiles\TlimFinalProj2Dshooter\Assets\Scripts\BackGroundScrollScript.cs:26 

(Filename: Assets/Scripts/BackGroundScrollScript.cs Line: 26)

NullReferenceException: Object reference not set to an instance of an object
  at BackGroundScrollScript.Update () [0x00018] in C:\Users\thhon\UnityFiles\TlimFinalProj2Dshooter\Assets\Scripts\BackGroundScrollScript.cs:26 

(Filename: Assets/Scripts/BackGroundScrollScript.cs Line: 26)

NullReferenceException: Object reference not set to an instance of an object
  at BackGroundScrollScript.Update () [0x00018] in C:\Users\thhon\UnityFiles\TlimFinalProj2Dshooter\Assets\Scripts\BackGroundScrollScript.cs:26 

(Filename: Assets/Scripts/BackGroundScrollScript.cs Line: 26)

NullReferenceException: Object reference not set to an instance of an object
  at BackGroundScrollScript.Update () [0x00018] in C:\Users\thhon\UnityFiles\TlimFinalProj2Dshooter\Assets\Scripts\BackGroundScrollScript.cs:26 

(Filename: Assets/Scripts/BackGroundScrollScript.cs Line: 26)

NullReferenceException: Object reference not set to an instance of an object
  at BackGroundScrollScript.Update () [0x00018] in C:\Users\thhon\UnityFiles\TlimFinalProj2Dshooter\Assets\Scripts\BackGroundScrollScript.cs:26 

(Filename: Assets/Scripts/BackGroundScrollScript.cs Line: 26)

NullReferenceException: Object reference not set to an instance of an object
  at BackGroundScrollScript.Update () [0x00018] in C:\Users\thhon\UnityFiles\TlimFinalProj2Dshooter\Assets\Scripts\BackGroundScrollScript.cs:26 

(Filename: Assets/Scripts/BackGroundScrollScript.cs Line: 26)

NullReferenceException: Object reference not set to an instance of an object
  at BackGroundScrollScript.Update () [0x00018] in C:\Users\thhon\UnityFiles\TlimFinalProj2Dshooter\Assets\Scripts\BackGroundScrollScript.cs:26 

(Filename: Assets/Scripts/BackGroundScrollScript.cs Line: 26)

NullReferenceException: Object reference not set to an instance of an object
  at BackGroundScrollScript.Update () [0x00018] in C:\Users\thhon\UnityFiles\TlimFinalProj2Dshooter\Assets\Scripts\BackGroundScrollScript.cs:26 

(Filename: Assets/Scripts/BackGroundScrollScript.cs Line: 26)

NullReferenceException: Object reference not set to an instance of an object
  at BackGroundScrollScript.Update () [0x00018] in C:\Users\thhon\UnityFiles\TlimFinalProj2Dshooter\Assets\Scripts\BackGroundScrollScript.cs:26 

(Filename: Assets/Scripts/BackGroundScrollScript.cs Line: 26)

NullReferenceException: Object reference not set to an instance of an object
  at BackGroundScrollScript.Update () [0x00018] in C:\Users\thhon\UnityFiles\TlimFinalProj2Dshooter\Assets\Scripts\BackGroundScrollScript.cs:26 

(Filename: Assets/Scripts/BackGroundScrollScript.cs Line: 26)

NullReferenceException: Object reference not set to an instance of an object
  at BackGroundScrollScript.Update () [0x00018] in C:\Users\thhon\UnityFiles\TlimFinalProj2Dshooter\Assets\Scripts\BackGroundScrollScript.cs:26 

(Filename: Assets/Scripts/BackGroundScrollScript.cs Line: 26)

NullReferenceException: Object reference not set to an instance of an object
  at BackGroundScrollScript.Update () [0x00018] in C:\Users\thhon\UnityFiles\TlimFinalProj2Dshooter\Assets\Scripts\BackGroundScrollScript.cs:26 

(Filename: Assets/Scripts/BackGroundScrollScript.cs Line: 26)

NullReferenceException: Object reference not set to an instance of an object
  at BackGroundScrollScript.Update () [0x00018] in C:\Users\thhon\UnityFiles\TlimFinalProj2Dshooter\Assets\Scripts\BackGroundScrollScript.cs:26 

(Filename: Assets/Scripts/BackGroundScrollScript.cs Line: 26)

NullReferenceException: Object reference not set to an instance of an object
  at BackGroundScrollScript.Update () [0x00018] in C:\Users\thhon\UnityFiles\TlimFinalProj2Dshooter\Assets\Scripts\BackGroundScrollScript.cs:26 

(Filename: Assets/Scripts/BackGroundScrollScript.cs Line: 26)

NullReferenceException: Object reference not set to an instance of an object
  at BackGroundScrollScript.Update () [0x00018] in C:\Users\thhon\UnityFiles\TlimFinalProj2Dshooter\Assets\Scripts\BackGroundScrollScript.cs:26 

(Filename: Assets/Scripts/BackGroundScrollScript.cs Line: 26)

NullReferenceException: Object reference not set to an instance of an object
  at BackGroundScrollScript.Update () [0x00018] in C:\Users\thhon\UnityFiles\TlimFinalProj2Dshooter\Assets\Scripts\BackGroundScrollScript.cs:26 

(Filename: Assets/Scripts/BackGroundScrollScript.cs Line: 26)

NullReferenceException: Object reference not set to an instance of an object
  at BackGroundScrollScript.Update () [0x00018] in C:\Users\thhon\UnityFiles\TlimFinalProj2Dshooter\Assets\Scripts\BackGroundScrollScript.cs:26 

(Filename: Assets/Scripts/BackGroundScrollScript.cs Line: 26)

NullReferenceException: Object reference not set to an instance of an object
  at BackGroundScrollScript.Update () [0x00018] in C:\Users\thhon\UnityFiles\TlimFinalProj2Dshooter\Assets\Scripts\BackGroundScrollScript.cs:26 

(Filename: Assets/Scripts/BackGroundScrollScript.cs Line: 26)

NullReferenceException: Object reference not set to an instance of an object
  at BackGroundScrollScript.Update () [0x00018] in C:\Users\thhon\UnityFiles\TlimFinalProj2Dshooter\Assets\Scripts\BackGroundScrollScript.cs:26 

(Filename: Assets/Scripts/BackGroundScrollScript.cs Line: 26)

NullReferenceException: Object reference not set to an instance of an object
  at BackGroundScrollScript.Update () [0x00018] in C:\Users\thhon\UnityFiles\TlimFinalProj2Dshooter\Assets\Scripts\BackGroundScrollScript.cs:26 

(Filename: Assets/Scripts/BackGroundScrollScript.cs Line: 26)

NullReferenceException: Object reference not set to an instance of an object
  at BackGroundScrollScript.Update () [0x00018] in C:\Users\thhon\UnityFiles\TlimFinalProj2Dshooter\Assets\Scripts\BackGroundScrollScript.cs:26 

(Filename: Assets/Scripts/BackGroundScrollScript.cs Line: 26)

NullReferenceException: Object reference not set to an instance of an object
  at BackGroundScrollScript.Update () [0x00018] in C:\Users\thhon\UnityFiles\TlimFinalProj2Dshooter\Assets\Scripts\BackGroundScrollScript.cs:26 

(Filename: Assets/Scripts/BackGroundScrollScript.cs Line: 26)

NullReferenceException: Object reference not set to an instance of an object
  at BackGroundScrollScript.Update () [0x00018] in C:\Users\thhon\UnityFiles\TlimFinalProj2Dshooter\Assets\Scripts\BackGroundScrollScript.cs:26 

(Filename: Assets/Scripts/BackGroundScrollScript.cs Line: 26)

NullReferenceException: Object reference not set to an instance of an object
  at BackGroundScrollScript.Update () [0x00018] in C:\Users\thhon\UnityFiles\TlimFinalProj2Dshooter\Assets\Scripts\BackGroundScrollScript.cs:26 

(Filename: Assets/Scripts/BackGroundScrollScript.cs Line: 26)

NullReferenceException: Object reference not set to an instance of an object
  at BackGroundScrollScript.Update () [0x00018] in C:\Users\thhon\UnityFiles\TlimFinalProj2Dshooter\Assets\Scripts\BackGroundScrollScript.cs:26 

(Filename: Assets/Scripts/BackGroundScrollScript.cs Line: 26)

NullReferenceException: Object reference not set to an instance of an object
  at BackGroundScrollScript.Update () [0x00018] in C:\Users\thhon\UnityFiles\TlimFinalProj2Dshooter\Assets\Scripts\BackGroundScrollScript.cs:26 

(Filename: Assets/Scripts/BackGroundScrollScript.cs Line: 26)

NullReferenceException: Object reference not set to an instance of an object
  at BackGroundScrollScript.Update () [0x00018] in C:\Users\thhon\UnityFiles\TlimFinalProj2Dshooter\Assets\Scripts\BackGroundScrollScript.cs:26 

(Filename: Assets/Scripts/BackGroundScrollScript.cs Line: 26)

NullReferenceException: Object reference not set to an instance of an object
  at BackGroundScrollScript.Update () [0x00018] in C:\Users\thhon\UnityFiles\TlimFinalProj2Dshooter\Assets\Scripts\BackGroundScrollScript.cs:26 

(Filename: Assets/Scripts/BackGroundScrollScript.cs Line: 26)

NullReferenceException: Object reference not set to an instance of an object
  at BackGroundScrollScript.Update () [0x00018] in C:\Users\thhon\UnityFiles\TlimFinalProj2Dshooter\Assets\Scripts\BackGroundScrollScript.cs:26 

(Filename: Assets/Scripts/BackGroundScrollScript.cs Line: 26)

NullReferenceException: Object reference not set to an instance of an object
  at BackGroundScrollScript.Update () [0x00018] in C:\Users\thhon\UnityFiles\TlimFinalProj2Dshooter\Assets\Scripts\BackGroundScrollScript.cs:26 

(Filename: Assets/Scripts/BackGroundScrollScript.cs Line: 26)

NullReferenceException: Object reference not set to an instance of an object
  at BackGroundScrollScript.Update () [0x00018] in C:\Users\thhon\UnityFiles\TlimFinalProj2Dshooter\Assets\Scripts\BackGroundScrollScript.cs:26 

(Filename: Assets/Scripts/BackGroundScrollScript.cs Line: 26)

NullReferenceException: Object reference not set to an instance of an object
  at BackGroundScrollScript.Update () [0x00018] in C:\Users\thhon\UnityFiles\TlimFinalProj2Dshooter\Assets\Scripts\BackGroundScrollScript.cs:26 

(Filename: Assets/Scripts/BackGroundScrollScript.cs Line: 26)

NullReferenceException: Object reference not set to an instance of an object
  at BackGroundScrollScript.Update () [0x00018] in C:\Users\thhon\UnityFiles\TlimFinalProj2Dshooter\Assets\Scripts\BackGroundScrollScript.cs:26 

(Filename: Assets/Scripts/BackGroundScrollScript.cs Line: 26)

NullReferenceException: Object reference not set to an instance of an object
  at BackGroundScrollScript.Update () [0x00018] in C:\Users\thhon\UnityFiles\TlimFinalProj2Dshooter\Assets\Scripts\BackGroundScrollScript.cs:26 

(Filename: Assets/Scripts/BackGroundScrollScript.cs Line: 26)

NullReferenceException: Object reference not set to an instance of an object
  at BackGroundScrollScript.Update () [0x00018] in C:\Users\thhon\UnityFiles\TlimFinalProj2Dshooter\Assets\Scripts\BackGroundScrollScript.cs:26 

(Filename: Assets/Scripts/BackGroundScrollScript.cs Line: 26)

NullReferenceException: Object reference not set to an instance of an object
  at BackGroundScrollScript.Update () [0x00018] in C:\Users\thhon\UnityFiles\TlimFinalProj2Dshooter\Assets\Scripts\BackGroundScrollScript.cs:26 

(Filename: Assets/Scripts/BackGroundScrollScript.cs Line: 26)

NullReferenceException: Object reference not set to an instance of an object
  at BackGroundScrollScript.Update () [0x00018] in C:\Users\thhon\UnityFiles\TlimFinalProj2Dshooter\Assets\Scripts\BackGroundScrollScript.cs:26 

(Filename: Assets/Scripts/BackGroundScrollScript.cs Line: 26)

NullReferenceException: Object reference not set to an instance of an object
  at BackGroundScrollScript.Update () [0x00018] in C:\Users\thhon\UnityFiles\TlimFinalProj2Dshooter\Assets\Scripts\BackGroundScrollScript.cs:26 

(Filename: Assets/Scripts/BackGroundScrollScript.cs Line: 26)

NullReferenceException: Object reference not set to an instance of an object
  at BackGroundScrollScript.Update () [0x00018] in C:\Users\thhon\UnityFiles\TlimFinalProj2Dshooter\Assets\Scripts\BackGroundScrollScript.cs:26 

(Filename: Assets/Scripts/BackGroundScrollScript.cs Line: 26)

NullReferenceException: Object reference not set to an instance of an object
  at BackGroundScrollScript.Update () [0x00018] in C:\Users\thhon\UnityFiles\TlimFinalProj2Dshooter\Assets\Scripts\BackGroundScrollScript.cs:26 

(Filename: Assets/Scripts/BackGroundScrollScript.cs Line: 26)

NullReferenceException: Object reference not set to an instance of an object
  at BackGroundScrollScript.Update () [0x00018] in C:\Users\thhon\UnityFiles\TlimFinalProj2Dshooter\Assets\Scripts\BackGroundScrollScript.cs:26 

(Filename: Assets/Scripts/BackGroundScrollScript.cs Line: 26)

NullReferenceException: Object reference not set to an instance of an object
  at BackGroundScrollScript.Update () [0x00018] in C:\Users\thhon\UnityFiles\TlimFinalProj2Dshooter\Assets\Scripts\BackGroundScrollScript.cs:26 

(Filename: Assets/Scripts/BackGroundScrollScript.cs Line: 26)

NullReferenceException: Object reference not set to an instance of an object
  at BackGroundScrollScript.Update () [0x00018] in C:\Users\thhon\UnityFiles\TlimFinalProj2Dshooter\Assets\Scripts\BackGroundScrollScript.cs:26 

(Filename: Assets/Scripts/BackGroundScrollScript.cs Line: 26)

NullReferenceException: Object reference not set to an instance of an object
  at BackGroundScrollScript.Update () [0x00018] in C:\Users\thhon\UnityFiles\TlimFinalProj2Dshooter\Assets\Scripts\BackGroundScrollScript.cs:26 

(Filename: Assets/Scripts/BackGroundScrollScript.cs Line: 26)

NullReferenceException: Object reference not set to an instance of an object
  at BackGroundScrollScript.Update () [0x00018] in C:\Users\thhon\UnityFiles\TlimFinalProj2Dshooter\Assets\Scripts\BackGroundScrollScript.cs:26 

(Filename: Assets/Scripts/BackGroundScrollScript.cs Line: 26)

NullReferenceException: Object reference not set to an instance of an object
  at BackGroundScrollScript.Update () [0x00018] in C:\Users\thhon\UnityFiles\TlimFinalProj2Dshooter\Assets\Scripts\BackGroundScrollScript.cs:26 

(Filename: Assets/Scripts/BackGroundScrollScript.cs Line: 26)

NullReferenceException: Object reference not set to an instance of an object
  at BackGroundScrollScript.Update () [0x00018] in C:\Users\thhon\UnityFiles\TlimFinalProj2Dshooter\Assets\Scripts\BackGroundScrollScript.cs:26 

(Filename: Assets/Scripts/BackGroundScrollScript.cs Line: 26)

NullReferenceException: Object reference not set to an instance of an object
  at BackGroundScrollScript.Update () [0x00018] in C:\Users\thhon\UnityFiles\TlimFinalProj2Dshooter\Assets\Scripts\BackGroundScrollScript.cs:26 

(Filename: Assets/Scripts/BackGroundScrollScript.cs Line: 26)

NullReferenceException: Object reference not set to an instance of an object
  at BackGroundScrollScript.Update () [0x00018] in C:\Users\thhon\UnityFiles\TlimFinalProj2Dshooter\Assets\Scripts\BackGroundScrollScript.cs:26 

(Filename: Assets/Scripts/BackGroundScrollScript.cs Line: 26)

NullReferenceException: Object reference not set to an instance of an object
  at BackGroundScrollScript.Update () [0x00018] in C:\Users\thhon\UnityFiles\TlimFinalProj2Dshooter\Assets\Scripts\BackGroundScrollScript.cs:26 

(Filename: Assets/Scripts/BackGroundScrollScript.cs Line: 26)

NullReferenceException: Object reference not set to an instance of an object
  at BackGroundScrollScript.Update () [0x00018] in C:\Users\thhon\UnityFiles\TlimFinalProj2Dshooter\Assets\Scripts\BackGroundScrollScript.cs:26 

(Filename: Assets/Scripts/BackGroundScrollScript.cs Line: 26)

NullReferenceException: Object reference not set to an instance of an object
  at BackGroundScrollScript.Update () [0x00018] in C:\Users\thhon\UnityFiles\TlimFinalProj2Dshooter\Assets\Scripts\BackGroundScrollScript.cs:26 

(Filename: Assets/Scripts/BackGroundScrollScript.cs Line: 26)

NullReferenceException: Object reference not set to an instance of an object
  at BackGroundScrollScript.Update () [0x00018] in C:\Users\thhon\UnityFiles\TlimFinalProj2Dshooter\Assets\Scripts\BackGroundScrollScript.cs:26 

(Filename: Assets/Scripts/BackGroundScrollScript.cs Line: 26)

NullReferenceException: Object reference not set to an instance of an object
  at BackGroundScrollScript.Update () [0x00018] in C:\Users\thhon\UnityFiles\TlimFinalProj2Dshooter\Assets\Scripts\BackGroundScrollScript.cs:26 

(Filename: Assets/Scripts/BackGroundScrollScript.cs Line: 26)

NullReferenceException: Object reference not set to an instance of an object
  at BackGroundScrollScript.Update () [0x00018] in C:\Users\thhon\UnityFiles\TlimFinalProj2Dshooter\Assets\Scripts\BackGroundScrollScript.cs:26 

(Filename: Assets/Scripts/BackGroundScrollScript.cs Line: 26)

NullReferenceException: Object reference not set to an instance of an object
  at BackGroundScrollScript.Update () [0x00018] in C:\Users\thhon\UnityFiles\TlimFinalProj2Dshooter\Assets\Scripts\BackGroundScrollScript.cs:26 

(Filename: Assets/Scripts/BackGroundScrollScript.cs Line: 26)

NullReferenceException: Object reference not set to an instance of an object
  at BackGroundScrollScript.Update () [0x00018] in C:\Users\thhon\UnityFiles\TlimFinalProj2Dshooter\Assets\Scripts\BackGroundScrollScript.cs:26 

(Filename: Assets/Scripts/BackGroundScrollScript.cs Line: 26)

NullReferenceException: Object reference not set to an instance of an object
  at BackGroundScrollScript.Update () [0x00018] in C:\Users\thhon\UnityFiles\TlimFinalProj2Dshooter\Assets\Scripts\BackGroundScrollScript.cs:26 

(Filename: Assets/Scripts/BackGroundScrollScript.cs Line: 26)

NullReferenceException: Object reference not set to an instance of an object
  at BackGroundScrollScript.Update () [0x00018] in C:\Users\thhon\UnityFiles\TlimFinalProj2Dshooter\Assets\Scripts\BackGroundScrollScript.cs:26 

(Filename: Assets/Scripts/BackGroundScrollScript.cs Line: 26)

NullReferenceException: Object reference not set to an instance of an object
  at BackGroundScrollScript.Update () [0x00018] in C:\Users\thhon\UnityFiles\TlimFinalProj2Dshooter\Assets\Scripts\BackGroundScrollScript.cs:26 

(Filename: Assets/Scripts/BackGroundScrollScript.cs Line: 26)

NullReferenceException: Object reference not set to an instance of an object
  at BackGroundScrollScript.Update () [0x00018] in C:\Users\thhon\UnityFiles\TlimFinalProj2Dshooter\Assets\Scripts\BackGroundScrollScript.cs:26 

(Filename: Assets/Scripts/BackGroundScrollScript.cs Line: 26)

NullReferenceException: Object reference not set to an instance of an object
  at BackGroundScrollScript.Update () [0x00018] in C:\Users\thhon\UnityFiles\TlimFinalProj2Dshooter\Assets\Scripts\BackGroundScrollScript.cs:26 

(Filename: Assets/Scripts/BackGroundScrollScript.cs Line: 26)

NullReferenceException: Object reference not set to an instance of an object
  at BackGroundScrollScript.Update () [0x00018] in C:\Users\thhon\UnityFiles\TlimFinalProj2Dshooter\Assets\Scripts\BackGroundScrollScript.cs:26 

(Filename: Assets/Scripts/BackGroundScrollScript.cs Line: 26)

NullReferenceException: Object reference not set to an instance of an object
  at BackGroundScrollScript.Update () [0x00018] in C:\Users\thhon\UnityFiles\TlimFinalProj2Dshooter\Assets\Scripts\BackGroundScrollScript.cs:26 

(Filename: Assets/Scripts/BackGroundScrollScript.cs Line: 26)

NullReferenceException: Object reference not set to an instance of an object
  at BackGroundScrollScript.Update () [0x00018] in C:\Users\thhon\UnityFiles\TlimFinalProj2Dshooter\Assets\Scripts\BackGroundScrollScript.cs:26 

(Filename: Assets/Scripts/BackGroundScrollScript.cs Line: 26)

NullReferenceException: Object reference not set to an instance of an object
  at BackGroundScrollScript.Update () [0x00018] in C:\Users\thhon\UnityFiles\TlimFinalProj2Dshooter\Assets\Scripts\BackGroundScrollScript.cs:26 

(Filename: Assets/Scripts/BackGroundScrollScript.cs Line: 26)

NullReferenceException: Object reference not set to an instance of an object
  at BackGroundScrollScript.Update () [0x00018] in C:\Users\thhon\UnityFiles\TlimFinalProj2Dshooter\Assets\Scripts\BackGroundScrollScript.cs:26 

(Filename: Assets/Scripts/BackGroundScrollScript.cs Line: 26)

NullReferenceException: Object reference not set to an instance of an object
  at BackGroundScrollScript.Update () [0x00018] in C:\Users\thhon\UnityFiles\TlimFinalProj2Dshooter\Assets\Scripts\BackGroundScrollScript.cs:26 

(Filename: Assets/Scripts/BackGroundScrollScript.cs Line: 26)

NullReferenceException: Object reference not set to an instance of an object
  at BackGroundScrollScript.Update () [0x00018] in C:\Users\thhon\UnityFiles\TlimFinalProj2Dshooter\Assets\Scripts\BackGroundScrollScript.cs:26 

(Filename: Assets/Scripts/BackGroundScrollScript.cs Line: 26)

NullReferenceException: Object reference not set to an instance of an object
  at BackGroundScrollScript.Update () [0x00018] in C:\Users\thhon\UnityFiles\TlimFinalProj2Dshooter\Assets\Scripts\BackGroundScrollScript.cs:26 

(Filename: Assets/Scripts/BackGroundScrollScript.cs Line: 26)

NullReferenceException: Object reference not set to an instance of an object
  at BackGroundScrollScript.Update () [0x00018] in C:\Users\thhon\UnityFiles\TlimFinalProj2Dshooter\Assets\Scripts\BackGroundScrollScript.cs:26 

(Filename: Assets/Scripts/BackGroundScrollScript.cs Line: 26)

NullReferenceException: Object reference not set to an instance of an object
  at BackGroundScrollScript.Update () [0x00018] in C:\Users\thhon\UnityFiles\TlimFinalProj2Dshooter\Assets\Scripts\BackGroundScrollScript.cs:26 

(Filename: Assets/Scripts/BackGroundScrollScript.cs Line: 26)

NullReferenceException: Object reference not set to an instance of an object
  at BackGroundScrollScript.Update () [0x00018] in C:\Users\thhon\UnityFiles\TlimFinalProj2Dshooter\Assets\Scripts\BackGroundScrollScript.cs:26 

(Filename: Assets/Scripts/BackGroundScrollScript.cs Line: 26)

NullReferenceException: Object reference not set to an instance of an object
  at BackGroundScrollScript.Update () [0x00018] in C:\Users\thhon\UnityFiles\TlimFinalProj2Dshooter\Assets\Scripts\BackGroundScrollScript.cs:26 

(Filename: Assets/Scripts/BackGroundScrollScript.cs Line: 26)

NullReferenceException: Object reference not set to an instance of an object
  at BackGroundScrollScript.Update () [0x00018] in C:\Users\thhon\UnityFiles\TlimFinalProj2Dshooter\Assets\Scripts\BackGroundScrollScript.cs:26 

(Filename: Assets/Scripts/BackGroundScrollScript.cs Line: 26)

NullReferenceException: Object reference not set to an instance of an object
  at BackGroundScrollScript.Update () [0x00018] in C:\Users\thhon\UnityFiles\TlimFinalProj2Dshooter\Assets\Scripts\BackGroundScrollScript.cs:26 

(Filename: Assets/Scripts/BackGroundScrollScript.cs Line: 26)

NullReferenceException: Object reference not set to an instance of an object
  at BackGroundScrollScript.Update () [0x00018] in C:\Users\thhon\UnityFiles\TlimFinalProj2Dshooter\Assets\Scripts\BackGroundScrollScript.cs:26 

(Filename: Assets/Scripts/BackGroundScrollScript.cs Line: 26)

NullReferenceException: Object reference not set to an instance of an object
  at BackGroundScrollScript.Update () [0x00018] in C:\Users\thhon\UnityFiles\TlimFinalProj2Dshooter\Assets\Scripts\BackGroundScrollScript.cs:26 

(Filename: Assets/Scripts/BackGroundScrollScript.cs Line: 26)

NullReferenceException: Object reference not set to an instance of an object
  at BackGroundScrollScript.Update () [0x00018] in C:\Users\thhon\UnityFiles\TlimFinalProj2Dshooter\Assets\Scripts\BackGroundScrollScript.cs:26 

(Filename: Assets/Scripts/BackGroundScrollScript.cs Line: 26)

NullReferenceException: Object reference not set to an instance of an object
  at BackGroundScrollScript.Update () [0x00018] in C:\Users\thhon\UnityFiles\TlimFinalProj2Dshooter\Assets\Scripts\BackGroundScrollScript.cs:26 

(Filename: Assets/Scripts/BackGroundScrollScript.cs Line: 26)

NullReferenceException: Object reference not set to an instance of an object
  at BackGroundScrollScript.Update () [0x00018] in C:\Users\thhon\UnityFiles\TlimFinalProj2Dshooter\Assets\Scripts\BackGroundScrollScript.cs:26 

(Filename: Assets/Scripts/BackGroundScrollScript.cs Line: 26)

NullReferenceException: Object reference not set to an instance of an object
  at BackGroundScrollScript.Update () [0x00018] in C:\Users\thhon\UnityFiles\TlimFinalProj2Dshooter\Assets\Scripts\BackGroundScrollScript.cs:26 

(Filename: Assets/Scripts/BackGroundScrollScript.cs Line: 26)

NullReferenceException: Object reference not set to an instance of an object
  at BackGroundScrollScript.Update () [0x00018] in C:\Users\thhon\UnityFiles\TlimFinalProj2Dshooter\Assets\Scripts\BackGroundScrollScript.cs:26 

(Filename: Assets/Scripts/BackGroundScrollScript.cs Line: 26)

NullReferenceException: Object reference not set to an instance of an object
  at BackGroundScrollScript.Update () [0x00018] in C:\Users\thhon\UnityFiles\TlimFinalProj2Dshooter\Assets\Scripts\BackGroundScrollScript.cs:26 

(Filename: Assets/Scripts/BackGroundScrollScript.cs Line: 26)

NullReferenceException: Object reference not set to an instance of an object
  at BackGroundScrollScript.Update () [0x00018] in C:\Users\thhon\UnityFiles\TlimFinalProj2Dshooter\Assets\Scripts\BackGroundScrollScript.cs:26 

(Filename: Assets/Scripts/BackGroundScrollScript.cs Line: 26)

NullReferenceException: Object reference not set to an instance of an object
  at BackGroundScrollScript.Update () [0x00018] in C:\Users\thhon\UnityFiles\TlimFinalProj2Dshooter\Assets\Scripts\BackGroundScrollScript.cs:26 

(Filename: Assets/Scripts/BackGroundScrollScript.cs Line: 26)

NullReferenceException: Object reference not set to an instance of an object
  at BackGroundScrollScript.Update () [0x00018] in C:\Users\thhon\UnityFiles\TlimFinalProj2Dshooter\Assets\Scripts\BackGroundScrollScript.cs:26 

(Filename: Assets/Scripts/BackGroundScrollScript.cs Line: 26)

NullReferenceException: Object reference not set to an instance of an object
  at BackGroundScrollScript.Update () [0x00018] in C:\Users\thhon\UnityFiles\TlimFinalProj2Dshooter\Assets\Scripts\BackGroundScrollScript.cs:26 

(Filename: Assets/Scripts/BackGroundScrollScript.cs Line: 26)

NullReferenceException: Object reference not set to an instance of an object
  at BackGroundScrollScript.Update () [0x00018] in C:\Users\thhon\UnityFiles\TlimFinalProj2Dshooter\Assets\Scripts\BackGroundScrollScript.cs:26 

(Filename: Assets/Scripts/BackGroundScrollScript.cs Line: 26)

NullReferenceException: Object reference not set to an instance of an object
  at BackGroundScrollScript.Update () [0x00018] in C:\Users\thhon\UnityFiles\TlimFinalProj2Dshooter\Assets\Scripts\BackGroundScrollScript.cs:26 

(Filename: Assets/Scripts/BackGroundScrollScript.cs Line: 26)

NullReferenceException: Object reference not set to an instance of an object
  at BackGroundScrollScript.Update () [0x00018] in C:\Users\thhon\UnityFiles\TlimFinalProj2Dshooter\Assets\Scripts\BackGroundScrollScript.cs:26 

(Filename: Assets/Scripts/BackGroundScrollScript.cs Line: 26)

NullReferenceException: Object reference not set to an instance of an object
  at BackGroundScrollScript.Update () [0x00018] in C:\Users\thhon\UnityFiles\TlimFinalProj2Dshooter\Assets\Scripts\BackGroundScrollScript.cs:26 

(Filename: Assets/Scripts/BackGroundScrollScript.cs Line: 26)

NullReferenceException: Object reference not set to an instance of an object
  at BackGroundScrollScript.Update () [0x00018] in C:\Users\thhon\UnityFiles\TlimFinalProj2Dshooter\Assets\Scripts\BackGroundScrollScript.cs:26 

(Filename: Assets/Scripts/BackGroundScrollScript.cs Line: 26)

NullReferenceException: Object reference not set to an instance of an object
  at BackGroundScrollScript.Update () [0x00018] in C:\Users\thhon\UnityFiles\TlimFinalProj2Dshooter\Assets\Scripts\BackGroundScrollScript.cs:26 

(Filename: Assets/Scripts/BackGroundScrollScript.cs Line: 26)

NullReferenceException: Object reference not set to an instance of an object
  at BackGroundScrollScript.Update () [0x00018] in C:\Users\thhon\UnityFiles\TlimFinalProj2Dshooter\Assets\Scripts\BackGroundScrollScript.cs:26 

(Filename: Assets/Scripts/BackGroundScrollScript.cs Line: 26)

NullReferenceException: Object reference not set to an instance of an object
  at BackGroundScrollScript.Update () [0x00018] in C:\Users\thhon\UnityFiles\TlimFinalProj2Dshooter\Assets\Scripts\BackGroundScrollScript.cs:26 

(Filename: Assets/Scripts/BackGroundScrollScript.cs Line: 26)

NullReferenceException: Object reference not set to an instance of an object
  at BackGroundScrollScript.Update () [0x00018] in C:\Users\thhon\UnityFiles\TlimFinalProj2Dshooter\Assets\Scripts\BackGroundScrollScript.cs:26 

(Filename: Assets/Scripts/BackGroundScrollScript.cs Line: 26)

NullReferenceException: Object reference not set to an instance of an object
  at BackGroundScrollScript.Update () [0x00018] in C:\Users\thhon\UnityFiles\TlimFinalProj2Dshooter\Assets\Scripts\BackGroundScrollScript.cs:26 

(Filename: Assets/Scripts/BackGroundScrollScript.cs Line: 26)

NullReferenceException: Object reference not set to an instance of an object
  at BackGroundScrollScript.Update () [0x00018] in C:\Users\thhon\UnityFiles\TlimFinalProj2Dshooter\Assets\Scripts\BackGroundScrollScript.cs:26 

(Filename: Assets/Scripts/BackGroundScrollScript.cs Line: 26)

NullReferenceException: Object reference not set to an instance of an object
  at BackGroundScrollScript.Update () [0x00018] in C:\Users\thhon\UnityFiles\TlimFinalProj2Dshooter\Assets\Scripts\BackGroundScrollScript.cs:26 

(Filename: Assets/Scripts/BackGroundScrollScript.cs Line: 26)

NullReferenceException: Object reference not set to an instance of an object
  at BackGroundScrollScript.Update () [0x00018] in C:\Users\thhon\UnityFiles\TlimFinalProj2Dshooter\Assets\Scripts\BackGroundScrollScript.cs:26 

(Filename: Assets/Scripts/BackGroundScrollScript.cs Line: 26)

NullReferenceException: Object reference not set to an instance of an object
  at BackGroundScrollScript.Update () [0x00018] in C:\Users\thhon\UnityFiles\TlimFinalProj2Dshooter\Assets\Scripts\BackGroundScrollScript.cs:26 

(Filename: Assets/Scripts/BackGroundScrollScript.cs Line: 26)

NullReferenceException: Object reference not set to an instance of an object
  at BackGroundScrollScript.Update () [0x00018] in C:\Users\thhon\UnityFiles\TlimFinalProj2Dshooter\Assets\Scripts\BackGroundScrollScript.cs:26 

(Filename: Assets/Scripts/BackGroundScrollScript.cs Line: 26)

NullReferenceException: Object reference not set to an instance of an object
  at BackGroundScrollScript.Update () [0x00018] in C:\Users\thhon\UnityFiles\TlimFinalProj2Dshooter\Assets\Scripts\BackGroundScrollScript.cs:26 

(Filename: Assets/Scripts/BackGroundScrollScript.cs Line: 26)

NullReferenceException: Object reference not set to an instance of an object
  at BackGroundScrollScript.Update () [0x00018] in C:\Users\thhon\UnityFiles\TlimFinalProj2Dshooter\Assets\Scripts\BackGroundScrollScript.cs:26 

(Filename: Assets/Scripts/BackGroundScrollScript.cs Line: 26)

NullReferenceException: Object reference not set to an instance of an object
  at BackGroundScrollScript.Update () [0x00018] in C:\Users\thhon\UnityFiles\TlimFinalProj2Dshooter\Assets\Scripts\BackGroundScrollScript.cs:26 

(Filename: Assets/Scripts/BackGroundScrollScript.cs Line: 26)

NullReferenceException: Object reference not set to an instance of an object
  at BackGroundScrollScript.Update () [0x00018] in C:\Users\thhon\UnityFiles\TlimFinalProj2Dshooter\Assets\Scripts\BackGroundScrollScript.cs:26 

(Filename: Assets/Scripts/BackGroundScrollScript.cs Line: 26)

NullReferenceException: Object reference not set to an instance of an object
  at BackGroundScrollScript.Update () [0x00018] in C:\Users\thhon\UnityFiles\TlimFinalProj2Dshooter\Assets\Scripts\BackGroundScrollScript.cs:26 

(Filename: Assets/Scripts/BackGroundScrollScript.cs Line: 26)

NullReferenceException: Object reference not set to an instance of an object
  at BackGroundScrollScript.Update () [0x00018] in C:\Users\thhon\UnityFiles\TlimFinalProj2Dshooter\Assets\Scripts\BackGroundScrollScript.cs:26 

(Filename: Assets/Scripts/BackGroundScrollScript.cs Line: 26)

NullReferenceException: Object reference not set to an instance of an object
  at BackGroundScrollScript.Update () [0x00018] in C:\Users\thhon\UnityFiles\TlimFinalProj2Dshooter\Assets\Scripts\BackGroundScrollScript.cs:26 

(Filename: Assets/Scripts/BackGroundScrollScript.cs Line: 26)

NullReferenceException: Object reference not set to an instance of an object
  at BackGroundScrollScript.Update () [0x00018] in C:\Users\thhon\UnityFiles\TlimFinalProj2Dshooter\Assets\Scripts\BackGroundScrollScript.cs:26 

(Filename: Assets/Scripts/BackGroundScrollScript.cs Line: 26)

NullReferenceException: Object reference not set to an instance of an object
  at BackGroundScrollScript.Update () [0x00018] in C:\Users\thhon\UnityFiles\TlimFinalProj2Dshooter\Assets\Scripts\BackGroundScrollScript.cs:26 

(Filename: Assets/Scripts/BackGroundScrollScript.cs Line: 26)

NullReferenceException: Object reference not set to an instance of an object
  at BackGroundScrollScript.Update () [0x00018] in C:\Users\thhon\UnityFiles\TlimFinalProj2Dshooter\Assets\Scripts\BackGroundScrollScript.cs:26 

(Filename: Assets/Scripts/BackGroundScrollScript.cs Line: 26)

NullReferenceException: Object reference not set to an instance of an object
  at BackGroundScrollScript.Update () [0x00018] in C:\Users\thhon\UnityFiles\TlimFinalProj2Dshooter\Assets\Scripts\BackGroundScrollScript.cs:26 

(Filename: Assets/Scripts/BackGroundScrollScript.cs Line: 26)

NullReferenceException: Object reference not set to an instance of an object
  at BackGroundScrollScript.Update () [0x00018] in C:\Users\thhon\UnityFiles\TlimFinalProj2Dshooter\Assets\Scripts\BackGroundScrollScript.cs:26 

(Filename: Assets/Scripts/BackGroundScrollScript.cs Line: 26)

NullReferenceException: Object reference not set to an instance of an object
  at BackGroundScrollScript.Update () [0x00018] in C:\Users\thhon\UnityFiles\TlimFinalProj2Dshooter\Assets\Scripts\BackGroundScrollScript.cs:26 

(Filename: Assets/Scripts/BackGroundScrollScript.cs Line: 26)

NullReferenceException: Object reference not set to an instance of an object
  at BackGroundScrollScript.Update () [0x00018] in C:\Users\thhon\UnityFiles\TlimFinalProj2Dshooter\Assets\Scripts\BackGroundScrollScript.cs:26 

(Filename: Assets/Scripts/BackGroundScrollScript.cs Line: 26)

NullReferenceException: Object reference not set to an instance of an object
  at BackGroundScrollScript.Update () [0x00018] in C:\Users\thhon\UnityFiles\TlimFinalProj2Dshooter\Assets\Scripts\BackGroundScrollScript.cs:26 

(Filename: Assets/Scripts/BackGroundScrollScript.cs Line: 26)

NullReferenceException: Object reference not set to an instance of an object
  at BackGroundScrollScript.Update () [0x00018] in C:\Users\thhon\UnityFiles\TlimFinalProj2Dshooter\Assets\Scripts\BackGroundScrollScript.cs:26 

(Filename: Assets/Scripts/BackGroundScrollScript.cs Line: 26)

NullReferenceException: Object reference not set to an instance of an object
  at BackGroundScrollScript.Update () [0x00018] in C:\Users\thhon\UnityFiles\TlimFinalProj2Dshooter\Assets\Scripts\BackGroundScrollScript.cs:26 

(Filename: Assets/Scripts/BackGroundScrollScript.cs Line: 26)

NullReferenceException: Object reference not set to an instance of an object
  at BackGroundScrollScript.Update () [0x00018] in C:\Users\thhon\UnityFiles\TlimFinalProj2Dshooter\Assets\Scripts\BackGroundScrollScript.cs:26 

(Filename: Assets/Scripts/BackGroundScrollScript.cs Line: 26)

NullReferenceException: Object reference not set to an instance of an object
  at BackGroundScrollScript.Update () [0x00018] in C:\Users\thhon\UnityFiles\TlimFinalProj2Dshooter\Assets\Scripts\BackGroundScrollScript.cs:26 

(Filename: Assets/Scripts/BackGroundScrollScript.cs Line: 26)

NullReferenceException: Object reference not set to an instance of an object
  at BackGroundScrollScript.Update () [0x00018] in C:\Users\thhon\UnityFiles\TlimFinalProj2Dshooter\Assets\Scripts\BackGroundScrollScript.cs:26 

(Filename: Assets/Scripts/BackGroundScrollScript.cs Line: 26)

NullReferenceException: Object reference not set to an instance of an object
  at BackGroundScrollScript.Update () [0x00018] in C:\Users\thhon\UnityFiles\TlimFinalProj2Dshooter\Assets\Scripts\BackGroundScrollScript.cs:26 

(Filename: Assets/Scripts/BackGroundScrollScript.cs Line: 26)

NullReferenceException: Object reference not set to an instance of an object
  at BackGroundScrollScript.Update () [0x00018] in C:\Users\thhon\UnityFiles\TlimFinalProj2Dshooter\Assets\Scripts\BackGroundScrollScript.cs:26 

(Filename: Assets/Scripts/BackGroundScrollScript.cs Line: 26)

NullReferenceException: Object reference not set to an instance of an object
  at BackGroundScrollScript.Update () [0x00018] in C:\Users\thhon\UnityFiles\TlimFinalProj2Dshooter\Assets\Scripts\BackGroundScrollScript.cs:26 

(Filename: Assets/Scripts/BackGroundScrollScript.cs Line: 26)

NullReferenceException: Object reference not set to an instance of an object
  at BackGroundScrollScript.Update () [0x00018] in C:\Users\thhon\UnityFiles\TlimFinalProj2Dshooter\Assets\Scripts\BackGroundScrollScript.cs:26 

(Filename: Assets/Scripts/BackGroundScrollScript.cs Line: 26)

NullReferenceException: Object reference not set to an instance of an object
  at BackGroundScrollScript.Update () [0x00018] in C:\Users\thhon\UnityFiles\TlimFinalProj2Dshooter\Assets\Scripts\BackGroundScrollScript.cs:26 

(Filename: Assets/Scripts/BackGroundScrollScript.cs Line: 26)

NullReferenceException: Object reference not set to an instance of an object
  at BackGroundScrollScript.Update () [0x00018] in C:\Users\thhon\UnityFiles\TlimFinalProj2Dshooter\Assets\Scripts\BackGroundScrollScript.cs:26 

(Filename: Assets/Scripts/BackGroundScrollScript.cs Line: 26)

NullReferenceException: Object reference not set to an instance of an object
  at BackGroundScrollScript.Update () [0x00018] in C:\Users\thhon\UnityFiles\TlimFinalProj2Dshooter\Assets\Scripts\BackGroundScrollScript.cs:26 

(Filename: Assets/Scripts/BackGroundScrollScript.cs Line: 26)

NullReferenceException: Object reference not set to an instance of an object
  at BackGroundScrollScript.Update () [0x00018] in C:\Users\thhon\UnityFiles\TlimFinalProj2Dshooter\Assets\Scripts\BackGroundScrollScript.cs:26 

(Filename: Assets/Scripts/BackGroundScrollScript.cs Line: 26)

NullReferenceException: Object reference not set to an instance of an object
  at BackGroundScrollScript.Update () [0x00018] in C:\Users\thhon\UnityFiles\TlimFinalProj2Dshooter\Assets\Scripts\BackGroundScrollScript.cs:26 

(Filename: Assets/Scripts/BackGroundScrollScript.cs Line: 26)

NullReferenceException: Object reference not set to an instance of an object
  at BackGroundScrollScript.Update () [0x00018] in C:\Users\thhon\UnityFiles\TlimFinalProj2Dshooter\Assets\Scripts\BackGroundScrollScript.cs:26 

(Filename: Assets/Scripts/BackGroundScrollScript.cs Line: 26)

NullReferenceException: Object reference not set to an instance of an object
  at BackGroundScrollScript.Update () [0x00018] in C:\Users\thhon\UnityFiles\TlimFinalProj2Dshooter\Assets\Scripts\BackGroundScrollScript.cs:26 

(Filename: Assets/Scripts/BackGroundScrollScript.cs Line: 26)

NullReferenceException: Object reference not set to an instance of an object
  at BackGroundScrollScript.Update () [0x00018] in C:\Users\thhon\UnityFiles\TlimFinalProj2Dshooter\Assets\Scripts\BackGroundScrollScript.cs:26 

(Filename: Assets/Scripts/BackGroundScrollScript.cs Line: 26)

NullReferenceException: Object reference not set to an instance of an object
  at BackGroundScrollScript.Update () [0x00018] in C:\Users\thhon\UnityFiles\TlimFinalProj2Dshooter\Assets\Scripts\BackGroundScrollScript.cs:26 

(Filename: Assets/Scripts/BackGroundScrollScript.cs Line: 26)

NullReferenceException: Object reference not set to an instance of an object
  at BackGroundScrollScript.Update () [0x00018] in C:\Users\thhon\UnityFiles\TlimFinalProj2Dshooter\Assets\Scripts\BackGroundScrollScript.cs:26 

(Filename: Assets/Scripts/BackGroundScrollScript.cs Line: 26)

NullReferenceException: Object reference not set to an instance of an object
  at BackGroundScrollScript.Update () [0x00018] in C:\Users\thhon\UnityFiles\TlimFinalProj2Dshooter\Assets\Scripts\BackGroundScrollScript.cs:26 

(Filename: Assets/Scripts/BackGroundScrollScript.cs Line: 26)

NullReferenceException: Object reference not set to an instance of an object
  at BackGroundScrollScript.Update () [0x00018] in C:\Users\thhon\UnityFiles\TlimFinalProj2Dshooter\Assets\Scripts\BackGroundScrollScript.cs:26 

(Filename: Assets/Scripts/BackGroundScrollScript.cs Line: 26)

NullReferenceException: Object reference not set to an instance of an object
  at BackGroundScrollScript.Update () [0x00018] in C:\Users\thhon\UnityFiles\TlimFinalProj2Dshooter\Assets\Scripts\BackGroundScrollScript.cs:26 

(Filename: Assets/Scripts/BackGroundScrollScript.cs Line: 26)

NullReferenceException: Object reference not set to an instance of an object
  at BackGroundScrollScript.Update () [0x00018] in C:\Users\thhon\UnityFiles\TlimFinalProj2Dshooter\Assets\Scripts\BackGroundScrollScript.cs:26 

(Filename: Assets/Scripts/BackGroundScrollScript.cs Line: 26)

NullReferenceException: Object reference not set to an instance of an object
  at BackGroundScrollScript.Update () [0x00018] in C:\Users\thhon\UnityFiles\TlimFinalProj2Dshooter\Assets\Scripts\BackGroundScrollScript.cs:26 

(Filename: Assets/Scripts/BackGroundScrollScript.cs Line: 26)

NullReferenceException: Object reference not set to an instance of an object
  at BackGroundScrollScript.Update () [0x00018] in C:\Users\thhon\UnityFiles\TlimFinalProj2Dshooter\Assets\Scripts\BackGroundScrollScript.cs:26 

(Filename: Assets/Scripts/BackGroundScrollScript.cs Line: 26)

NullReferenceException: Object reference not set to an instance of an object
  at BackGroundScrollScript.Update () [0x00018] in C:\Users\thhon\UnityFiles\TlimFinalProj2Dshooter\Assets\Scripts\BackGroundScrollScript.cs:26 

(Filename: Assets/Scripts/BackGroundScrollScript.cs Line: 26)

NullReferenceException: Object reference not set to an instance of an object
  at BackGroundScrollScript.Update () [0x00018] in C:\Users\thhon\UnityFiles\TlimFinalProj2Dshooter\Assets\Scripts\BackGroundScrollScript.cs:26 

(Filename: Assets/Scripts/BackGroundScrollScript.cs Line: 26)

NullReferenceException: Object reference not set to an instance of an object
  at BackGroundScrollScript.Update () [0x00018] in C:\Users\thhon\UnityFiles\TlimFinalProj2Dshooter\Assets\Scripts\BackGroundScrollScript.cs:26 

(Filename: Assets/Scripts/BackGroundScrollScript.cs Line: 26)

NullReferenceException: Object reference not set to an instance of an object
  at BackGroundScrollScript.Update () [0x00018] in C:\Users\thhon\UnityFiles\TlimFinalProj2Dshooter\Assets\Scripts\BackGroundScrollScript.cs:26 

(Filename: Assets/Scripts/BackGroundScrollScript.cs Line: 26)

NullReferenceException: Object reference not set to an instance of an object
  at BackGroundScrollScript.Update () [0x00018] in C:\Users\thhon\UnityFiles\TlimFinalProj2Dshooter\Assets\Scripts\BackGroundScrollScript.cs:26 

(Filename: Assets/Scripts/BackGroundScrollScript.cs Line: 26)

NullReferenceException: Object reference not set to an instance of an object
  at BackGroundScrollScript.Update () [0x00018] in C:\Users\thhon\UnityFiles\TlimFinalProj2Dshooter\Assets\Scripts\BackGroundScrollScript.cs:26 

(Filename: Assets/Scripts/BackGroundScrollScript.cs Line: 26)

NullReferenceException: Object reference not set to an instance of an object
  at BackGroundScrollScript.Update () [0x00018] in C:\Users\thhon\UnityFiles\TlimFinalProj2Dshooter\Assets\Scripts\BackGroundScrollScript.cs:26 

(Filename: Assets/Scripts/BackGroundScrollScript.cs Line: 26)

NullReferenceException: Object reference not set to an instance of an object
  at BackGroundScrollScript.Update () [0x00018] in C:\Users\thhon\UnityFiles\TlimFinalProj2Dshooter\Assets\Scripts\BackGroundScrollScript.cs:26 

(Filename: Assets/Scripts/BackGroundScrollScript.cs Line: 26)

NullReferenceException: Object reference not set to an instance of an object
  at BackGroundScrollScript.Update () [0x00018] in C:\Users\thhon\UnityFiles\TlimFinalProj2Dshooter\Assets\Scripts\BackGroundScrollScript.cs:26 

(Filename: Assets/Scripts/BackGroundScrollScript.cs Line: 26)

NullReferenceException: Object reference not set to an instance of an object
  at BackGroundScrollScript.Update () [0x00018] in C:\Users\thhon\UnityFiles\TlimFinalProj2Dshooter\Assets\Scripts\BackGroundScrollScript.cs:26 

(Filename: Assets/Scripts/BackGroundScrollScript.cs Line: 26)

NullReferenceException: Object reference not set to an instance of an object
  at BackGroundScrollScript.Update () [0x00018] in C:\Users\thhon\UnityFiles\TlimFinalProj2Dshooter\Assets\Scripts\BackGroundScrollScript.cs:26 

(Filename: Assets/Scripts/BackGroundScrollScript.cs Line: 26)

NullReferenceException: Object reference not set to an instance of an object
  at BackGroundScrollScript.Update () [0x00018] in C:\Users\thhon\UnityFiles\TlimFinalProj2Dshooter\Assets\Scripts\BackGroundScrollScript.cs:26 

(Filename: Assets/Scripts/BackGroundScrollScript.cs Line: 26)

NullReferenceException: Object reference not set to an instance of an object
  at BackGroundScrollScript.Update () [0x00018] in C:\Users\thhon\UnityFiles\TlimFinalProj2Dshooter\Assets\Scripts\BackGroundScrollScript.cs:26 

(Filename: Assets/Scripts/BackGroundScrollScript.cs Line: 26)

NullReferenceException: Object reference not set to an instance of an object
  at BackGroundScrollScript.Update () [0x00018] in C:\Users\thhon\UnityFiles\TlimFinalProj2Dshooter\Assets\Scripts\BackGroundScrollScript.cs:26 

(Filename: Assets/Scripts/BackGroundScrollScript.cs Line: 26)

NullReferenceException: Object reference not set to an instance of an object
  at BackGroundScrollScript.Update () [0x00018] in C:\Users\thhon\UnityFiles\TlimFinalProj2Dshooter\Assets\Scripts\BackGroundScrollScript.cs:26 

(Filename: Assets/Scripts/BackGroundScrollScript.cs Line: 26)

NullReferenceException: Object reference not set to an instance of an object
  at BackGroundScrollScript.Update () [0x00018] in C:\Users\thhon\UnityFiles\TlimFinalProj2Dshooter\Assets\Scripts\BackGroundScrollScript.cs:26 

(Filename: Assets/Scripts/BackGroundScrollScript.cs Line: 26)

NullReferenceException: Object reference not set to an instance of an object
  at BackGroundScrollScript.Update () [0x00018] in C:\Users\thhon\UnityFiles\TlimFinalProj2Dshooter\Assets\Scripts\BackGroundScrollScript.cs:26 

(Filename: Assets/Scripts/BackGroundScrollScript.cs Line: 26)

NullReferenceException: Object reference not set to an instance of an object
  at BackGroundScrollScript.Update () [0x00018] in C:\Users\thhon\UnityFiles\TlimFinalProj2Dshooter\Assets\Scripts\BackGroundScrollScript.cs:26 

(Filename: Assets/Scripts/BackGroundScrollScript.cs Line: 26)

NullReferenceException: Object reference not set to an instance of an object
  at BackGroundScrollScript.Update () [0x00018] in C:\Users\thhon\UnityFiles\TlimFinalProj2Dshooter\Assets\Scripts\BackGroundScrollScript.cs:26 

(Filename: Assets/Scripts/BackGroundScrollScript.cs Line: 26)

NullReferenceException: Object reference not set to an instance of an object
  at BackGroundScrollScript.Update () [0x00018] in C:\Users\thhon\UnityFiles\TlimFinalProj2Dshooter\Assets\Scripts\BackGroundScrollScript.cs:26 

(Filename: Assets/Scripts/BackGroundScrollScript.cs Line: 26)

NullReferenceException: Object reference not set to an instance of an object
  at BackGroundScrollScript.Update () [0x00018] in C:\Users\thhon\UnityFiles\TlimFinalProj2Dshooter\Assets\Scripts\BackGroundScrollScript.cs:26 

(Filename: Assets/Scripts/BackGroundScrollScript.cs Line: 26)

NullReferenceException: Object reference not set to an instance of an object
  at BackGroundScrollScript.Update () [0x00018] in C:\Users\thhon\UnityFiles\TlimFinalProj2Dshooter\Assets\Scripts\BackGroundScrollScript.cs:26 

(Filename: Assets/Scripts/BackGroundScrollScript.cs Line: 26)

NullReferenceException: Object reference not set to an instance of an object
  at BackGroundScrollScript.Update () [0x00018] in C:\Users\thhon\UnityFiles\TlimFinalProj2Dshooter\Assets\Scripts\BackGroundScrollScript.cs:26 

(Filename: Assets/Scripts/BackGroundScrollScript.cs Line: 26)

NullReferenceException: Object reference not set to an instance of an object
  at BackGroundScrollScript.Update () [0x00018] in C:\Users\thhon\UnityFiles\TlimFinalProj2Dshooter\Assets\Scripts\BackGroundScrollScript.cs:26 

(Filename: Assets/Scripts/BackGroundScrollScript.cs Line: 26)

NullReferenceException: Object reference not set to an instance of an object
  at BackGroundScrollScript.Update () [0x00018] in C:\Users\thhon\UnityFiles\TlimFinalProj2Dshooter\Assets\Scripts\BackGroundScrollScript.cs:26 

(Filename: Assets/Scripts/BackGroundScrollScript.cs Line: 26)

NullReferenceException: Object reference not set to an instance of an object
  at BackGroundScrollScript.Update () [0x00018] in C:\Users\thhon\UnityFiles\TlimFinalProj2Dshooter\Assets\Scripts\BackGroundScrollScript.cs:26 

(Filename: Assets/Scripts/BackGroundScrollScript.cs Line: 26)

NullReferenceException: Object reference not set to an instance of an object
  at BackGroundScrollScript.Update () [0x00018] in C:\Users\thhon\UnityFiles\TlimFinalProj2Dshooter\Assets\Scripts\BackGroundScrollScript.cs:26 

(Filename: Assets/Scripts/BackGroundScrollScript.cs Line: 26)

NullReferenceException: Object reference not set to an instance of an object
  at BackGroundScrollScript.Update () [0x00018] in C:\Users\thhon\UnityFiles\TlimFinalProj2Dshooter\Assets\Scripts\BackGroundScrollScript.cs:26 

(Filename: Assets/Scripts/BackGroundScrollScript.cs Line: 26)

NullReferenceException: Object reference not set to an instance of an object
  at BackGroundScrollScript.Update () [0x00018] in C:\Users\thhon\UnityFiles\TlimFinalProj2Dshooter\Assets\Scripts\BackGroundScrollScript.cs:26 

(Filename: Assets/Scripts/BackGroundScrollScript.cs Line: 26)

NullReferenceException: Object reference not set to an instance of an object
  at BackGroundScrollScript.Update () [0x00018] in C:\Users\thhon\UnityFiles\TlimFinalProj2Dshooter\Assets\Scripts\BackGroundScrollScript.cs:26 

(Filename: Assets/Scripts/BackGroundScrollScript.cs Line: 26)

NullReferenceException: Object reference not set to an instance of an object
  at BackGroundScrollScript.Update () [0x00018] in C:\Users\thhon\UnityFiles\TlimFinalProj2Dshooter\Assets\Scripts\BackGroundScrollScript.cs:26 

(Filename: Assets/Scripts/BackGroundScrollScript.cs Line: 26)

NullReferenceException: Object reference not set to an instance of an object
  at BackGroundScrollScript.Update () [0x00018] in C:\Users\thhon\UnityFiles\TlimFinalProj2Dshooter\Assets\Scripts\BackGroundScrollScript.cs:26 

(Filename: Assets/Scripts/BackGroundScrollScript.cs Line: 26)

NullReferenceException: Object reference not set to an instance of an object
  at BackGroundScrollScript.Update () [0x00018] in C:\Users\thhon\UnityFiles\TlimFinalProj2Dshooter\Assets\Scripts\BackGroundScrollScript.cs:26 

(Filename: Assets/Scripts/BackGroundScrollScript.cs Line: 26)

NullReferenceException: Object reference not set to an instance of an object
  at BackGroundScrollScript.Update () [0x00018] in C:\Users\thhon\UnityFiles\TlimFinalProj2Dshooter\Assets\Scripts\BackGroundScrollScript.cs:26 

(Filename: Assets/Scripts/BackGroundScrollScript.cs Line: 26)

NullReferenceException: Object reference not set to an instance of an object
  at BackGroundScrollScript.Update () [0x00018] in C:\Users\thhon\UnityFiles\TlimFinalProj2Dshooter\Assets\Scripts\BackGroundScrollScript.cs:26 

(Filename: Assets/Scripts/BackGroundScrollScript.cs Line: 26)

NullReferenceException: Object reference not set to an instance of an object
  at BackGroundScrollScript.Update () [0x00018] in C:\Users\thhon\UnityFiles\TlimFinalProj2Dshooter\Assets\Scripts\BackGroundScrollScript.cs:26 

(Filename: Assets/Scripts/BackGroundScrollScript.cs Line: 26)

NullReferenceException: Object reference not set to an instance of an object
  at BackGroundScrollScript.Update () [0x00018] in C:\Users\thhon\UnityFiles\TlimFinalProj2Dshooter\Assets\Scripts\BackGroundScrollScript.cs:26 

(Filename: Assets/Scripts/BackGroundScrollScript.cs Line: 26)

NullReferenceException: Object reference not set to an instance of an object
  at BackGroundScrollScript.Update () [0x00018] in C:\Users\thhon\UnityFiles\TlimFinalProj2Dshooter\Assets\Scripts\BackGroundScrollScript.cs:26 

(Filename: Assets/Scripts/BackGroundScrollScript.cs Line: 26)

NullReferenceException: Object reference not set to an instance of an object
  at BackGroundScrollScript.Update () [0x00018] in C:\Users\thhon\UnityFiles\TlimFinalProj2Dshooter\Assets\Scripts\BackGroundScrollScript.cs:26 

(Filename: Assets/Scripts/BackGroundScrollScript.cs Line: 26)

NullReferenceException: Object reference not set to an instance of an object
  at BackGroundScrollScript.Update () [0x00018] in C:\Users\thhon\UnityFiles\TlimFinalProj2Dshooter\Assets\Scripts\BackGroundScrollScript.cs:26 

(Filename: Assets/Scripts/BackGroundScrollScript.cs Line: 26)

NullReferenceException: Object reference not set to an instance of an object
  at BackGroundScrollScript.Update () [0x00018] in C:\Users\thhon\UnityFiles\TlimFinalProj2Dshooter\Assets\Scripts\BackGroundScrollScript.cs:26 

(Filename: Assets/Scripts/BackGroundScrollScript.cs Line: 26)

NullReferenceException: Object reference not set to an instance of an object
  at BackGroundScrollScript.Update () [0x00018] in C:\Users\thhon\UnityFiles\TlimFinalProj2Dshooter\Assets\Scripts\BackGroundScrollScript.cs:26 

(Filename: Assets/Scripts/BackGroundScrollScript.cs Line: 26)

NullReferenceException: Object reference not set to an instance of an object
  at BackGroundScrollScript.Update () [0x00018] in C:\Users\thhon\UnityFiles\TlimFinalProj2Dshooter\Assets\Scripts\BackGroundScrollScript.cs:26 

(Filename: Assets/Scripts/BackGroundScrollScript.cs Line: 26)

NullReferenceException: Object reference not set to an instance of an object
  at BackGroundScrollScript.Update () [0x00018] in C:\Users\thhon\UnityFiles\TlimFinalProj2Dshooter\Assets\Scripts\BackGroundScrollScript.cs:26 

(Filename: Assets/Scripts/BackGroundScrollScript.cs Line: 26)

NullReferenceException: Object reference not set to an instance of an object
  at BackGroundScrollScript.Update () [0x00018] in C:\Users\thhon\UnityFiles\TlimFinalProj2Dshooter\Assets\Scripts\BackGroundScrollScript.cs:26 

(Filename: Assets/Scripts/BackGroundScrollScript.cs Line: 26)

NullReferenceException: Object reference not set to an instance of an object
  at BackGroundScrollScript.Update () [0x00018] in C:\Users\thhon\UnityFiles\TlimFinalProj2Dshooter\Assets\Scripts\BackGroundScrollScript.cs:26 

(Filename: Assets/Scripts/BackGroundScrollScript.cs Line: 26)

NullReferenceException: Object reference not set to an instance of an object
  at BackGroundScrollScript.Update () [0x00018] in C:\Users\thhon\UnityFiles\TlimFinalProj2Dshooter\Assets\Scripts\BackGroundScrollScript.cs:26 

(Filename: Assets/Scripts/BackGroundScrollScript.cs Line: 26)

NullReferenceException: Object reference not set to an instance of an object
  at BackGroundScrollScript.Update () [0x00018] in C:\Users\thhon\UnityFiles\TlimFinalProj2Dshooter\Assets\Scripts\BackGroundScrollScript.cs:26 

(Filename: Assets/Scripts/BackGroundScrollScript.cs Line: 26)

NullReferenceException: Object reference not set to an instance of an object
  at BackGroundScrollScript.Update () [0x00018] in C:\Users\thhon\UnityFiles\TlimFinalProj2Dshooter\Assets\Scripts\BackGroundScrollScript.cs:26 

(Filename: Assets/Scripts/BackGroundScrollScript.cs Line: 26)

NullReferenceException: Object reference not set to an instance of an object
  at BackGroundScrollScript.Update () [0x00018] in C:\Users\thhon\UnityFiles\TlimFinalProj2Dshooter\Assets\Scripts\BackGroundScrollScript.cs:26 

(Filename: Assets/Scripts/BackGroundScrollScript.cs Line: 26)

NullReferenceException: Object reference not set to an instance of an object
  at BackGroundScrollScript.Update () [0x00018] in C:\Users\thhon\UnityFiles\TlimFinalProj2Dshooter\Assets\Scripts\BackGroundScrollScript.cs:26 

(Filename: Assets/Scripts/BackGroundScrollScript.cs Line: 26)

NullReferenceException: Object reference not set to an instance of an object
  at BackGroundScrollScript.Update () [0x00018] in C:\Users\thhon\UnityFiles\TlimFinalProj2Dshooter\Assets\Scripts\BackGroundScrollScript.cs:26 

(Filename: Assets/Scripts/BackGroundScrollScript.cs Line: 26)

NullReferenceException: Object reference not set to an instance of an object
  at BackGroundScrollScript.Update () [0x00018] in C:\Users\thhon\UnityFiles\TlimFinalProj2Dshooter\Assets\Scripts\BackGroundScrollScript.cs:26 

(Filename: Assets/Scripts/BackGroundScrollScript.cs Line: 26)

NullReferenceException: Object reference not set to an instance of an object
  at BackGroundScrollScript.Update () [0x00018] in C:\Users\thhon\UnityFiles\TlimFinalProj2Dshooter\Assets\Scripts\BackGroundScrollScript.cs:26 

(Filename: Assets/Scripts/BackGroundScrollScript.cs Line: 26)

NullReferenceException: Object reference not set to an instance of an object
  at BackGroundScrollScript.Update () [0x00018] in C:\Users\thhon\UnityFiles\TlimFinalProj2Dshooter\Assets\Scripts\BackGroundScrollScript.cs:26 

(Filename: Assets/Scripts/BackGroundScrollScript.cs Line: 26)

NullReferenceException: Object reference not set to an instance of an object
  at BackGroundScrollScript.Update () [0x00018] in C:\Users\thhon\UnityFiles\TlimFinalProj2Dshooter\Assets\Scripts\BackGroundScrollScript.cs:26 

(Filename: Assets/Scripts/BackGroundScrollScript.cs Line: 26)

NullReferenceException: Object reference not set to an instance of an object
  at BackGroundScrollScript.Update () [0x00018] in C:\Users\thhon\UnityFiles\TlimFinalProj2Dshooter\Assets\Scripts\BackGroundScrollScript.cs:26 

(Filename: Assets/Scripts/BackGroundScrollScript.cs Line: 26)

NullReferenceException: Object reference not set to an instance of an object
  at BackGroundScrollScript.Update () [0x00018] in C:\Users\thhon\UnityFiles\TlimFinalProj2Dshooter\Assets\Scripts\BackGroundScrollScript.cs:26 

(Filename: Assets/Scripts/BackGroundScrollScript.cs Line: 26)

NullReferenceException: Object reference not set to an instance of an object
  at BackGroundScrollScript.Update () [0x00018] in C:\Users\thhon\UnityFiles\TlimFinalProj2Dshooter\Assets\Scripts\BackGroundScrollScript.cs:26 

(Filename: Assets/Scripts/BackGroundScrollScript.cs Line: 26)

NullReferenceException: Object reference not set to an instance of an object
  at BackGroundScrollScript.Update () [0x00018] in C:\Users\thhon\UnityFiles\TlimFinalProj2Dshooter\Assets\Scripts\BackGroundScrollScript.cs:26 

(Filename: Assets/Scripts/BackGroundScrollScript.cs Line: 26)

NullReferenceException: Object reference not set to an instance of an object
  at BackGroundScrollScript.Update () [0x00018] in C:\Users\thhon\UnityFiles\TlimFinalProj2Dshooter\Assets\Scripts\BackGroundScrollScript.cs:26 

(Filename: Assets/Scripts/BackGroundScrollScript.cs Line: 26)

NullReferenceException: Object reference not set to an instance of an object
  at BackGroundScrollScript.Update () [0x00018] in C:\Users\thhon\UnityFiles\TlimFinalProj2Dshooter\Assets\Scripts\BackGroundScrollScript.cs:26 

(Filename: Assets/Scripts/BackGroundScrollScript.cs Line: 26)

NullReferenceException: Object reference not set to an instance of an object
  at BackGroundScrollScript.Update () [0x00018] in C:\Users\thhon\UnityFiles\TlimFinalProj2Dshooter\Assets\Scripts\BackGroundScrollScript.cs:26 

(Filename: Assets/Scripts/BackGroundScrollScript.cs Line: 26)

NullReferenceException: Object reference not set to an instance of an object
  at BackGroundScrollScript.Update () [0x00018] in C:\Users\thhon\UnityFiles\TlimFinalProj2Dshooter\Assets\Scripts\BackGroundScrollScript.cs:26 

(Filename: Assets/Scripts/BackGroundScrollScript.cs Line: 26)

NullReferenceException: Object reference not set to an instance of an object
  at BackGroundScrollScript.Update () [0x00018] in C:\Users\thhon\UnityFiles\TlimFinalProj2Dshooter\Assets\Scripts\BackGroundScrollScript.cs:26 

(Filename: Assets/Scripts/BackGroundScrollScript.cs Line: 26)

NullReferenceException: Object reference not set to an instance of an object
  at BackGroundScrollScript.Update () [0x00018] in C:\Users\thhon\UnityFiles\TlimFinalProj2Dshooter\Assets\Scripts\BackGroundScrollScript.cs:26 

(Filename: Assets/Scripts/BackGroundScrollScript.cs Line: 26)

NullReferenceException: Object reference not set to an instance of an object
  at BackGroundScrollScript.Update () [0x00018] in C:\Users\thhon\UnityFiles\TlimFinalProj2Dshooter\Assets\Scripts\BackGroundScrollScript.cs:26 

(Filename: Assets/Scripts/BackGroundScrollScript.cs Line: 26)

NullReferenceException: Object reference not set to an instance of an object
  at BackGroundScrollScript.Update () [0x00018] in C:\Users\thhon\UnityFiles\TlimFinalProj2Dshooter\Assets\Scripts\BackGroundScrollScript.cs:26 

(Filename: Assets/Scripts/BackGroundScrollScript.cs Line: 26)

NullReferenceException: Object reference not set to an instance of an object
  at BackGroundScrollScript.Update () [0x00018] in C:\Users\thhon\UnityFiles\TlimFinalProj2Dshooter\Assets\Scripts\BackGroundScrollScript.cs:26 

(Filename: Assets/Scripts/BackGroundScrollScript.cs Line: 26)

NullReferenceException: Object reference not set to an instance of an object
  at BackGroundScrollScript.Update () [0x00018] in C:\Users\thhon\UnityFiles\TlimFinalProj2Dshooter\Assets\Scripts\BackGroundScrollScript.cs:26 

(Filename: Assets/Scripts/BackGroundScrollScript.cs Line: 26)

NullReferenceException: Object reference not set to an instance of an object
  at BackGroundScrollScript.Update () [0x00018] in C:\Users\thhon\UnityFiles\TlimFinalProj2Dshooter\Assets\Scripts\BackGroundScrollScript.cs:26 

(Filename: Assets/Scripts/BackGroundScrollScript.cs Line: 26)

NullReferenceException: Object reference not set to an instance of an object
  at BackGroundScrollScript.Update () [0x00018] in C:\Users\thhon\UnityFiles\TlimFinalProj2Dshooter\Assets\Scripts\BackGroundScrollScript.cs:26 

(Filename: Assets/Scripts/BackGroundScrollScript.cs Line: 26)

NullReferenceException: Object reference not set to an instance of an object
  at BackGroundScrollScript.Update () [0x00018] in C:\Users\thhon\UnityFiles\TlimFinalProj2Dshooter\Assets\Scripts\BackGroundScrollScript.cs:26 

(Filename: Assets/Scripts/BackGroundScrollScript.cs Line: 26)

NullReferenceException: Object reference not set to an instance of an object
  at BackGroundScrollScript.Update () [0x00018] in C:\Users\thhon\UnityFiles\TlimFinalProj2Dshooter\Assets\Scripts\BackGroundScrollScript.cs:26 

(Filename: Assets/Scripts/BackGroundScrollScript.cs Line: 26)

NullReferenceException: Object reference not set to an instance of an object
  at BackGroundScrollScript.Update () [0x00018] in C:\Users\thhon\UnityFiles\TlimFinalProj2Dshooter\Assets\Scripts\BackGroundScrollScript.cs:26 

(Filename: Assets/Scripts/BackGroundScrollScript.cs Line: 26)

NullReferenceException: Object reference not set to an instance of an object
  at BackGroundScrollScript.Update () [0x00018] in C:\Users\thhon\UnityFiles\TlimFinalProj2Dshooter\Assets\Scripts\BackGroundScrollScript.cs:26 

(Filename: Assets/Scripts/BackGroundScrollScript.cs Line: 26)

NullReferenceException: Object reference not set to an instance of an object
  at BackGroundScrollScript.Update () [0x00018] in C:\Users\thhon\UnityFiles\TlimFinalProj2Dshooter\Assets\Scripts\BackGroundScrollScript.cs:26 

(Filename: Assets/Scripts/BackGroundScrollScript.cs Line: 26)

NullReferenceException: Object reference not set to an instance of an object
  at BackGroundScrollScript.Update () [0x00018] in C:\Users\thhon\UnityFiles\TlimFinalProj2Dshooter\Assets\Scripts\BackGroundScrollScript.cs:26 

(Filename: Assets/Scripts/BackGroundScrollScript.cs Line: 26)

NullReferenceException: Object reference not set to an instance of an object
  at BackGroundScrollScript.Update () [0x00018] in C:\Users\thhon\UnityFiles\TlimFinalProj2Dshooter\Assets\Scripts\BackGroundScrollScript.cs:26 

(Filename: Assets/Scripts/BackGroundScrollScript.cs Line: 26)

NullReferenceException: Object reference not set to an instance of an object
  at BackGroundScrollScript.Update () [0x00018] in C:\Users\thhon\UnityFiles\TlimFinalProj2Dshooter\Assets\Scripts\BackGroundScrollScript.cs:26 

(Filename: Assets/Scripts/BackGroundScrollScript.cs Line: 26)

NullReferenceException: Object reference not set to an instance of an object
  at BackGroundScrollScript.Update () [0x00018] in C:\Users\thhon\UnityFiles\TlimFinalProj2Dshooter\Assets\Scripts\BackGroundScrollScript.cs:26 

(Filename: Assets/Scripts/BackGroundScrollScript.cs Line: 26)

NullReferenceException: Object reference not set to an instance of an object
  at BackGroundScrollScript.Update () [0x00018] in C:\Users\thhon\UnityFiles\TlimFinalProj2Dshooter\Assets\Scripts\BackGroundScrollScript.cs:26 

(Filename: Assets/Scripts/BackGroundScrollScript.cs Line: 26)

NullReferenceException: Object reference not set to an instance of an object
  at BackGroundScrollScript.Update () [0x00018] in C:\Users\thhon\UnityFiles\TlimFinalProj2Dshooter\Assets\Scripts\BackGroundScrollScript.cs:26 

(Filename: Assets/Scripts/BackGroundScrollScript.cs Line: 26)

NullReferenceException: Object reference not set to an instance of an object
  at BackGroundScrollScript.Update () [0x00018] in C:\Users\thhon\UnityFiles\TlimFinalProj2Dshooter\Assets\Scripts\BackGroundScrollScript.cs:26 

(Filename: Assets/Scripts/BackGroundScrollScript.cs Line: 26)

NullReferenceException: Object reference not set to an instance of an object
  at BackGroundScrollScript.Update () [0x00018] in C:\Users\thhon\UnityFiles\TlimFinalProj2Dshooter\Assets\Scripts\BackGroundScrollScript.cs:26 

(Filename: Assets/Scripts/BackGroundScrollScript.cs Line: 26)

NullReferenceException: Object reference not set to an instance of an object
  at BackGroundScrollScript.Update () [0x00018] in C:\Users\thhon\UnityFiles\TlimFinalProj2Dshooter\Assets\Scripts\BackGroundScrollScript.cs:26 

(Filename: Assets/Scripts/BackGroundScrollScript.cs Line: 26)

NullReferenceException: Object reference not set to an instance of an object
  at BackGroundScrollScript.Update () [0x00018] in C:\Users\thhon\UnityFiles\TlimFinalProj2Dshooter\Assets\Scripts\BackGroundScrollScript.cs:26 

(Filename: Assets/Scripts/BackGroundScrollScript.cs Line: 26)

NullReferenceException: Object reference not set to an instance of an object
  at BackGroundScrollScript.Update () [0x00018] in C:\Users\thhon\UnityFiles\TlimFinalProj2Dshooter\Assets\Scripts\BackGroundScrollScript.cs:26 

(Filename: Assets/Scripts/BackGroundScrollScript.cs Line: 26)

NullReferenceException: Object reference not set to an instance of an object
  at BackGroundScrollScript.Update () [0x00018] in C:\Users\thhon\UnityFiles\TlimFinalProj2Dshooter\Assets\Scripts\BackGroundScrollScript.cs:26 

(Filename: Assets/Scripts/BackGroundScrollScript.cs Line: 26)

NullReferenceException: Object reference not set to an instance of an object
  at BackGroundScrollScript.Update () [0x00018] in C:\Users\thhon\UnityFiles\TlimFinalProj2Dshooter\Assets\Scripts\BackGroundScrollScript.cs:26 

(Filename: Assets/Scripts/BackGroundScrollScript.cs Line: 26)

NullReferenceException: Object reference not set to an instance of an object
  at BackGroundScrollScript.Update () [0x00018] in C:\Users\thhon\UnityFiles\TlimFinalProj2Dshooter\Assets\Scripts\BackGroundScrollScript.cs:26 

(Filename: Assets/Scripts/BackGroundScrollScript.cs Line: 26)

NullReferenceException: Object reference not set to an instance of an object
  at BackGroundScrollScript.Update () [0x00018] in C:\Users\thhon\UnityFiles\TlimFinalProj2Dshooter\Assets\Scripts\BackGroundScrollScript.cs:26 

(Filename: Assets/Scripts/BackGroundScrollScript.cs Line: 26)

NullReferenceException: Object reference not set to an instance of an object
  at BackGroundScrollScript.Update () [0x00018] in C:\Users\thhon\UnityFiles\TlimFinalProj2Dshooter\Assets\Scripts\BackGroundScrollScript.cs:26 

(Filename: Assets/Scripts/BackGroundScrollScript.cs Line: 26)

NullReferenceException: Object reference not set to an instance of an object
  at BackGroundScrollScript.Update () [0x00018] in C:\Users\thhon\UnityFiles\TlimFinalProj2Dshooter\Assets\Scripts\BackGroundScrollScript.cs:26 

(Filename: Assets/Scripts/BackGroundScrollScript.cs Line: 26)

NullReferenceException: Object reference not set to an instance of an object
  at BackGroundScrollScript.Update () [0x00018] in C:\Users\thhon\UnityFiles\TlimFinalProj2Dshooter\Assets\Scripts\BackGroundScrollScript.cs:26 

(Filename: Assets/Scripts/BackGroundScrollScript.cs Line: 26)

NullReferenceException: Object reference not set to an instance of an object
  at BackGroundScrollScript.Update () [0x00018] in C:\Users\thhon\UnityFiles\TlimFinalProj2Dshooter\Assets\Scripts\BackGroundScrollScript.cs:26 

(Filename: Assets/Scripts/BackGroundScrollScript.cs Line: 26)

NullReferenceException: Object reference not set to an instance of an object
  at BackGroundScrollScript.Update () [0x00018] in C:\Users\thhon\UnityFiles\TlimFinalProj2Dshooter\Assets\Scripts\BackGroundScrollScript.cs:26 

(Filename: Assets/Scripts/BackGroundScrollScript.cs Line: 26)

NullReferenceException: Object reference not set to an instance of an object
  at BackGroundScrollScript.Update () [0x00018] in C:\Users\thhon\UnityFiles\TlimFinalProj2Dshooter\Assets\Scripts\BackGroundScrollScript.cs:26 

(Filename: Assets/Scripts/BackGroundScrollScript.cs Line: 26)

NullReferenceException: Object reference not set to an instance of an object
  at BackGroundScrollScript.Update () [0x00018] in C:\Users\thhon\UnityFiles\TlimFinalProj2Dshooter\Assets\Scripts\BackGroundScrollScript.cs:26 

(Filename: Assets/Scripts/BackGroundScrollScript.cs Line: 26)

NullReferenceException: Object reference not set to an instance of an object
  at BackGroundScrollScript.Update () [0x00018] in C:\Users\thhon\UnityFiles\TlimFinalProj2Dshooter\Assets\Scripts\BackGroundScrollScript.cs:26 

(Filename: Assets/Scripts/BackGroundScrollScript.cs Line: 26)

NullReferenceException: Object reference not set to an instance of an object
  at BackGroundScrollScript.Update () [0x00018] in C:\Users\thhon\UnityFiles\TlimFinalProj2Dshooter\Assets\Scripts\BackGroundScrollScript.cs:26 

(Filename: Assets/Scripts/BackGroundScrollScript.cs Line: 26)

NullReferenceException: Object reference not set to an instance of an object
  at BackGroundScrollScript.Update () [0x00018] in C:\Users\thhon\UnityFiles\TlimFinalProj2Dshooter\Assets\Scripts\BackGroundScrollScript.cs:26 

(Filename: Assets/Scripts/BackGroundScrollScript.cs Line: 26)

NullReferenceException: Object reference not set to an instance of an object
  at BackGroundScrollScript.Update () [0x00018] in C:\Users\thhon\UnityFiles\TlimFinalProj2Dshooter\Assets\Scripts\BackGroundScrollScript.cs:26 

(Filename: Assets/Scripts/BackGroundScrollScript.cs Line: 26)

NullReferenceException: Object reference not set to an instance of an object
  at BackGroundScrollScript.Update () [0x00018] in C:\Users\thhon\UnityFiles\TlimFinalProj2Dshooter\Assets\Scripts\BackGroundScrollScript.cs:26 

(Filename: Assets/Scripts/BackGroundScrollScript.cs Line: 26)

NullReferenceException: Object reference not set to an instance of an object
  at BackGroundScrollScript.Update () [0x00018] in C:\Users\thhon\UnityFiles\TlimFinalProj2Dshooter\Assets\Scripts\BackGroundScrollScript.cs:26 

(Filename: Assets/Scripts/BackGroundScrollScript.cs Line: 26)

NullReferenceException: Object reference not set to an instance of an object
  at BackGroundScrollScript.Update () [0x00018] in C:\Users\thhon\UnityFiles\TlimFinalProj2Dshooter\Assets\Scripts\BackGroundScrollScript.cs:26 

(Filename: Assets/Scripts/BackGroundScrollScript.cs Line: 26)

NullReferenceException: Object reference not set to an instance of an object
  at BackGroundScrollScript.Update () [0x00018] in C:\Users\thhon\UnityFiles\TlimFinalProj2Dshooter\Assets\Scripts\BackGroundScrollScript.cs:26 

(Filename: Assets/Scripts/BackGroundScrollScript.cs Line: 26)

NullReferenceException: Object reference not set to an instance of an object
  at BackGroundScrollScript.Update () [0x00018] in C:\Users\thhon\UnityFiles\TlimFinalProj2Dshooter\Assets\Scripts\BackGroundScrollScript.cs:26 

(Filename: Assets/Scripts/BackGroundScrollScript.cs Line: 26)

NullReferenceException: Object reference not set to an instance of an object
  at BackGroundScrollScript.Update () [0x00018] in C:\Users\thhon\UnityFiles\TlimFinalProj2Dshooter\Assets\Scripts\BackGroundScrollScript.cs:26 

(Filename: Assets/Scripts/BackGroundScrollScript.cs Line: 26)

NullReferenceException: Object reference not set to an instance of an object
  at BackGroundScrollScript.Update () [0x00018] in C:\Users\thhon\UnityFiles\TlimFinalProj2Dshooter\Assets\Scripts\BackGroundScrollScript.cs:26 

(Filename: Assets/Scripts/BackGroundScrollScript.cs Line: 26)

NullReferenceException: Object reference not set to an instance of an object
  at BackGroundScrollScript.Update () [0x00018] in C:\Users\thhon\UnityFiles\TlimFinalProj2Dshooter\Assets\Scripts\BackGroundScrollScript.cs:26 

(Filename: Assets/Scripts/BackGroundScrollScript.cs Line: 26)

NullReferenceException: Object reference not set to an instance of an object
  at BackGroundScrollScript.Update () [0x00018] in C:\Users\thhon\UnityFiles\TlimFinalProj2Dshooter\Assets\Scripts\BackGroundScrollScript.cs:26 

(Filename: Assets/Scripts/BackGroundScrollScript.cs Line: 26)

NullReferenceException: Object reference not set to an instance of an object
  at BackGroundScrollScript.Update () [0x00018] in C:\Users\thhon\UnityFiles\TlimFinalProj2Dshooter\Assets\Scripts\BackGroundScrollScript.cs:26 

(Filename: Assets/Scripts/BackGroundScrollScript.cs Line: 26)

NullReferenceException: Object reference not set to an instance of an object
  at BackGroundScrollScript.Update () [0x00018] in C:\Users\thhon\UnityFiles\TlimFinalProj2Dshooter\Assets\Scripts\BackGroundScrollScript.cs:26 

(Filename: Assets/Scripts/BackGroundScrollScript.cs Line: 26)

NullReferenceException: Object reference not set to an instance of an object
  at BackGroundScrollScript.Update () [0x00018] in C:\Users\thhon\UnityFiles\TlimFinalProj2Dshooter\Assets\Scripts\BackGroundScrollScript.cs:26 

(Filename: Assets/Scripts/BackGroundScrollScript.cs Line: 26)

NullReferenceException: Object reference not set to an instance of an object
  at BackGroundScrollScript.Update () [0x00018] in C:\Users\thhon\UnityFiles\TlimFinalProj2Dshooter\Assets\Scripts\BackGroundScrollScript.cs:26 

(Filename: Assets/Scripts/BackGroundScrollScript.cs Line: 26)

NullReferenceException: Object reference not set to an instance of an object
  at BackGroundScrollScript.Update () [0x00018] in C:\Users\thhon\UnityFiles\TlimFinalProj2Dshooter\Assets\Scripts\BackGroundScrollScript.cs:26 

(Filename: Assets/Scripts/BackGroundScrollScript.cs Line: 26)

NullReferenceException: Object reference not set to an instance of an object
  at BackGroundScrollScript.Update () [0x00018] in C:\Users\thhon\UnityFiles\TlimFinalProj2Dshooter\Assets\Scripts\BackGroundScrollScript.cs:26 

(Filename: Assets/Scripts/BackGroundScrollScript.cs Line: 26)

NullReferenceException: Object reference not set to an instance of an object
  at BackGroundScrollScript.Update () [0x00018] in C:\Users\thhon\UnityFiles\TlimFinalProj2Dshooter\Assets\Scripts\BackGroundScrollScript.cs:26 

(Filename: Assets/Scripts/BackGroundScrollScript.cs Line: 26)

NullReferenceException: Object reference not set to an instance of an object
  at BackGroundScrollScript.Update () [0x00018] in C:\Users\thhon\UnityFiles\TlimFinalProj2Dshooter\Assets\Scripts\BackGroundScrollScript.cs:26 

(Filename: Assets/Scripts/BackGroundScrollScript.cs Line: 26)

NullReferenceException: Object reference not set to an instance of an object
  at BackGroundScrollScript.Update () [0x00018] in C:\Users\thhon\UnityFiles\TlimFinalProj2Dshooter\Assets\Scripts\BackGroundScrollScript.cs:26 

(Filename: Assets/Scripts/BackGroundScrollScript.cs Line: 26)

NullReferenceException: Object reference not set to an instance of an object
  at BackGroundScrollScript.Update () [0x00018] in C:\Users\thhon\UnityFiles\TlimFinalProj2Dshooter\Assets\Scripts\BackGroundScrollScript.cs:26 

(Filename: Assets/Scripts/BackGroundScrollScript.cs Line: 26)

NullReferenceException: Object reference not set to an instance of an object
  at BackGroundScrollScript.Update () [0x00018] in C:\Users\thhon\UnityFiles\TlimFinalProj2Dshooter\Assets\Scripts\BackGroundScrollScript.cs:26 

(Filename: Assets/Scripts/BackGroundScrollScript.cs Line: 26)

NullReferenceException: Object reference not set to an instance of an object
  at BackGroundScrollScript.Update () [0x00018] in C:\Users\thhon\UnityFiles\TlimFinalProj2Dshooter\Assets\Scripts\BackGroundScrollScript.cs:26 

(Filename: Assets/Scripts/BackGroundScrollScript.cs Line: 26)

NullReferenceException: Object reference not set to an instance of an object
  at BackGroundScrollScript.Update () [0x00018] in C:\Users\thhon\UnityFiles\TlimFinalProj2Dshooter\Assets\Scripts\BackGroundScrollScript.cs:26 

(Filename: Assets/Scripts/BackGroundScrollScript.cs Line: 26)

NullReferenceException: Object reference not set to an instance of an object
  at BackGroundScrollScript.Update () [0x00018] in C:\Users\thhon\UnityFiles\TlimFinalProj2Dshooter\Assets\Scripts\BackGroundScrollScript.cs:26 

(Filename: Assets/Scripts/BackGroundScrollScript.cs Line: 26)

NullReferenceException: Object reference not set to an instance of an object
  at BackGroundScrollScript.Update () [0x00018] in C:\Users\thhon\UnityFiles\TlimFinalProj2Dshooter\Assets\Scripts\BackGroundScrollScript.cs:26 

(Filename: Assets/Scripts/BackGroundScrollScript.cs Line: 26)

NullReferenceException: Object reference not set to an instance of an object
  at BackGroundScrollScript.Update () [0x00018] in C:\Users\thhon\UnityFiles\TlimFinalProj2Dshooter\Assets\Scripts\BackGroundScrollScript.cs:26 

(Filename: Assets/Scripts/BackGroundScrollScript.cs Line: 26)

NullReferenceException: Object reference not set to an instance of an object
  at BackGroundScrollScript.Update () [0x00018] in C:\Users\thhon\UnityFiles\TlimFinalProj2Dshooter\Assets\Scripts\BackGroundScrollScript.cs:26 

(Filename: Assets/Scripts/BackGroundScrollScript.cs Line: 26)

NullReferenceException: Object reference not set to an instance of an object
  at BackGroundScrollScript.Update () [0x00018] in C:\Users\thhon\UnityFiles\TlimFinalProj2Dshooter\Assets\Scripts\BackGroundScrollScript.cs:26 

(Filename: Assets/Scripts/BackGroundScrollScript.cs Line: 26)

NullReferenceException: Object reference not set to an instance of an object
  at BackGroundScrollScript.Update () [0x00018] in C:\Users\thhon\UnityFiles\TlimFinalProj2Dshooter\Assets\Scripts\BackGroundScrollScript.cs:26 

(Filename: Assets/Scripts/BackGroundScrollScript.cs Line: 26)

NullReferenceException: Object reference not set to an instance of an object
  at BackGroundScrollScript.Update () [0x00018] in C:\Users\thhon\UnityFiles\TlimFinalProj2Dshooter\Assets\Scripts\BackGroundScrollScript.cs:26 

(Filename: Assets/Scripts/BackGroundScrollScript.cs Line: 26)

NullReferenceException: Object reference not set to an instance of an object
  at BackGroundScrollScript.Update () [0x00018] in C:\Users\thhon\UnityFiles\TlimFinalProj2Dshooter\Assets\Scripts\BackGroundScrollScript.cs:26 

(Filename: Assets/Scripts/BackGroundScrollScript.cs Line: 26)

NullReferenceException: Object reference not set to an instance of an object
  at BackGroundScrollScript.Update () [0x00018] in C:\Users\thhon\UnityFiles\TlimFinalProj2Dshooter\Assets\Scripts\BackGroundScrollScript.cs:26 

(Filename: Assets/Scripts/BackGroundScrollScript.cs Line: 26)

NullReferenceException: Object reference not set to an instance of an object
  at BackGroundScrollScript.Update () [0x00018] in C:\Users\thhon\UnityFiles\TlimFinalProj2Dshooter\Assets\Scripts\BackGroundScrollScript.cs:26 

(Filename: Assets/Scripts/BackGroundScrollScript.cs Line: 26)

NullReferenceException: Object reference not set to an instance of an object
  at BackGroundScrollScript.Update () [0x00018] in C:\Users\thhon\UnityFiles\TlimFinalProj2Dshooter\Assets\Scripts\BackGroundScrollScript.cs:26 

(Filename: Assets/Scripts/BackGroundScrollScript.cs Line: 26)

NullReferenceException: Object reference not set to an instance of an object
  at BackGroundScrollScript.Update () [0x00018] in C:\Users\thhon\UnityFiles\TlimFinalProj2Dshooter\Assets\Scripts\BackGroundScrollScript.cs:26 

(Filename: Assets/Scripts/BackGroundScrollScript.cs Line: 26)

NullReferenceException: Object reference not set to an instance of an object
  at BackGroundScrollScript.Update () [0x00018] in C:\Users\thhon\UnityFiles\TlimFinalProj2Dshooter\Assets\Scripts\BackGroundScrollScript.cs:26 

(Filename: Assets/Scripts/BackGroundScrollScript.cs Line: 26)

NullReferenceException: Object reference not set to an instance of an object
  at BackGroundScrollScript.Update () [0x00018] in C:\Users\thhon\UnityFiles\TlimFinalProj2Dshooter\Assets\Scripts\BackGroundScrollScript.cs:26 

(Filename: Assets/Scripts/BackGroundScrollScript.cs Line: 26)

NullReferenceException: Object reference not set to an instance of an object
  at BackGroundScrollScript.Update () [0x00018] in C:\Users\thhon\UnityFiles\TlimFinalProj2Dshooter\Assets\Scripts\BackGroundScrollScript.cs:26 

(Filename: Assets/Scripts/BackGroundScrollScript.cs Line: 26)

NullReferenceException: Object reference not set to an instance of an object
  at BackGroundScrollScript.Update () [0x00018] in C:\Users\thhon\UnityFiles\TlimFinalProj2Dshooter\Assets\Scripts\BackGroundScrollScript.cs:26 

(Filename: Assets/Scripts/BackGroundScrollScript.cs Line: 26)

NullReferenceException: Object reference not set to an instance of an object
  at BackGroundScrollScript.Update () [0x00018] in C:\Users\thhon\UnityFiles\TlimFinalProj2Dshooter\Assets\Scripts\BackGroundScrollScript.cs:26 

(Filename: Assets/Scripts/BackGroundScrollScript.cs Line: 26)

NullReferenceException: Object reference not set to an instance of an object
  at BackGroundScrollScript.Update () [0x00018] in C:\Users\thhon\UnityFiles\TlimFinalProj2Dshooter\Assets\Scripts\BackGroundScrollScript.cs:26 

(Filename: Assets/Scripts/BackGroundScrollScript.cs Line: 26)

NullReferenceException: Object reference not set to an instance of an object
  at BackGroundScrollScript.Update () [0x00018] in C:\Users\thhon\UnityFiles\TlimFinalProj2Dshooter\Assets\Scripts\BackGroundScrollScript.cs:26 

(Filename: Assets/Scripts/BackGroundScrollScript.cs Line: 26)

NullReferenceException: Object reference not set to an instance of an object
  at BackGroundScrollScript.Update () [0x00018] in C:\Users\thhon\UnityFiles\TlimFinalProj2Dshooter\Assets\Scripts\BackGroundScrollScript.cs:26 

(Filename: Assets/Scripts/BackGroundScrollScript.cs Line: 26)

NullReferenceException: Object reference not set to an instance of an object
  at BackGroundScrollScript.Update () [0x00018] in C:\Users\thhon\UnityFiles\TlimFinalProj2Dshooter\Assets\Scripts\BackGroundScrollScript.cs:26 

(Filename: Assets/Scripts/BackGroundScrollScript.cs Line: 26)

NullReferenceException: Object reference not set to an instance of an object
  at BackGroundScrollScript.Update () [0x00018] in C:\Users\thhon\UnityFiles\TlimFinalProj2Dshooter\Assets\Scripts\BackGroundScrollScript.cs:26 

(Filename: Assets/Scripts/BackGroundScrollScript.cs Line: 26)

NullReferenceException: Object reference not set to an instance of an object
  at BackGroundScrollScript.Update () [0x00018] in C:\Users\thhon\UnityFiles\TlimFinalProj2Dshooter\Assets\Scripts\BackGroundScrollScript.cs:26 

(Filename: Assets/Scripts/BackGroundScrollScript.cs Line: 26)

NullReferenceException: Object reference not set to an instance of an object
  at BackGroundScrollScript.Update () [0x00018] in C:\Users\thhon\UnityFiles\TlimFinalProj2Dshooter\Assets\Scripts\BackGroundScrollScript.cs:26 

(Filename: Assets/Scripts/BackGroundScrollScript.cs Line: 26)

NullReferenceException: Object reference not set to an instance of an object
  at BackGroundScrollScript.Update () [0x00018] in C:\Users\thhon\UnityFiles\TlimFinalProj2Dshooter\Assets\Scripts\BackGroundScrollScript.cs:26 

(Filename: Assets/Scripts/BackGroundScrollScript.cs Line: 26)

NullReferenceException: Object reference not set to an instance of an object
  at BackGroundScrollScript.Update () [0x00018] in C:\Users\thhon\UnityFiles\TlimFinalProj2Dshooter\Assets\Scripts\BackGroundScrollScript.cs:26 

(Filename: Assets/Scripts/BackGroundScrollScript.cs Line: 26)

NullReferenceException: Object reference not set to an instance of an object
  at BackGroundScrollScript.Update () [0x00018] in C:\Users\thhon\UnityFiles\TlimFinalProj2Dshooter\Assets\Scripts\BackGroundScrollScript.cs:26 

(Filename: Assets/Scripts/BackGroundScrollScript.cs Line: 26)

NullReferenceException: Object reference not set to an instance of an object
  at BackGroundScrollScript.Update () [0x00018] in C:\Users\thhon\UnityFiles\TlimFinalProj2Dshooter\Assets\Scripts\BackGroundScrollScript.cs:26 

(Filename: Assets/Scripts/BackGroundScrollScript.cs Line: 26)

NullReferenceException: Object reference not set to an instance of an object
  at BackGroundScrollScript.Update () [0x00018] in C:\Users\thhon\UnityFiles\TlimFinalProj2Dshooter\Assets\Scripts\BackGroundScrollScript.cs:26 

(Filename: Assets/Scripts/BackGroundScrollScript.cs Line: 26)

NullReferenceException: Object reference not set to an instance of an object
  at BackGroundScrollScript.Update () [0x00018] in C:\Users\thhon\UnityFiles\TlimFinalProj2Dshooter\Assets\Scripts\BackGroundScrollScript.cs:26 

(Filename: Assets/Scripts/BackGroundScrollScript.cs Line: 26)

NullReferenceException: Object reference not set to an instance of an object
  at BackGroundScrollScript.Update () [0x00018] in C:\Users\thhon\UnityFiles\TlimFinalProj2Dshooter\Assets\Scripts\BackGroundScrollScript.cs:26 

(Filename: Assets/Scripts/BackGroundScrollScript.cs Line: 26)

NullReferenceException: Object reference not set to an instance of an object
  at BackGroundScrollScript.Update () [0x00018] in C:\Users\thhon\UnityFiles\TlimFinalProj2Dshooter\Assets\Scripts\BackGroundScrollScript.cs:26 

(Filename: Assets/Scripts/BackGroundScrollScript.cs Line: 26)

NullReferenceException: Object reference not set to an instance of an object
  at BackGroundScrollScript.Update () [0x00018] in C:\Users\thhon\UnityFiles\TlimFinalProj2Dshooter\Assets\Scripts\BackGroundScrollScript.cs:26 

(Filename: Assets/Scripts/BackGroundScrollScript.cs Line: 26)

NullReferenceException: Object reference not set to an instance of an object
  at BackGroundScrollScript.Update () [0x00018] in C:\Users\thhon\UnityFiles\TlimFinalProj2Dshooter\Assets\Scripts\BackGroundScrollScript.cs:26 

(Filename: Assets/Scripts/BackGroundScrollScript.cs Line: 26)

NullReferenceException: Object reference not set to an instance of an object
  at BackGroundScrollScript.Update () [0x00018] in C:\Users\thhon\UnityFiles\TlimFinalProj2Dshooter\Assets\Scripts\BackGroundScrollScript.cs:26 

(Filename: Assets/Scripts/BackGroundScrollScript.cs Line: 26)

NullReferenceException: Object reference not set to an instance of an object
  at BackGroundScrollScript.Update () [0x00018] in C:\Users\thhon\UnityFiles\TlimFinalProj2Dshooter\Assets\Scripts\BackGroundScrollScript.cs:26 

(Filename: Assets/Scripts/BackGroundScrollScript.cs Line: 26)

NullReferenceException: Object reference not set to an instance of an object
  at BackGroundScrollScript.Update () [0x00018] in C:\Users\thhon\UnityFiles\TlimFinalProj2Dshooter\Assets\Scripts\BackGroundScrollScript.cs:26 

(Filename: Assets/Scripts/BackGroundScrollScript.cs Line: 26)

NullReferenceException: Object reference not set to an instance of an object
  at BackGroundScrollScript.Update () [0x00018] in C:\Users\thhon\UnityFiles\TlimFinalProj2Dshooter\Assets\Scripts\BackGroundScrollScript.cs:26 

(Filename: Assets/Scripts/BackGroundScrollScript.cs Line: 26)

NullReferenceException: Object reference not set to an instance of an object
  at BackGroundScrollScript.Update () [0x00018] in C:\Users\thhon\UnityFiles\TlimFinalProj2Dshooter\Assets\Scripts\BackGroundScrollScript.cs:26 

(Filename: Assets/Scripts/BackGroundScrollScript.cs Line: 26)

NullReferenceException: Object reference not set to an instance of an object
  at BackGroundScrollScript.Update () [0x00018] in C:\Users\thhon\UnityFiles\TlimFinalProj2Dshooter\Assets\Scripts\BackGroundScrollScript.cs:26 

(Filename: Assets/Scripts/BackGroundScrollScript.cs Line: 26)

NullReferenceException: Object reference not set to an instance of an object
  at BackGroundScrollScript.Update () [0x00018] in C:\Users\thhon\UnityFiles\TlimFinalProj2Dshooter\Assets\Scripts\BackGroundScrollScript.cs:26 

(Filename: Assets/Scripts/BackGroundScrollScript.cs Line: 26)

NullReferenceException: Object reference not set to an instance of an object
  at BackGroundScrollScript.Update () [0x00018] in C:\Users\thhon\UnityFiles\TlimFinalProj2Dshooter\Assets\Scripts\BackGroundScrollScript.cs:26 

(Filename: Assets/Scripts/BackGroundScrollScript.cs Line: 26)

NullReferenceException: Object reference not set to an instance of an object
  at BackGroundScrollScript.Update () [0x00018] in C:\Users\thhon\UnityFiles\TlimFinalProj2Dshooter\Assets\Scripts\BackGroundScrollScript.cs:26 

(Filename: Assets/Scripts/BackGroundScrollScript.cs Line: 26)

NullReferenceException: Object reference not set to an instance of an object
  at BackGroundScrollScript.Update () [0x00018] in C:\Users\thhon\UnityFiles\TlimFinalProj2Dshooter\Assets\Scripts\BackGroundScrollScript.cs:26 

(Filename: Assets/Scripts/BackGroundScrollScript.cs Line: 26)

NullReferenceException: Object reference not set to an instance of an object
  at BackGroundScrollScript.Update () [0x00018] in C:\Users\thhon\UnityFiles\TlimFinalProj2Dshooter\Assets\Scripts\BackGroundScrollScript.cs:26 

(Filename: Assets/Scripts/BackGroundScrollScript.cs Line: 26)

NullReferenceException: Object reference not set to an instance of an object
  at BackGroundScrollScript.Update () [0x00018] in C:\Users\thhon\UnityFiles\TlimFinalProj2Dshooter\Assets\Scripts\BackGroundScrollScript.cs:26 

(Filename: Assets/Scripts/BackGroundScrollScript.cs Line: 26)

NullReferenceException: Object reference not set to an instance of an object
  at BackGroundScrollScript.Update () [0x00018] in C:\Users\thhon\UnityFiles\TlimFinalProj2Dshooter\Assets\Scripts\BackGroundScrollScript.cs:26 

(Filename: Assets/Scripts/BackGroundScrollScript.cs Line: 26)

NullReferenceException: Object reference not set to an instance of an object
  at BackGroundScrollScript.Update () [0x00018] in C:\Users\thhon\UnityFiles\TlimFinalProj2Dshooter\Assets\Scripts\BackGroundScrollScript.cs:26 

(Filename: Assets/Scripts/BackGroundScrollScript.cs Line: 26)

NullReferenceException: Object reference not set to an instance of an object
  at BackGroundScrollScript.Update () [0x00018] in C:\Users\thhon\UnityFiles\TlimFinalProj2Dshooter\Assets\Scripts\BackGroundScrollScript.cs:26 

(Filename: Assets/Scripts/BackGroundScrollScript.cs Line: 26)

NullReferenceException: Object reference not set to an instance of an object
  at BackGroundScrollScript.Update () [0x00018] in C:\Users\thhon\UnityFiles\TlimFinalProj2Dshooter\Assets\Scripts\BackGroundScrollScript.cs:26 

(Filename: Assets/Scripts/BackGroundScrollScript.cs Line: 26)

NullReferenceException: Object reference not set to an instance of an object
  at BackGroundScrollScript.Update () [0x00018] in C:\Users\thhon\UnityFiles\TlimFinalProj2Dshooter\Assets\Scripts\BackGroundScrollScript.cs:26 

(Filename: Assets/Scripts/BackGroundScrollScript.cs Line: 26)

NullReferenceException: Object reference not set to an instance of an object
  at BackGroundScrollScript.Update () [0x00018] in C:\Users\thhon\UnityFiles\TlimFinalProj2Dshooter\Assets\Scripts\BackGroundScrollScript.cs:26 

(Filename: Assets/Scripts/BackGroundScrollScript.cs Line: 26)

NullReferenceException: Object reference not set to an instance of an object
  at BackGroundScrollScript.Update () [0x00018] in C:\Users\thhon\UnityFiles\TlimFinalProj2Dshooter\Assets\Scripts\BackGroundScrollScript.cs:26 

(Filename: Assets/Scripts/BackGroundScrollScript.cs Line: 26)

NullReferenceException: Object reference not set to an instance of an object
  at BackGroundScrollScript.Update () [0x00018] in C:\Users\thhon\UnityFiles\TlimFinalProj2Dshooter\Assets\Scripts\BackGroundScrollScript.cs:26 

(Filename: Assets/Scripts/BackGroundScrollScript.cs Line: 26)

NullReferenceException: Object reference not set to an instance of an object
  at BackGroundScrollScript.Update () [0x00018] in C:\Users\thhon\UnityFiles\TlimFinalProj2Dshooter\Assets\Scripts\BackGroundScrollScript.cs:26 

(Filename: Assets/Scripts/BackGroundScrollScript.cs Line: 26)

NullReferenceException: Object reference not set to an instance of an object
  at BackGroundScrollScript.Update () [0x00018] in C:\Users\thhon\UnityFiles\TlimFinalProj2Dshooter\Assets\Scripts\BackGroundScrollScript.cs:26 

(Filename: Assets/Scripts/BackGroundScrollScript.cs Line: 26)

NullReferenceException: Object reference not set to an instance of an object
  at BackGroundScrollScript.Update () [0x00018] in C:\Users\thhon\UnityFiles\TlimFinalProj2Dshooter\Assets\Scripts\BackGroundScrollScript.cs:26 

(Filename: Assets/Scripts/BackGroundScrollScript.cs Line: 26)

NullReferenceException: Object reference not set to an instance of an object
  at BackGroundScrollScript.Update () [0x00018] in C:\Users\thhon\UnityFiles\TlimFinalProj2Dshooter\Assets\Scripts\BackGroundScrollScript.cs:26 

(Filename: Assets/Scripts/BackGroundScrollScript.cs Line: 26)

NullReferenceException: Object reference not set to an instance of an object
  at BackGroundScrollScript.Update () [0x00018] in C:\Users\thhon\UnityFiles\TlimFinalProj2Dshooter\Assets\Scripts\BackGroundScrollScript.cs:26 

(Filename: Assets/Scripts/BackGroundScrollScript.cs Line: 26)

NullReferenceException: Object reference not set to an instance of an object
  at BackGroundScrollScript.Update () [0x00018] in C:\Users\thhon\UnityFiles\TlimFinalProj2Dshooter\Assets\Scripts\BackGroundScrollScript.cs:26 

(Filename: Assets/Scripts/BackGroundScrollScript.cs Line: 26)

NullReferenceException: Object reference not set to an instance of an object
  at BackGroundScrollScript.Update () [0x00018] in C:\Users\thhon\UnityFiles\TlimFinalProj2Dshooter\Assets\Scripts\BackGroundScrollScript.cs:26 

(Filename: Assets/Scripts/BackGroundScrollScript.cs Line: 26)

NullReferenceException: Object reference not set to an instance of an object
  at BackGroundScrollScript.Update () [0x00018] in C:\Users\thhon\UnityFiles\TlimFinalProj2Dshooter\Assets\Scripts\BackGroundScrollScript.cs:26 

(Filename: Assets/Scripts/BackGroundScrollScript.cs Line: 26)

NullReferenceException: Object reference not set to an instance of an object
  at BackGroundScrollScript.Update () [0x00018] in C:\Users\thhon\UnityFiles\TlimFinalProj2Dshooter\Assets\Scripts\BackGroundScrollScript.cs:26 

(Filename: Assets/Scripts/BackGroundScrollScript.cs Line: 26)

NullReferenceException: Object reference not set to an instance of an object
  at BackGroundScrollScript.Update () [0x00018] in C:\Users\thhon\UnityFiles\TlimFinalProj2Dshooter\Assets\Scripts\BackGroundScrollScript.cs:26 

(Filename: Assets/Scripts/BackGroundScrollScript.cs Line: 26)

NullReferenceException: Object reference not set to an instance of an object
  at BackGroundScrollScript.Update () [0x00018] in C:\Users\thhon\UnityFiles\TlimFinalProj2Dshooter\Assets\Scripts\BackGroundScrollScript.cs:26 

(Filename: Assets/Scripts/BackGroundScrollScript.cs Line: 26)

NullReferenceException: Object reference not set to an instance of an object
  at BackGroundScrollScript.Update () [0x00018] in C:\Users\thhon\UnityFiles\TlimFinalProj2Dshooter\Assets\Scripts\BackGroundScrollScript.cs:26 

(Filename: Assets/Scripts/BackGroundScrollScript.cs Line: 26)

NullReferenceException: Object reference not set to an instance of an object
  at BackGroundScrollScript.Update () [0x00018] in C:\Users\thhon\UnityFiles\TlimFinalProj2Dshooter\Assets\Scripts\BackGroundScrollScript.cs:26 

(Filename: Assets/Scripts/BackGroundScrollScript.cs Line: 26)

NullReferenceException: Object reference not set to an instance of an object
  at BackGroundScrollScript.Update () [0x00018] in C:\Users\thhon\UnityFiles\TlimFinalProj2Dshooter\Assets\Scripts\BackGroundScrollScript.cs:26 

(Filename: Assets/Scripts/BackGroundScrollScript.cs Line: 26)

NullReferenceException: Object reference not set to an instance of an object
  at BackGroundScrollScript.Update () [0x00018] in C:\Users\thhon\UnityFiles\TlimFinalProj2Dshooter\Assets\Scripts\BackGroundScrollScript.cs:26 

(Filename: Assets/Scripts/BackGroundScrollScript.cs Line: 26)

NullReferenceException: Object reference not set to an instance of an object
  at BackGroundScrollScript.Update () [0x00018] in C:\Users\thhon\UnityFiles\TlimFinalProj2Dshooter\Assets\Scripts\BackGroundScrollScript.cs:26 

(Filename: Assets/Scripts/BackGroundScrollScript.cs Line: 26)

NullReferenceException: Object reference not set to an instance of an object
  at BackGroundScrollScript.Update () [0x00018] in C:\Users\thhon\UnityFiles\TlimFinalProj2Dshooter\Assets\Scripts\BackGroundScrollScript.cs:26 

(Filename: Assets/Scripts/BackGroundScrollScript.cs Line: 26)

NullReferenceException: Object reference not set to an instance of an object
  at BackGroundScrollScript.Update () [0x00018] in C:\Users\thhon\UnityFiles\TlimFinalProj2Dshooter\Assets\Scripts\BackGroundScrollScript.cs:26 

(Filename: Assets/Scripts/BackGroundScrollScript.cs Line: 26)

NullReferenceException: Object reference not set to an instance of an object
  at BackGroundScrollScript.Update () [0x00018] in C:\Users\thhon\UnityFiles\TlimFinalProj2Dshooter\Assets\Scripts\BackGroundScrollScript.cs:26 

(Filename: Assets/Scripts/BackGroundScrollScript.cs Line: 26)

NullReferenceException: Object reference not set to an instance of an object
  at BackGroundScrollScript.Update () [0x00018] in C:\Users\thhon\UnityFiles\TlimFinalProj2Dshooter\Assets\Scripts\BackGroundScrollScript.cs:26 

(Filename: Assets/Scripts/BackGroundScrollScript.cs Line: 26)

NullReferenceException: Object reference not set to an instance of an object
  at BackGroundScrollScript.Update () [0x00018] in C:\Users\thhon\UnityFiles\TlimFinalProj2Dshooter\Assets\Scripts\BackGroundScrollScript.cs:26 

(Filename: Assets/Scripts/BackGroundScrollScript.cs Line: 26)

NullReferenceException: Object reference not set to an instance of an object
  at BackGroundScrollScript.Update () [0x00018] in C:\Users\thhon\UnityFiles\TlimFinalProj2Dshooter\Assets\Scripts\BackGroundScrollScript.cs:26 

(Filename: Assets/Scripts/BackGroundScrollScript.cs Line: 26)

NullReferenceException: Object reference not set to an instance of an object
  at BackGroundScrollScript.Update () [0x00018] in C:\Users\thhon\UnityFiles\TlimFinalProj2Dshooter\Assets\Scripts\BackGroundScrollScript.cs:26 

(Filename: Assets/Scripts/BackGroundScrollScript.cs Line: 26)

NullReferenceException: Object reference not set to an instance of an object
  at BackGroundScrollScript.Update () [0x00018] in C:\Users\thhon\UnityFiles\TlimFinalProj2Dshooter\Assets\Scripts\BackGroundScrollScript.cs:26 

(Filename: Assets/Scripts/BackGroundScrollScript.cs Line: 26)

NullReferenceException: Object reference not set to an instance of an object
  at BackGroundScrollScript.Update () [0x00018] in C:\Users\thhon\UnityFiles\TlimFinalProj2Dshooter\Assets\Scripts\BackGroundScrollScript.cs:26 

(Filename: Assets/Scripts/BackGroundScrollScript.cs Line: 26)

NullReferenceException: Object reference not set to an instance of an object
  at BackGroundScrollScript.Update () [0x00018] in C:\Users\thhon\UnityFiles\TlimFinalProj2Dshooter\Assets\Scripts\BackGroundScrollScript.cs:26 

(Filename: Assets/Scripts/BackGroundScrollScript.cs Line: 26)

NullReferenceException: Object reference not set to an instance of an object
  at BackGroundScrollScript.Update () [0x00018] in C:\Users\thhon\UnityFiles\TlimFinalProj2Dshooter\Assets\Scripts\BackGroundScrollScript.cs:26 

(Filename: Assets/Scripts/BackGroundScrollScript.cs Line: 26)

NullReferenceException: Object reference not set to an instance of an object
  at BackGroundScrollScript.Update () [0x00018] in C:\Users\thhon\UnityFiles\TlimFinalProj2Dshooter\Assets\Scripts\BackGroundScrollScript.cs:26 

(Filename: Assets/Scripts/BackGroundScrollScript.cs Line: 26)

NullReferenceException: Object reference not set to an instance of an object
  at BackGroundScrollScript.Update () [0x00018] in C:\Users\thhon\UnityFiles\TlimFinalProj2Dshooter\Assets\Scripts\BackGroundScrollScript.cs:26 

(Filename: Assets/Scripts/BackGroundScrollScript.cs Line: 26)

NullReferenceException: Object reference not set to an instance of an object
  at BackGroundScrollScript.Update () [0x00018] in C:\Users\thhon\UnityFiles\TlimFinalProj2Dshooter\Assets\Scripts\BackGroundScrollScript.cs:26 

(Filename: Assets/Scripts/BackGroundScrollScript.cs Line: 26)

NullReferenceException: Object reference not set to an instance of an object
  at BackGroundScrollScript.Update () [0x00018] in C:\Users\thhon\UnityFiles\TlimFinalProj2Dshooter\Assets\Scripts\BackGroundScrollScript.cs:26 

(Filename: Assets/Scripts/BackGroundScrollScript.cs Line: 26)

NullReferenceException: Object reference not set to an instance of an object
  at BackGroundScrollScript.Update () [0x00018] in C:\Users\thhon\UnityFiles\TlimFinalProj2Dshooter\Assets\Scripts\BackGroundScrollScript.cs:26 

(Filename: Assets/Scripts/BackGroundScrollScript.cs Line: 26)

NullReferenceException: Object reference not set to an instance of an object
  at BackGroundScrollScript.Update () [0x00018] in C:\Users\thhon\UnityFiles\TlimFinalProj2Dshooter\Assets\Scripts\BackGroundScrollScript.cs:26 

(Filename: Assets/Scripts/BackGroundScrollScript.cs Line: 26)

NullReferenceException: Object reference not set to an instance of an object
  at BackGroundScrollScript.Update () [0x00018] in C:\Users\thhon\UnityFiles\TlimFinalProj2Dshooter\Assets\Scripts\BackGroundScrollScript.cs:26 

(Filename: Assets/Scripts/BackGroundScrollScript.cs Line: 26)

NullReferenceException: Object reference not set to an instance of an object
  at BackGroundScrollScript.Update () [0x00018] in C:\Users\thhon\UnityFiles\TlimFinalProj2Dshooter\Assets\Scripts\BackGroundScrollScript.cs:26 

(Filename: Assets/Scripts/BackGroundScrollScript.cs Line: 26)

NullReferenceException: Object reference not set to an instance of an object
  at BackGroundScrollScript.Update () [0x00018] in C:\Users\thhon\UnityFiles\TlimFinalProj2Dshooter\Assets\Scripts\BackGroundScrollScript.cs:26 

(Filename: Assets/Scripts/BackGroundScrollScript.cs Line: 26)

NullReferenceException: Object reference not set to an instance of an object
  at BackGroundScrollScript.Update () [0x00018] in C:\Users\thhon\UnityFiles\TlimFinalProj2Dshooter\Assets\Scripts\BackGroundScrollScript.cs:26 

(Filename: Assets/Scripts/BackGroundScrollScript.cs Line: 26)

NullReferenceException: Object reference not set to an instance of an object
  at BackGroundScrollScript.Update () [0x00018] in C:\Users\thhon\UnityFiles\TlimFinalProj2Dshooter\Assets\Scripts\BackGroundScrollScript.cs:26 

(Filename: Assets/Scripts/BackGroundScrollScript.cs Line: 26)

NullReferenceException: Object reference not set to an instance of an object
  at BackGroundScrollScript.Update () [0x00018] in C:\Users\thhon\UnityFiles\TlimFinalProj2Dshooter\Assets\Scripts\BackGroundScrollScript.cs:26 

(Filename: Assets/Scripts/BackGroundScrollScript.cs Line: 26)

NullReferenceException: Object reference not set to an instance of an object
  at BackGroundScrollScript.Update () [0x00018] in C:\Users\thhon\UnityFiles\TlimFinalProj2Dshooter\Assets\Scripts\BackGroundScrollScript.cs:26 

(Filename: Assets/Scripts/BackGroundScrollScript.cs Line: 26)

NullReferenceException: Object reference not set to an instance of an object
  at BackGroundScrollScript.Update () [0x00018] in C:\Users\thhon\UnityFiles\TlimFinalProj2Dshooter\Assets\Scripts\BackGroundScrollScript.cs:26 

(Filename: Assets/Scripts/BackGroundScrollScript.cs Line: 26)

NullReferenceException: Object reference not set to an instance of an object
  at BackGroundScrollScript.Update () [0x00018] in C:\Users\thhon\UnityFiles\TlimFinalProj2Dshooter\Assets\Scripts\BackGroundScrollScript.cs:26 

(Filename: Assets/Scripts/BackGroundScrollScript.cs Line: 26)

NullReferenceException: Object reference not set to an instance of an object
  at BackGroundScrollScript.Update () [0x00018] in C:\Users\thhon\UnityFiles\TlimFinalProj2Dshooter\Assets\Scripts\BackGroundScrollScript.cs:26 

(Filename: Assets/Scripts/BackGroundScrollScript.cs Line: 26)

NullReferenceException: Object reference not set to an instance of an object
  at BackGroundScrollScript.Update () [0x00018] in C:\Users\thhon\UnityFiles\TlimFinalProj2Dshooter\Assets\Scripts\BackGroundScrollScript.cs:26 

(Filename: Assets/Scripts/BackGroundScrollScript.cs Line: 26)

NullReferenceException: Object reference not set to an instance of an object
  at BackGroundScrollScript.Update () [0x00018] in C:\Users\thhon\UnityFiles\TlimFinalProj2Dshooter\Assets\Scripts\BackGroundScrollScript.cs:26 

(Filename: Assets/Scripts/BackGroundScrollScript.cs Line: 26)

NullReferenceException: Object reference not set to an instance of an object
  at BackGroundScrollScript.Update () [0x00018] in C:\Users\thhon\UnityFiles\TlimFinalProj2Dshooter\Assets\Scripts\BackGroundScrollScript.cs:26 

(Filename: Assets/Scripts/BackGroundScrollScript.cs Line: 26)

NullReferenceException: Object reference not set to an instance of an object
  at BackGroundScrollScript.Update () [0x00018] in C:\Users\thhon\UnityFiles\TlimFinalProj2Dshooter\Assets\Scripts\BackGroundScrollScript.cs:26 

(Filename: Assets/Scripts/BackGroundScrollScript.cs Line: 26)

NullReferenceException: Object reference not set to an instance of an object
  at BackGroundScrollScript.Update () [0x00018] in C:\Users\thhon\UnityFiles\TlimFinalProj2Dshooter\Assets\Scripts\BackGroundScrollScript.cs:26 

(Filename: Assets/Scripts/BackGroundScrollScript.cs Line: 26)

NullReferenceException: Object reference not set to an instance of an object
  at BackGroundScrollScript.Update () [0x00018] in C:\Users\thhon\UnityFiles\TlimFinalProj2Dshooter\Assets\Scripts\BackGroundScrollScript.cs:26 

(Filename: Assets/Scripts/BackGroundScrollScript.cs Line: 26)

NullReferenceException: Object reference not set to an instance of an object
  at BackGroundScrollScript.Update () [0x00018] in C:\Users\thhon\UnityFiles\TlimFinalProj2Dshooter\Assets\Scripts\BackGroundScrollScript.cs:26 

(Filename: Assets/Scripts/BackGroundScrollScript.cs Line: 26)

NullReferenceException: Object reference not set to an instance of an object
  at BackGroundScrollScript.Update () [0x00018] in C:\Users\thhon\UnityFiles\TlimFinalProj2Dshooter\Assets\Scripts\BackGroundScrollScript.cs:26 

(Filename: Assets/Scripts/BackGroundScrollScript.cs Line: 26)

NullReferenceException: Object reference not set to an instance of an object
  at BackGroundScrollScript.Update () [0x00018] in C:\Users\thhon\UnityFiles\TlimFinalProj2Dshooter\Assets\Scripts\BackGroundScrollScript.cs:26 

(Filename: Assets/Scripts/BackGroundScrollScript.cs Line: 26)

NullReferenceException: Object reference not set to an instance of an object
  at BackGroundScrollScript.Update () [0x00018] in C:\Users\thhon\UnityFiles\TlimFinalProj2Dshooter\Assets\Scripts\BackGroundScrollScript.cs:26 

(Filename: Assets/Scripts/BackGroundScrollScript.cs Line: 26)

NullReferenceException: Object reference not set to an instance of an object
  at BackGroundScrollScript.Update () [0x00018] in C:\Users\thhon\UnityFiles\TlimFinalProj2Dshooter\Assets\Scripts\BackGroundScrollScript.cs:26 

(Filename: Assets/Scripts/BackGroundScrollScript.cs Line: 26)

NullReferenceException: Object reference not set to an instance of an object
  at BackGroundScrollScript.Update () [0x00018] in C:\Users\thhon\UnityFiles\TlimFinalProj2Dshooter\Assets\Scripts\BackGroundScrollScript.cs:26 

(Filename: Assets/Scripts/BackGroundScrollScript.cs Line: 26)

NullReferenceException: Object reference not set to an instance of an object
  at BackGroundScrollScript.Update () [0x00018] in C:\Users\thhon\UnityFiles\TlimFinalProj2Dshooter\Assets\Scripts\BackGroundScrollScript.cs:26 

(Filename: Assets/Scripts/BackGroundScrollScript.cs Line: 26)

NullReferenceException: Object reference not set to an instance of an object
  at BackGroundScrollScript.Update () [0x00018] in C:\Users\thhon\UnityFiles\TlimFinalProj2Dshooter\Assets\Scripts\BackGroundScrollScript.cs:26 

(Filename: Assets/Scripts/BackGroundScrollScript.cs Line: 26)

NullReferenceException: Object reference not set to an instance of an object
  at BackGroundScrollScript.Update () [0x00018] in C:\Users\thhon\UnityFiles\TlimFinalProj2Dshooter\Assets\Scripts\BackGroundScrollScript.cs:26 

(Filename: Assets/Scripts/BackGroundScrollScript.cs Line: 26)

NullReferenceException: Object reference not set to an instance of an object
  at BackGroundScrollScript.Update () [0x00018] in C:\Users\thhon\UnityFiles\TlimFinalProj2Dshooter\Assets\Scripts\BackGroundScrollScript.cs:26 

(Filename: Assets/Scripts/BackGroundScrollScript.cs Line: 26)

NullReferenceException: Object reference not set to an instance of an object
  at BackGroundScrollScript.Update () [0x00018] in C:\Users\thhon\UnityFiles\TlimFinalProj2Dshooter\Assets\Scripts\BackGroundScrollScript.cs:26 

(Filename: Assets/Scripts/BackGroundScrollScript.cs Line: 26)

NullReferenceException: Object reference not set to an instance of an object
  at BackGroundScrollScript.Update () [0x00018] in C:\Users\thhon\UnityFiles\TlimFinalProj2Dshooter\Assets\Scripts\BackGroundScrollScript.cs:26 

(Filename: Assets/Scripts/BackGroundScrollScript.cs Line: 26)

NullReferenceException: Object reference not set to an instance of an object
  at BackGroundScrollScript.Update () [0x00018] in C:\Users\thhon\UnityFiles\TlimFinalProj2Dshooter\Assets\Scripts\BackGroundScrollScript.cs:26 

(Filename: Assets/Scripts/BackGroundScrollScript.cs Line: 26)

NullReferenceException: Object reference not set to an instance of an object
  at BackGroundScrollScript.Update () [0x00018] in C:\Users\thhon\UnityFiles\TlimFinalProj2Dshooter\Assets\Scripts\BackGroundScrollScript.cs:26 

(Filename: Assets/Scripts/BackGroundScrollScript.cs Line: 26)

NullReferenceException: Object reference not set to an instance of an object
  at BackGroundScrollScript.Update () [0x00018] in C:\Users\thhon\UnityFiles\TlimFinalProj2Dshooter\Assets\Scripts\BackGroundScrollScript.cs:26 

(Filename: Assets/Scripts/BackGroundScrollScript.cs Line: 26)

NullReferenceException: Object reference not set to an instance of an object
  at BackGroundScrollScript.Update () [0x00018] in C:\Users\thhon\UnityFiles\TlimFinalProj2Dshooter\Assets\Scripts\BackGroundScrollScript.cs:26 

(Filename: Assets/Scripts/BackGroundScrollScript.cs Line: 26)

NullReferenceException: Object reference not set to an instance of an object
  at BackGroundScrollScript.Update () [0x00018] in C:\Users\thhon\UnityFiles\TlimFinalProj2Dshooter\Assets\Scripts\BackGroundScrollScript.cs:26 

(Filename: Assets/Scripts/BackGroundScrollScript.cs Line: 26)

NullReferenceException: Object reference not set to an instance of an object
  at BackGroundScrollScript.Update () [0x00018] in C:\Users\thhon\UnityFiles\TlimFinalProj2Dshooter\Assets\Scripts\BackGroundScrollScript.cs:26 

(Filename: Assets/Scripts/BackGroundScrollScript.cs Line: 26)

NullReferenceException: Object reference not set to an instance of an object
  at BackGroundScrollScript.Update () [0x00018] in C:\Users\thhon\UnityFiles\TlimFinalProj2Dshooter\Assets\Scripts\BackGroundScrollScript.cs:26 

(Filename: Assets/Scripts/BackGroundScrollScript.cs Line: 26)

NullReferenceException: Object reference not set to an instance of an object
  at BackGroundScrollScript.Update () [0x00018] in C:\Users\thhon\UnityFiles\TlimFinalProj2Dshooter\Assets\Scripts\BackGroundScrollScript.cs:26 

(Filename: Assets/Scripts/BackGroundScrollScript.cs Line: 26)

NullReferenceException: Object reference not set to an instance of an object
  at BackGroundScrollScript.Update () [0x00018] in C:\Users\thhon\UnityFiles\TlimFinalProj2Dshooter\Assets\Scripts\BackGroundScrollScript.cs:26 

(Filename: Assets/Scripts/BackGroundScrollScript.cs Line: 26)

NullReferenceException: Object reference not set to an instance of an object
  at BackGroundScrollScript.Update () [0x00018] in C:\Users\thhon\UnityFiles\TlimFinalProj2Dshooter\Assets\Scripts\BackGroundScrollScript.cs:26 

(Filename: Assets/Scripts/BackGroundScrollScript.cs Line: 26)

NullReferenceException: Object reference not set to an instance of an object
  at BackGroundScrollScript.Update () [0x00018] in C:\Users\thhon\UnityFiles\TlimFinalProj2Dshooter\Assets\Scripts\BackGroundScrollScript.cs:26 

(Filename: Assets/Scripts/BackGroundScrollScript.cs Line: 26)

NullReferenceException: Object reference not set to an instance of an object
  at BackGroundScrollScript.Update () [0x00018] in C:\Users\thhon\UnityFiles\TlimFinalProj2Dshooter\Assets\Scripts\BackGroundScrollScript.cs:26 

(Filename: Assets/Scripts/BackGroundScrollScript.cs Line: 26)

NullReferenceException: Object reference not set to an instance of an object
  at BackGroundScrollScript.Update () [0x00018] in C:\Users\thhon\UnityFiles\TlimFinalProj2Dshooter\Assets\Scripts\BackGroundScrollScript.cs:26 

(Filename: Assets/Scripts/BackGroundScrollScript.cs Line: 26)

NullReferenceException: Object reference not set to an instance of an object
  at BackGroundScrollScript.Update () [0x00018] in C:\Users\thhon\UnityFiles\TlimFinalProj2Dshooter\Assets\Scripts\BackGroundScrollScript.cs:26 

(Filename: Assets/Scripts/BackGroundScrollScript.cs Line: 26)

NullReferenceException: Object reference not set to an instance of an object
  at BackGroundScrollScript.Update () [0x00018] in C:\Users\thhon\UnityFiles\TlimFinalProj2Dshooter\Assets\Scripts\BackGroundScrollScript.cs:26 

(Filename: Assets/Scripts/BackGroundScrollScript.cs Line: 26)

NullReferenceException: Object reference not set to an instance of an object
  at BackGroundScrollScript.Update () [0x00018] in C:\Users\thhon\UnityFiles\TlimFinalProj2Dshooter\Assets\Scripts\BackGroundScrollScript.cs:26 

(Filename: Assets/Scripts/BackGroundScrollScript.cs Line: 26)

NullReferenceException: Object reference not set to an instance of an object
  at BackGroundScrollScript.Update () [0x00018] in C:\Users\thhon\UnityFiles\TlimFinalProj2Dshooter\Assets\Scripts\BackGroundScrollScript.cs:26 

(Filename: Assets/Scripts/BackGroundScrollScript.cs Line: 26)

NullReferenceException: Object reference not set to an instance of an object
  at BackGroundScrollScript.Update () [0x00018] in C:\Users\thhon\UnityFiles\TlimFinalProj2Dshooter\Assets\Scripts\BackGroundScrollScript.cs:26 

(Filename: Assets/Scripts/BackGroundScrollScript.cs Line: 26)

NullReferenceException: Object reference not set to an instance of an object
  at BackGroundScrollScript.Update () [0x00018] in C:\Users\thhon\UnityFiles\TlimFinalProj2Dshooter\Assets\Scripts\BackGroundScrollScript.cs:26 

(Filename: Assets/Scripts/BackGroundScrollScript.cs Line: 26)

NullReferenceException: Object reference not set to an instance of an object
  at BackGroundScrollScript.Update () [0x00018] in C:\Users\thhon\UnityFiles\TlimFinalProj2Dshooter\Assets\Scripts\BackGroundScrollScript.cs:26 

(Filename: Assets/Scripts/BackGroundScrollScript.cs Line: 26)

NullReferenceException: Object reference not set to an instance of an object
  at BackGroundScrollScript.Update () [0x00018] in C:\Users\thhon\UnityFiles\TlimFinalProj2Dshooter\Assets\Scripts\BackGroundScrollScript.cs:26 

(Filename: Assets/Scripts/BackGroundScrollScript.cs Line: 26)

NullReferenceException: Object reference not set to an instance of an object
  at BackGroundScrollScript.Update () [0x00018] in C:\Users\thhon\UnityFiles\TlimFinalProj2Dshooter\Assets\Scripts\BackGroundScrollScript.cs:26 

(Filename: Assets/Scripts/BackGroundScrollScript.cs Line: 26)

NullReferenceException: Object reference not set to an instance of an object
  at BackGroundScrollScript.Update () [0x00018] in C:\Users\thhon\UnityFiles\TlimFinalProj2Dshooter\Assets\Scripts\BackGroundScrollScript.cs:26 

(Filename: Assets/Scripts/BackGroundScrollScript.cs Line: 26)

NullReferenceException: Object reference not set to an instance of an object
  at BackGroundScrollScript.Update () [0x00018] in C:\Users\thhon\UnityFiles\TlimFinalProj2Dshooter\Assets\Scripts\BackGroundScrollScript.cs:26 

(Filename: Assets/Scripts/BackGroundScrollScript.cs Line: 26)

NullReferenceException: Object reference not set to an instance of an object
  at BackGroundScrollScript.Update () [0x00018] in C:\Users\thhon\UnityFiles\TlimFinalProj2Dshooter\Assets\Scripts\BackGroundScrollScript.cs:26 

(Filename: Assets/Scripts/BackGroundScrollScript.cs Line: 26)

NullReferenceException: Object reference not set to an instance of an object
  at BackGroundScrollScript.Update () [0x00018] in C:\Users\thhon\UnityFiles\TlimFinalProj2Dshooter\Assets\Scripts\BackGroundScrollScript.cs:26 

(Filename: Assets/Scripts/BackGroundScrollScript.cs Line: 26)

NullReferenceException: Object reference not set to an instance of an object
  at BackGroundScrollScript.Update () [0x00018] in C:\Users\thhon\UnityFiles\TlimFinalProj2Dshooter\Assets\Scripts\BackGroundScrollScript.cs:26 

(Filename: Assets/Scripts/BackGroundScrollScript.cs Line: 26)

NullReferenceException: Object reference not set to an instance of an object
  at BackGroundScrollScript.Update () [0x00018] in C:\Users\thhon\UnityFiles\TlimFinalProj2Dshooter\Assets\Scripts\BackGroundScrollScript.cs:26 

(Filename: Assets/Scripts/BackGroundScrollScript.cs Line: 26)

NullReferenceException: Object reference not set to an instance of an object
  at BackGroundScrollScript.Update () [0x00018] in C:\Users\thhon\UnityFiles\TlimFinalProj2Dshooter\Assets\Scripts\BackGroundScrollScript.cs:26 

(Filename: Assets/Scripts/BackGroundScrollScript.cs Line: 26)

NullReferenceException: Object reference not set to an instance of an object
  at BackGroundScrollScript.Update () [0x00018] in C:\Users\thhon\UnityFiles\TlimFinalProj2Dshooter\Assets\Scripts\BackGroundScrollScript.cs:26 

(Filename: Assets/Scripts/BackGroundScrollScript.cs Line: 26)

NullReferenceException: Object reference not set to an instance of an object
  at BackGroundScrollScript.Update () [0x00018] in C:\Users\thhon\UnityFiles\TlimFinalProj2Dshooter\Assets\Scripts\BackGroundScrollScript.cs:26 

(Filename: Assets/Scripts/BackGroundScrollScript.cs Line: 26)

NullReferenceException: Object reference not set to an instance of an object
  at BackGroundScrollScript.Update () [0x00018] in C:\Users\thhon\UnityFiles\TlimFinalProj2Dshooter\Assets\Scripts\BackGroundScrollScript.cs:26 

(Filename: Assets/Scripts/BackGroundScrollScript.cs Line: 26)

NullReferenceException: Object reference not set to an instance of an object
  at BackGroundScrollScript.Update () [0x00018] in C:\Users\thhon\UnityFiles\TlimFinalProj2Dshooter\Assets\Scripts\BackGroundScrollScript.cs:26 

(Filename: Assets/Scripts/BackGroundScrollScript.cs Line: 26)

NullReferenceException: Object reference not set to an instance of an object
  at BackGroundScrollScript.Update () [0x00018] in C:\Users\thhon\UnityFiles\TlimFinalProj2Dshooter\Assets\Scripts\BackGroundScrollScript.cs:26 

(Filename: Assets/Scripts/BackGroundScrollScript.cs Line: 26)

NullReferenceException: Object reference not set to an instance of an object
  at BackGroundScrollScript.Update () [0x00018] in C:\Users\thhon\UnityFiles\TlimFinalProj2Dshooter\Assets\Scripts\BackGroundScrollScript.cs:26 

(Filename: Assets/Scripts/BackGroundScrollScript.cs Line: 26)

NullReferenceException: Object reference not set to an instance of an object
  at BackGroundScrollScript.Update () [0x00018] in C:\Users\thhon\UnityFiles\TlimFinalProj2Dshooter\Assets\Scripts\BackGroundScrollScript.cs:26 

(Filename: Assets/Scripts/BackGroundScrollScript.cs Line: 26)

NullReferenceException: Object reference not set to an instance of an object
  at BackGroundScrollScript.Update () [0x00018] in C:\Users\thhon\UnityFiles\TlimFinalProj2Dshooter\Assets\Scripts\BackGroundScrollScript.cs:26 

(Filename: Assets/Scripts/BackGroundScrollScript.cs Line: 26)

NullReferenceException: Object reference not set to an instance of an object
  at BackGroundScrollScript.Update () [0x00018] in C:\Users\thhon\UnityFiles\TlimFinalProj2Dshooter\Assets\Scripts\BackGroundScrollScript.cs:26 

(Filename: Assets/Scripts/BackGroundScrollScript.cs Line: 26)

NullReferenceException: Object reference not set to an instance of an object
  at BackGroundScrollScript.Update () [0x00018] in C:\Users\thhon\UnityFiles\TlimFinalProj2Dshooter\Assets\Scripts\BackGroundScrollScript.cs:26 

(Filename: Assets/Scripts/BackGroundScrollScript.cs Line: 26)

NullReferenceException: Object reference not set to an instance of an object
  at BackGroundScrollScript.Update () [0x00018] in C:\Users\thhon\UnityFiles\TlimFinalProj2Dshooter\Assets\Scripts\BackGroundScrollScript.cs:26 

(Filename: Assets/Scripts/BackGroundScrollScript.cs Line: 26)

NullReferenceException: Object reference not set to an instance of an object
  at BackGroundScrollScript.Update () [0x00018] in C:\Users\thhon\UnityFiles\TlimFinalProj2Dshooter\Assets\Scripts\BackGroundScrollScript.cs:26 

(Filename: Assets/Scripts/BackGroundScrollScript.cs Line: 26)

NullReferenceException: Object reference not set to an instance of an object
  at BackGroundScrollScript.Update () [0x00018] in C:\Users\thhon\UnityFiles\TlimFinalProj2Dshooter\Assets\Scripts\BackGroundScrollScript.cs:26 

(Filename: Assets/Scripts/BackGroundScrollScript.cs Line: 26)

NullReferenceException: Object reference not set to an instance of an object
  at BackGroundScrollScript.Update () [0x00018] in C:\Users\thhon\UnityFiles\TlimFinalProj2Dshooter\Assets\Scripts\BackGroundScrollScript.cs:26 

(Filename: Assets/Scripts/BackGroundScrollScript.cs Line: 26)

NullReferenceException: Object reference not set to an instance of an object
  at BackGroundScrollScript.Update () [0x00018] in C:\Users\thhon\UnityFiles\TlimFinalProj2Dshooter\Assets\Scripts\BackGroundScrollScript.cs:26 

(Filename: Assets/Scripts/BackGroundScrollScript.cs Line: 26)

NullReferenceException: Object reference not set to an instance of an object
  at BackGroundScrollScript.Update () [0x00018] in C:\Users\thhon\UnityFiles\TlimFinalProj2Dshooter\Assets\Scripts\BackGroundScrollScript.cs:26 

(Filename: Assets/Scripts/BackGroundScrollScript.cs Line: 26)

NullReferenceException: Object reference not set to an instance of an object
  at BackGroundScrollScript.Update () [0x00018] in C:\Users\thhon\UnityFiles\TlimFinalProj2Dshooter\Assets\Scripts\BackGroundScrollScript.cs:26 

(Filename: Assets/Scripts/BackGroundScrollScript.cs Line: 26)

NullReferenceException: Object reference not set to an instance of an object
  at BackGroundScrollScript.Update () [0x00018] in C:\Users\thhon\UnityFiles\TlimFinalProj2Dshooter\Assets\Scripts\BackGroundScrollScript.cs:26 

(Filename: Assets/Scripts/BackGroundScrollScript.cs Line: 26)

NullReferenceException: Object reference not set to an instance of an object
  at BackGroundScrollScript.Update () [0x00018] in C:\Users\thhon\UnityFiles\TlimFinalProj2Dshooter\Assets\Scripts\BackGroundScrollScript.cs:26 

(Filename: Assets/Scripts/BackGroundScrollScript.cs Line: 26)

NullReferenceException: Object reference not set to an instance of an object
  at BackGroundScrollScript.Update () [0x00018] in C:\Users\thhon\UnityFiles\TlimFinalProj2Dshooter\Assets\Scripts\BackGroundScrollScript.cs:26 

(Filename: Assets/Scripts/BackGroundScrollScript.cs Line: 26)

NullReferenceException: Object reference not set to an instance of an object
  at BackGroundScrollScript.Update () [0x00018] in C:\Users\thhon\UnityFiles\TlimFinalProj2Dshooter\Assets\Scripts\BackGroundScrollScript.cs:26 

(Filename: Assets/Scripts/BackGroundScrollScript.cs Line: 26)

NullReferenceException: Object reference not set to an instance of an object
  at BackGroundScrollScript.Update () [0x00018] in C:\Users\thhon\UnityFiles\TlimFinalProj2Dshooter\Assets\Scripts\BackGroundScrollScript.cs:26 

(Filename: Assets/Scripts/BackGroundScrollScript.cs Line: 26)

NullReferenceException: Object reference not set to an instance of an object
  at BackGroundScrollScript.Update () [0x00018] in C:\Users\thhon\UnityFiles\TlimFinalProj2Dshooter\Assets\Scripts\BackGroundScrollScript.cs:26 

(Filename: Assets/Scripts/BackGroundScrollScript.cs Line: 26)

NullReferenceException: Object reference not set to an instance of an object
  at BackGroundScrollScript.Update () [0x00018] in C:\Users\thhon\UnityFiles\TlimFinalProj2Dshooter\Assets\Scripts\BackGroundScrollScript.cs:26 

(Filename: Assets/Scripts/BackGroundScrollScript.cs Line: 26)

NullReferenceException: Object reference not set to an instance of an object
  at BackGroundScrollScript.Update () [0x00018] in C:\Users\thhon\UnityFiles\TlimFinalProj2Dshooter\Assets\Scripts\BackGroundScrollScript.cs:26 

(Filename: Assets/Scripts/BackGroundScrollScript.cs Line: 26)

NullReferenceException: Object reference not set to an instance of an object
  at BackGroundScrollScript.Update () [0x00018] in C:\Users\thhon\UnityFiles\TlimFinalProj2Dshooter\Assets\Scripts\BackGroundScrollScript.cs:26 

(Filename: Assets/Scripts/BackGroundScrollScript.cs Line: 26)

NullReferenceException: Object reference not set to an instance of an object
  at BackGroundScrollScript.Update () [0x00018] in C:\Users\thhon\UnityFiles\TlimFinalProj2Dshooter\Assets\Scripts\BackGroundScrollScript.cs:26 

(Filename: Assets/Scripts/BackGroundScrollScript.cs Line: 26)

NullReferenceException: Object reference not set to an instance of an object
  at BackGroundScrollScript.Update () [0x00018] in C:\Users\thhon\UnityFiles\TlimFinalProj2Dshooter\Assets\Scripts\BackGroundScrollScript.cs:26 

(Filename: Assets/Scripts/BackGroundScrollScript.cs Line: 26)

NullReferenceException: Object reference not set to an instance of an object
  at BackGroundScrollScript.Update () [0x00018] in C:\Users\thhon\UnityFiles\TlimFinalProj2Dshooter\Assets\Scripts\BackGroundScrollScript.cs:26 

(Filename: Assets/Scripts/BackGroundScrollScript.cs Line: 26)

NullReferenceException: Object reference not set to an instance of an object
  at BackGroundScrollScript.Update () [0x00018] in C:\Users\thhon\UnityFiles\TlimFinalProj2Dshooter\Assets\Scripts\BackGroundScrollScript.cs:26 

(Filename: Assets/Scripts/BackGroundScrollScript.cs Line: 26)

NullReferenceException: Object reference not set to an instance of an object
  at BackGroundScrollScript.Update () [0x00018] in C:\Users\thhon\UnityFiles\TlimFinalProj2Dshooter\Assets\Scripts\BackGroundScrollScript.cs:26 

(Filename: Assets/Scripts/BackGroundScrollScript.cs Line: 26)

NullReferenceException: Object reference not set to an instance of an object
  at BackGroundScrollScript.Update () [0x00018] in C:\Users\thhon\UnityFiles\TlimFinalProj2Dshooter\Assets\Scripts\BackGroundScrollScript.cs:26 

(Filename: Assets/Scripts/BackGroundScrollScript.cs Line: 26)

NullReferenceException: Object reference not set to an instance of an object
  at BackGroundScrollScript.Update () [0x00018] in C:\Users\thhon\UnityFiles\TlimFinalProj2Dshooter\Assets\Scripts\BackGroundScrollScript.cs:26 

(Filename: Assets/Scripts/BackGroundScrollScript.cs Line: 26)

NullReferenceException: Object reference not set to an instance of an object
  at BackGroundScrollScript.Update () [0x00018] in C:\Users\thhon\UnityFiles\TlimFinalProj2Dshooter\Assets\Scripts\BackGroundScrollScript.cs:26 

(Filename: Assets/Scripts/BackGroundScrollScript.cs Line: 26)

NullReferenceException: Object reference not set to an instance of an object
  at BackGroundScrollScript.Update () [0x00018] in C:\Users\thhon\UnityFiles\TlimFinalProj2Dshooter\Assets\Scripts\BackGroundScrollScript.cs:26 

(Filename: Assets/Scripts/BackGroundScrollScript.cs Line: 26)

NullReferenceException: Object reference not set to an instance of an object
  at BackGroundScrollScript.Update () [0x00018] in C:\Users\thhon\UnityFiles\TlimFinalProj2Dshooter\Assets\Scripts\BackGroundScrollScript.cs:26 

(Filename: Assets/Scripts/BackGroundScrollScript.cs Line: 26)

NullReferenceException: Object reference not set to an instance of an object
  at BackGroundScrollScript.Update () [0x00018] in C:\Users\thhon\UnityFiles\TlimFinalProj2Dshooter\Assets\Scripts\BackGroundScrollScript.cs:26 

(Filename: Assets/Scripts/BackGroundScrollScript.cs Line: 26)

NullReferenceException: Object reference not set to an instance of an object
  at BackGroundScrollScript.Update () [0x00018] in C:\Users\thhon\UnityFiles\TlimFinalProj2Dshooter\Assets\Scripts\BackGroundScrollScript.cs:26 

(Filename: Assets/Scripts/BackGroundScrollScript.cs Line: 26)

NullReferenceException: Object reference not set to an instance of an object
  at BackGroundScrollScript.Update () [0x00018] in C:\Users\thhon\UnityFiles\TlimFinalProj2Dshooter\Assets\Scripts\BackGroundScrollScript.cs:26 

(Filename: Assets/Scripts/BackGroundScrollScript.cs Line: 26)

NullReferenceException: Object reference not set to an instance of an object
  at BackGroundScrollScript.Update () [0x00018] in C:\Users\thhon\UnityFiles\TlimFinalProj2Dshooter\Assets\Scripts\BackGroundScrollScript.cs:26 

(Filename: Assets/Scripts/BackGroundScrollScript.cs Line: 26)

NullReferenceException: Object reference not set to an instance of an object
  at BackGroundScrollScript.Update () [0x00018] in C:\Users\thhon\UnityFiles\TlimFinalProj2Dshooter\Assets\Scripts\BackGroundScrollScript.cs:26 

(Filename: Assets/Scripts/BackGroundScrollScript.cs Line: 26)

NullReferenceException: Object reference not set to an instance of an object
  at BackGroundScrollScript.Update () [0x00018] in C:\Users\thhon\UnityFiles\TlimFinalProj2Dshooter\Assets\Scripts\BackGroundScrollScript.cs:26 

(Filename: Assets/Scripts/BackGroundScrollScript.cs Line: 26)

NullReferenceException: Object reference not set to an instance of an object
  at BackGroundScrollScript.Update () [0x00018] in C:\Users\thhon\UnityFiles\TlimFinalProj2Dshooter\Assets\Scripts\BackGroundScrollScript.cs:26 

(Filename: Assets/Scripts/BackGroundScrollScript.cs Line: 26)

NullReferenceException: Object reference not set to an instance of an object
  at BackGroundScrollScript.Update () [0x00018] in C:\Users\thhon\UnityFiles\TlimFinalProj2Dshooter\Assets\Scripts\BackGroundScrollScript.cs:26 

(Filename: Assets/Scripts/BackGroundScrollScript.cs Line: 26)

NullReferenceException: Object reference not set to an instance of an object
  at BackGroundScrollScript.Update () [0x00018] in C:\Users\thhon\UnityFiles\TlimFinalProj2Dshooter\Assets\Scripts\BackGroundScrollScript.cs:26 

(Filename: Assets/Scripts/BackGroundScrollScript.cs Line: 26)

NullReferenceException: Object reference not set to an instance of an object
  at BackGroundScrollScript.Update () [0x00018] in C:\Users\thhon\UnityFiles\TlimFinalProj2Dshooter\Assets\Scripts\BackGroundScrollScript.cs:26 

(Filename: Assets/Scripts/BackGroundScrollScript.cs Line: 26)

NullReferenceException: Object reference not set to an instance of an object
  at BackGroundScrollScript.Update () [0x00018] in C:\Users\thhon\UnityFiles\TlimFinalProj2Dshooter\Assets\Scripts\BackGroundScrollScript.cs:26 

(Filename: Assets/Scripts/BackGroundScrollScript.cs Line: 26)

NullReferenceException: Object reference not set to an instance of an object
  at BackGroundScrollScript.Update () [0x00018] in C:\Users\thhon\UnityFiles\TlimFinalProj2Dshooter\Assets\Scripts\BackGroundScrollScript.cs:26 

(Filename: Assets/Scripts/BackGroundScrollScript.cs Line: 26)

NullReferenceException: Object reference not set to an instance of an object
  at BackGroundScrollScript.Update () [0x00018] in C:\Users\thhon\UnityFiles\TlimFinalProj2Dshooter\Assets\Scripts\BackGroundScrollScript.cs:26 

(Filename: Assets/Scripts/BackGroundScrollScript.cs Line: 26)

NullReferenceException: Object reference not set to an instance of an object
  at BackGroundScrollScript.Update () [0x00018] in C:\Users\thhon\UnityFiles\TlimFinalProj2Dshooter\Assets\Scripts\BackGroundScrollScript.cs:26 

(Filename: Assets/Scripts/BackGroundScrollScript.cs Line: 26)

NullReferenceException: Object reference not set to an instance of an object
  at BackGroundScrollScript.Update () [0x00018] in C:\Users\thhon\UnityFiles\TlimFinalProj2Dshooter\Assets\Scripts\BackGroundScrollScript.cs:26 

(Filename: Assets/Scripts/BackGroundScrollScript.cs Line: 26)

NullReferenceException: Object reference not set to an instance of an object
  at BackGroundScrollScript.Update () [0x00018] in C:\Users\thhon\UnityFiles\TlimFinalProj2Dshooter\Assets\Scripts\BackGroundScrollScript.cs:26 

(Filename: Assets/Scripts/BackGroundScrollScript.cs Line: 26)

NullReferenceException: Object reference not set to an instance of an object
  at BackGroundScrollScript.Update () [0x00018] in C:\Users\thhon\UnityFiles\TlimFinalProj2Dshooter\Assets\Scripts\BackGroundScrollScript.cs:26 

(Filename: Assets/Scripts/BackGroundScrollScript.cs Line: 26)

NullReferenceException: Object reference not set to an instance of an object
  at BackGroundScrollScript.Update () [0x00018] in C:\Users\thhon\UnityFiles\TlimFinalProj2Dshooter\Assets\Scripts\BackGroundScrollScript.cs:26 

(Filename: Assets/Scripts/BackGroundScrollScript.cs Line: 26)

NullReferenceException: Object reference not set to an instance of an object
  at BackGroundScrollScript.Update () [0x00018] in C:\Users\thhon\UnityFiles\TlimFinalProj2Dshooter\Assets\Scripts\BackGroundScrollScript.cs:26 

(Filename: Assets/Scripts/BackGroundScrollScript.cs Line: 26)

NullReferenceException: Object reference not set to an instance of an object
  at BackGroundScrollScript.Update () [0x00018] in C:\Users\thhon\UnityFiles\TlimFinalProj2Dshooter\Assets\Scripts\BackGroundScrollScript.cs:26 

(Filename: Assets/Scripts/BackGroundScrollScript.cs Line: 26)

NullReferenceException: Object reference not set to an instance of an object
  at BackGroundScrollScript.Update () [0x00018] in C:\Users\thhon\UnityFiles\TlimFinalProj2Dshooter\Assets\Scripts\BackGroundScrollScript.cs:26 

(Filename: Assets/Scripts/BackGroundScrollScript.cs Line: 26)

NullReferenceException: Object reference not set to an instance of an object
  at BackGroundScrollScript.Update () [0x00018] in C:\Users\thhon\UnityFiles\TlimFinalProj2Dshooter\Assets\Scripts\BackGroundScrollScript.cs:26 

(Filename: Assets/Scripts/BackGroundScrollScript.cs Line: 26)

NullReferenceException: Object reference not set to an instance of an object
  at BackGroundScrollScript.Update () [0x00018] in C:\Users\thhon\UnityFiles\TlimFinalProj2Dshooter\Assets\Scripts\BackGroundScrollScript.cs:26 

(Filename: Assets/Scripts/BackGroundScrollScript.cs Line: 26)

NullReferenceException: Object reference not set to an instance of an object
  at BackGroundScrollScript.Update () [0x00018] in C:\Users\thhon\UnityFiles\TlimFinalProj2Dshooter\Assets\Scripts\BackGroundScrollScript.cs:26 

(Filename: Assets/Scripts/BackGroundScrollScript.cs Line: 26)

NullReferenceException: Object reference not set to an instance of an object
  at BackGroundScrollScript.Update () [0x00018] in C:\Users\thhon\UnityFiles\TlimFinalProj2Dshooter\Assets\Scripts\BackGroundScrollScript.cs:26 

(Filename: Assets/Scripts/BackGroundScrollScript.cs Line: 26)

NullReferenceException: Object reference not set to an instance of an object
  at BackGroundScrollScript.Update () [0x00018] in C:\Users\thhon\UnityFiles\TlimFinalProj2Dshooter\Assets\Scripts\BackGroundScrollScript.cs:26 

(Filename: Assets/Scripts/BackGroundScrollScript.cs Line: 26)

NullReferenceException: Object reference not set to an instance of an object
  at BackGroundScrollScript.Update () [0x00018] in C:\Users\thhon\UnityFiles\TlimFinalProj2Dshooter\Assets\Scripts\BackGroundScrollScript.cs:26 

(Filename: Assets/Scripts/BackGroundScrollScript.cs Line: 26)

NullReferenceException: Object reference not set to an instance of an object
  at BackGroundScrollScript.Update () [0x00018] in C:\Users\thhon\UnityFiles\TlimFinalProj2Dshooter\Assets\Scripts\BackGroundScrollScript.cs:26 

(Filename: Assets/Scripts/BackGroundScrollScript.cs Line: 26)

NullReferenceException: Object reference not set to an instance of an object
  at BackGroundScrollScript.Update () [0x00018] in C:\Users\thhon\UnityFiles\TlimFinalProj2Dshooter\Assets\Scripts\BackGroundScrollScript.cs:26 

(Filename: Assets/Scripts/BackGroundScrollScript.cs Line: 26)

NullReferenceException: Object reference not set to an instance of an object
  at BackGroundScrollScript.Update () [0x00018] in C:\Users\thhon\UnityFiles\TlimFinalProj2Dshooter\Assets\Scripts\BackGroundScrollScript.cs:26 

(Filename: Assets/Scripts/BackGroundScrollScript.cs Line: 26)

NullReferenceException: Object reference not set to an instance of an object
  at BackGroundScrollScript.Update () [0x00018] in C:\Users\thhon\UnityFiles\TlimFinalProj2Dshooter\Assets\Scripts\BackGroundScrollScript.cs:26 

(Filename: Assets/Scripts/BackGroundScrollScript.cs Line: 26)

NullReferenceException: Object reference not set to an instance of an object
  at BackGroundScrollScript.Update () [0x00018] in C:\Users\thhon\UnityFiles\TlimFinalProj2Dshooter\Assets\Scripts\BackGroundScrollScript.cs:26 

(Filename: Assets/Scripts/BackGroundScrollScript.cs Line: 26)

NullReferenceException: Object reference not set to an instance of an object
  at BackGroundScrollScript.Update () [0x00018] in C:\Users\thhon\UnityFiles\TlimFinalProj2Dshooter\Assets\Scripts\BackGroundScrollScript.cs:26 

(Filename: Assets/Scripts/BackGroundScrollScript.cs Line: 26)

NullReferenceException: Object reference not set to an instance of an object
  at BackGroundScrollScript.Update () [0x00018] in C:\Users\thhon\UnityFiles\TlimFinalProj2Dshooter\Assets\Scripts\BackGroundScrollScript.cs:26 

(Filename: Assets/Scripts/BackGroundScrollScript.cs Line: 26)

NullReferenceException: Object reference not set to an instance of an object
  at BackGroundScrollScript.Update () [0x00018] in C:\Users\thhon\UnityFiles\TlimFinalProj2Dshooter\Assets\Scripts\BackGroundScrollScript.cs:26 

(Filename: Assets/Scripts/BackGroundScrollScript.cs Line: 26)

NullReferenceException: Object reference not set to an instance of an object
  at BackGroundScrollScript.Update () [0x00018] in C:\Users\thhon\UnityFiles\TlimFinalProj2Dshooter\Assets\Scripts\BackGroundScrollScript.cs:26 

(Filename: Assets/Scripts/BackGroundScrollScript.cs Line: 26)

NullReferenceException: Object reference not set to an instance of an object
  at BackGroundScrollScript.Update () [0x00018] in C:\Users\thhon\UnityFiles\TlimFinalProj2Dshooter\Assets\Scripts\BackGroundScrollScript.cs:26 

(Filename: Assets/Scripts/BackGroundScrollScript.cs Line: 26)

NullReferenceException: Object reference not set to an instance of an object
  at BackGroundScrollScript.Update () [0x00018] in C:\Users\thhon\UnityFiles\TlimFinalProj2Dshooter\Assets\Scripts\BackGroundScrollScript.cs:26 

(Filename: Assets/Scripts/BackGroundScrollScript.cs Line: 26)

NullReferenceException: Object reference not set to an instance of an object
  at BackGroundScrollScript.Update () [0x00018] in C:\Users\thhon\UnityFiles\TlimFinalProj2Dshooter\Assets\Scripts\BackGroundScrollScript.cs:26 

(Filename: Assets/Scripts/BackGroundScrollScript.cs Line: 26)

NullReferenceException: Object reference not set to an instance of an object
  at BackGroundScrollScript.Update () [0x00018] in C:\Users\thhon\UnityFiles\TlimFinalProj2Dshooter\Assets\Scripts\BackGroundScrollScript.cs:26 

(Filename: Assets/Scripts/BackGroundScrollScript.cs Line: 26)

NullReferenceException: Object reference not set to an instance of an object
  at BackGroundScrollScript.Update () [0x00018] in C:\Users\thhon\UnityFiles\TlimFinalProj2Dshooter\Assets\Scripts\BackGroundScrollScript.cs:26 

(Filename: Assets/Scripts/BackGroundScrollScript.cs Line: 26)

NullReferenceException: Object reference not set to an instance of an object
  at BackGroundScrollScript.Update () [0x00018] in C:\Users\thhon\UnityFiles\TlimFinalProj2Dshooter\Assets\Scripts\BackGroundScrollScript.cs:26 

(Filename: Assets/Scripts/BackGroundScrollScript.cs Line: 26)

NullReferenceException: Object reference not set to an instance of an object
  at BackGroundScrollScript.Update () [0x00018] in C:\Users\thhon\UnityFiles\TlimFinalProj2Dshooter\Assets\Scripts\BackGroundScrollScript.cs:26 

(Filename: Assets/Scripts/BackGroundScrollScript.cs Line: 26)

NullReferenceException: Object reference not set to an instance of an object
  at BackGroundScrollScript.Update () [0x00018] in C:\Users\thhon\UnityFiles\TlimFinalProj2Dshooter\Assets\Scripts\BackGroundScrollScript.cs:26 

(Filename: Assets/Scripts/BackGroundScrollScript.cs Line: 26)

NullReferenceException: Object reference not set to an instance of an object
  at BackGroundScrollScript.Update () [0x00018] in C:\Users\thhon\UnityFiles\TlimFinalProj2Dshooter\Assets\Scripts\BackGroundScrollScript.cs:26 

(Filename: Assets/Scripts/BackGroundScrollScript.cs Line: 26)

NullReferenceException: Object reference not set to an instance of an object
  at BackGroundScrollScript.Update () [0x00018] in C:\Users\thhon\UnityFiles\TlimFinalProj2Dshooter\Assets\Scripts\BackGroundScrollScript.cs:26 

(Filename: Assets/Scripts/BackGroundScrollScript.cs Line: 26)

NullReferenceException: Object reference not set to an instance of an object
  at BackGroundScrollScript.Update () [0x00018] in C:\Users\thhon\UnityFiles\TlimFinalProj2Dshooter\Assets\Scripts\BackGroundScrollScript.cs:26 

(Filename: Assets/Scripts/BackGroundScrollScript.cs Line: 26)

NullReferenceException: Object reference not set to an instance of an object
  at BackGroundScrollScript.Update () [0x00018] in C:\Users\thhon\UnityFiles\TlimFinalProj2Dshooter\Assets\Scripts\BackGroundScrollScript.cs:26 

(Filename: Assets/Scripts/BackGroundScrollScript.cs Line: 26)

NullReferenceException: Object reference not set to an instance of an object
  at BackGroundScrollScript.Update () [0x00018] in C:\Users\thhon\UnityFiles\TlimFinalProj2Dshooter\Assets\Scripts\BackGroundScrollScript.cs:26 

(Filename: Assets/Scripts/BackGroundScrollScript.cs Line: 26)

NullReferenceException: Object reference not set to an instance of an object
  at BackGroundScrollScript.Update () [0x00018] in C:\Users\thhon\UnityFiles\TlimFinalProj2Dshooter\Assets\Scripts\BackGroundScrollScript.cs:26 

(Filename: Assets/Scripts/BackGroundScrollScript.cs Line: 26)

NullReferenceException: Object reference not set to an instance of an object
  at BackGroundScrollScript.Update () [0x00018] in C:\Users\thhon\UnityFiles\TlimFinalProj2Dshooter\Assets\Scripts\BackGroundScrollScript.cs:26 

(Filename: Assets/Scripts/BackGroundScrollScript.cs Line: 26)

NullReferenceException: Object reference not set to an instance of an object
  at BackGroundScrollScript.Update () [0x00018] in C:\Users\thhon\UnityFiles\TlimFinalProj2Dshooter\Assets\Scripts\BackGroundScrollScript.cs:26 

(Filename: Assets/Scripts/BackGroundScrollScript.cs Line: 26)

NullReferenceException: Object reference not set to an instance of an object
  at BackGroundScrollScript.Update () [0x00018] in C:\Users\thhon\UnityFiles\TlimFinalProj2Dshooter\Assets\Scripts\BackGroundScrollScript.cs:26 

(Filename: Assets/Scripts/BackGroundScrollScript.cs Line: 26)

NullReferenceException: Object reference not set to an instance of an object
  at BackGroundScrollScript.Update () [0x00018] in C:\Users\thhon\UnityFiles\TlimFinalProj2Dshooter\Assets\Scripts\BackGroundScrollScript.cs:26 

(Filename: Assets/Scripts/BackGroundScrollScript.cs Line: 26)

NullReferenceException: Object reference not set to an instance of an object
  at BackGroundScrollScript.Update () [0x00018] in C:\Users\thhon\UnityFiles\TlimFinalProj2Dshooter\Assets\Scripts\BackGroundScrollScript.cs:26 

(Filename: Assets/Scripts/BackGroundScrollScript.cs Line: 26)

NullReferenceException: Object reference not set to an instance of an object
  at BackGroundScrollScript.Update () [0x00018] in C:\Users\thhon\UnityFiles\TlimFinalProj2Dshooter\Assets\Scripts\BackGroundScrollScript.cs:26 

(Filename: Assets/Scripts/BackGroundScrollScript.cs Line: 26)

NullReferenceException: Object reference not set to an instance of an object
  at BackGroundScrollScript.Update () [0x00018] in C:\Users\thhon\UnityFiles\TlimFinalProj2Dshooter\Assets\Scripts\BackGroundScrollScript.cs:26 

(Filename: Assets/Scripts/BackGroundScrollScript.cs Line: 26)

NullReferenceException: Object reference not set to an instance of an object
  at BackGroundScrollScript.Update () [0x00018] in C:\Users\thhon\UnityFiles\TlimFinalProj2Dshooter\Assets\Scripts\BackGroundScrollScript.cs:26 

(Filename: Assets/Scripts/BackGroundScrollScript.cs Line: 26)

NullReferenceException: Object reference not set to an instance of an object
  at BackGroundScrollScript.Update () [0x00018] in C:\Users\thhon\UnityFiles\TlimFinalProj2Dshooter\Assets\Scripts\BackGroundScrollScript.cs:26 

(Filename: Assets/Scripts/BackGroundScrollScript.cs Line: 26)

NullReferenceException: Object reference not set to an instance of an object
  at BackGroundScrollScript.Update () [0x00018] in C:\Users\thhon\UnityFiles\TlimFinalProj2Dshooter\Assets\Scripts\BackGroundScrollScript.cs:26 

(Filename: Assets/Scripts/BackGroundScrollScript.cs Line: 26)

NullReferenceException: Object reference not set to an instance of an object
  at BackGroundScrollScript.Update () [0x00018] in C:\Users\thhon\UnityFiles\TlimFinalProj2Dshooter\Assets\Scripts\BackGroundScrollScript.cs:26 

(Filename: Assets/Scripts/BackGroundScrollScript.cs Line: 26)

NullReferenceException: Object reference not set to an instance of an object
  at BackGroundScrollScript.Update () [0x00018] in C:\Users\thhon\UnityFiles\TlimFinalProj2Dshooter\Assets\Scripts\BackGroundScrollScript.cs:26 

(Filename: Assets/Scripts/BackGroundScrollScript.cs Line: 26)

NullReferenceException: Object reference not set to an instance of an object
  at BackGroundScrollScript.Update () [0x00018] in C:\Users\thhon\UnityFiles\TlimFinalProj2Dshooter\Assets\Scripts\BackGroundScrollScript.cs:26 

(Filename: Assets/Scripts/BackGroundScrollScript.cs Line: 26)

NullReferenceException: Object reference not set to an instance of an object
  at BackGroundScrollScript.Update () [0x00018] in C:\Users\thhon\UnityFiles\TlimFinalProj2Dshooter\Assets\Scripts\BackGroundScrollScript.cs:26 

(Filename: Assets/Scripts/BackGroundScrollScript.cs Line: 26)

NullReferenceException: Object reference not set to an instance of an object
  at BackGroundScrollScript.Update () [0x00018] in C:\Users\thhon\UnityFiles\TlimFinalProj2Dshooter\Assets\Scripts\BackGroundScrollScript.cs:26 

(Filename: Assets/Scripts/BackGroundScrollScript.cs Line: 26)

NullReferenceException: Object reference not set to an instance of an object
  at BackGroundScrollScript.Update () [0x00018] in C:\Users\thhon\UnityFiles\TlimFinalProj2Dshooter\Assets\Scripts\BackGroundScrollScript.cs:26 

(Filename: Assets/Scripts/BackGroundScrollScript.cs Line: 26)

NullReferenceException: Object reference not set to an instance of an object
  at BackGroundScrollScript.Update () [0x00018] in C:\Users\thhon\UnityFiles\TlimFinalProj2Dshooter\Assets\Scripts\BackGroundScrollScript.cs:26 

(Filename: Assets/Scripts/BackGroundScrollScript.cs Line: 26)

NullReferenceException: Object reference not set to an instance of an object
  at BackGroundScrollScript.Update () [0x00018] in C:\Users\thhon\UnityFiles\TlimFinalProj2Dshooter\Assets\Scripts\BackGroundScrollScript.cs:26 

(Filename: Assets/Scripts/BackGroundScrollScript.cs Line: 26)

NullReferenceException: Object reference not set to an instance of an object
  at BackGroundScrollScript.Update () [0x00018] in C:\Users\thhon\UnityFiles\TlimFinalProj2Dshooter\Assets\Scripts\BackGroundScrollScript.cs:26 

(Filename: Assets/Scripts/BackGroundScrollScript.cs Line: 26)

NullReferenceException: Object reference not set to an instance of an object
  at BackGroundScrollScript.Update () [0x00018] in C:\Users\thhon\UnityFiles\TlimFinalProj2Dshooter\Assets\Scripts\BackGroundScrollScript.cs:26 

(Filename: Assets/Scripts/BackGroundScrollScript.cs Line: 26)

NullReferenceException: Object reference not set to an instance of an object
  at BackGroundScrollScript.Update () [0x00018] in C:\Users\thhon\UnityFiles\TlimFinalProj2Dshooter\Assets\Scripts\BackGroundScrollScript.cs:26 

(Filename: Assets/Scripts/BackGroundScrollScript.cs Line: 26)

NullReferenceException: Object reference not set to an instance of an object
  at BackGroundScrollScript.Update () [0x00018] in C:\Users\thhon\UnityFiles\TlimFinalProj2Dshooter\Assets\Scripts\BackGroundScrollScript.cs:26 

(Filename: Assets/Scripts/BackGroundScrollScript.cs Line: 26)

NullReferenceException: Object reference not set to an instance of an object
  at BackGroundScrollScript.Update () [0x00018] in C:\Users\thhon\UnityFiles\TlimFinalProj2Dshooter\Assets\Scripts\BackGroundScrollScript.cs:26 

(Filename: Assets/Scripts/BackGroundScrollScript.cs Line: 26)

NullReferenceException: Object reference not set to an instance of an object
  at BackGroundScrollScript.Update () [0x00018] in C:\Users\thhon\UnityFiles\TlimFinalProj2Dshooter\Assets\Scripts\BackGroundScrollScript.cs:26 

(Filename: Assets/Scripts/BackGroundScrollScript.cs Line: 26)

NullReferenceException: Object reference not set to an instance of an object
  at BackGroundScrollScript.Update () [0x00018] in C:\Users\thhon\UnityFiles\TlimFinalProj2Dshooter\Assets\Scripts\BackGroundScrollScript.cs:26 

(Filename: Assets/Scripts/BackGroundScrollScript.cs Line: 26)

NullReferenceException: Object reference not set to an instance of an object
  at BackGroundScrollScript.Update () [0x00018] in C:\Users\thhon\UnityFiles\TlimFinalProj2Dshooter\Assets\Scripts\BackGroundScrollScript.cs:26 

(Filename: Assets/Scripts/BackGroundScrollScript.cs Line: 26)

NullReferenceException: Object reference not set to an instance of an object
  at BackGroundScrollScript.Update () [0x00018] in C:\Users\thhon\UnityFiles\TlimFinalProj2Dshooter\Assets\Scripts\BackGroundScrollScript.cs:26 

(Filename: Assets/Scripts/BackGroundScrollScript.cs Line: 26)

NullReferenceException: Object reference not set to an instance of an object
  at BackGroundScrollScript.Update () [0x00018] in C:\Users\thhon\UnityFiles\TlimFinalProj2Dshooter\Assets\Scripts\BackGroundScrollScript.cs:26 

(Filename: Assets/Scripts/BackGroundScrollScript.cs Line: 26)

NullReferenceException: Object reference not set to an instance of an object
  at BackGroundScrollScript.Update () [0x00018] in C:\Users\thhon\UnityFiles\TlimFinalProj2Dshooter\Assets\Scripts\BackGroundScrollScript.cs:26 

(Filename: Assets/Scripts/BackGroundScrollScript.cs Line: 26)

NullReferenceException: Object reference not set to an instance of an object
  at BackGroundScrollScript.Update () [0x00018] in C:\Users\thhon\UnityFiles\TlimFinalProj2Dshooter\Assets\Scripts\BackGroundScrollScript.cs:26 

(Filename: Assets/Scripts/BackGroundScrollScript.cs Line: 26)

NullReferenceException: Object reference not set to an instance of an object
  at BackGroundScrollScript.Update () [0x00018] in C:\Users\thhon\UnityFiles\TlimFinalProj2Dshooter\Assets\Scripts\BackGroundScrollScript.cs:26 

(Filename: Assets/Scripts/BackGroundScrollScript.cs Line: 26)

NullReferenceException: Object reference not set to an instance of an object
  at BackGroundScrollScript.Update () [0x00018] in C:\Users\thhon\UnityFiles\TlimFinalProj2Dshooter\Assets\Scripts\BackGroundScrollScript.cs:26 

(Filename: Assets/Scripts/BackGroundScrollScript.cs Line: 26)

NullReferenceException: Object reference not set to an instance of an object
  at BackGroundScrollScript.Update () [0x00018] in C:\Users\thhon\UnityFiles\TlimFinalProj2Dshooter\Assets\Scripts\BackGroundScrollScript.cs:26 

(Filename: Assets/Scripts/BackGroundScrollScript.cs Line: 26)

NullReferenceException: Object reference not set to an instance of an object
  at BackGroundScrollScript.Update () [0x00018] in C:\Users\thhon\UnityFiles\TlimFinalProj2Dshooter\Assets\Scripts\BackGroundScrollScript.cs:26 

(Filename: Assets/Scripts/BackGroundScrollScript.cs Line: 26)

NullReferenceException: Object reference not set to an instance of an object
  at BackGroundScrollScript.Update () [0x00018] in C:\Users\thhon\UnityFiles\TlimFinalProj2Dshooter\Assets\Scripts\BackGroundScrollScript.cs:26 

(Filename: Assets/Scripts/BackGroundScrollScript.cs Line: 26)

NullReferenceException: Object reference not set to an instance of an object
  at BackGroundScrollScript.Update () [0x00018] in C:\Users\thhon\UnityFiles\TlimFinalProj2Dshooter\Assets\Scripts\BackGroundScrollScript.cs:26 

(Filename: Assets/Scripts/BackGroundScrollScript.cs Line: 26)

NullReferenceException: Object reference not set to an instance of an object
  at BackGroundScrollScript.Update () [0x00018] in C:\Users\thhon\UnityFiles\TlimFinalProj2Dshooter\Assets\Scripts\BackGroundScrollScript.cs:26 

(Filename: Assets/Scripts/BackGroundScrollScript.cs Line: 26)

NullReferenceException: Object reference not set to an instance of an object
  at BackGroundScrollScript.Update () [0x00018] in C:\Users\thhon\UnityFiles\TlimFinalProj2Dshooter\Assets\Scripts\BackGroundScrollScript.cs:26 

(Filename: Assets/Scripts/BackGroundScrollScript.cs Line: 26)

NullReferenceException: Object reference not set to an instance of an object
  at BackGroundScrollScript.Update () [0x00018] in C:\Users\thhon\UnityFiles\TlimFinalProj2Dshooter\Assets\Scripts\BackGroundScrollScript.cs:26 

(Filename: Assets/Scripts/BackGroundScrollScript.cs Line: 26)

NullReferenceException: Object reference not set to an instance of an object
  at BackGroundScrollScript.Update () [0x00018] in C:\Users\thhon\UnityFiles\TlimFinalProj2Dshooter\Assets\Scripts\BackGroundScrollScript.cs:26 

(Filename: Assets/Scripts/BackGroundScrollScript.cs Line: 26)

NullReferenceException: Object reference not set to an instance of an object
  at BackGroundScrollScript.Update () [0x00018] in C:\Users\thhon\UnityFiles\TlimFinalProj2Dshooter\Assets\Scripts\BackGroundScrollScript.cs:26 

(Filename: Assets/Scripts/BackGroundScrollScript.cs Line: 26)

NullReferenceException: Object reference not set to an instance of an object
  at BackGroundScrollScript.Update () [0x00018] in C:\Users\thhon\UnityFiles\TlimFinalProj2Dshooter\Assets\Scripts\BackGroundScrollScript.cs:26 

(Filename: Assets/Scripts/BackGroundScrollScript.cs Line: 26)

NullReferenceException: Object reference not set to an instance of an object
  at BackGroundScrollScript.Update () [0x00018] in C:\Users\thhon\UnityFiles\TlimFinalProj2Dshooter\Assets\Scripts\BackGroundScrollScript.cs:26 

(Filename: Assets/Scripts/BackGroundScrollScript.cs Line: 26)

NullReferenceException: Object reference not set to an instance of an object
  at BackGroundScrollScript.Update () [0x00018] in C:\Users\thhon\UnityFiles\TlimFinalProj2Dshooter\Assets\Scripts\BackGroundScrollScript.cs:26 

(Filename: Assets/Scripts/BackGroundScrollScript.cs Line: 26)

NullReferenceException: Object reference not set to an instance of an object
  at BackGroundScrollScript.Update () [0x00018] in C:\Users\thhon\UnityFiles\TlimFinalProj2Dshooter\Assets\Scripts\BackGroundScrollScript.cs:26 

(Filename: Assets/Scripts/BackGroundScrollScript.cs Line: 26)

NullReferenceException: Object reference not set to an instance of an object
  at BackGroundScrollScript.Update () [0x00018] in C:\Users\thhon\UnityFiles\TlimFinalProj2Dshooter\Assets\Scripts\BackGroundScrollScript.cs:26 

(Filename: Assets/Scripts/BackGroundScrollScript.cs Line: 26)

NullReferenceException: Object reference not set to an instance of an object
  at BackGroundScrollScript.Update () [0x00018] in C:\Users\thhon\UnityFiles\TlimFinalProj2Dshooter\Assets\Scripts\BackGroundScrollScript.cs:26 

(Filename: Assets/Scripts/BackGroundScrollScript.cs Line: 26)

NullReferenceException: Object reference not set to an instance of an object
  at BackGroundScrollScript.Update () [0x00018] in C:\Users\thhon\UnityFiles\TlimFinalProj2Dshooter\Assets\Scripts\BackGroundScrollScript.cs:26 

(Filename: Assets/Scripts/BackGroundScrollScript.cs Line: 26)

NullReferenceException: Object reference not set to an instance of an object
  at BackGroundScrollScript.Update () [0x00018] in C:\Users\thhon\UnityFiles\TlimFinalProj2Dshooter\Assets\Scripts\BackGroundScrollScript.cs:26 

(Filename: Assets/Scripts/BackGroundScrollScript.cs Line: 26)

NullReferenceException: Object reference not set to an instance of an object
  at BackGroundScrollScript.Update () [0x00018] in C:\Users\thhon\UnityFiles\TlimFinalProj2Dshooter\Assets\Scripts\BackGroundScrollScript.cs:26 

(Filename: Assets/Scripts/BackGroundScrollScript.cs Line: 26)

NullReferenceException: Object reference not set to an instance of an object
  at BackGroundScrollScript.Update () [0x00018] in C:\Users\thhon\UnityFiles\TlimFinalProj2Dshooter\Assets\Scripts\BackGroundScrollScript.cs:26 

(Filename: Assets/Scripts/BackGroundScrollScript.cs Line: 26)

NullReferenceException: Object reference not set to an instance of an object
  at BackGroundScrollScript.Update () [0x00018] in C:\Users\thhon\UnityFiles\TlimFinalProj2Dshooter\Assets\Scripts\BackGroundScrollScript.cs:26 

(Filename: Assets/Scripts/BackGroundScrollScript.cs Line: 26)

NullReferenceException: Object reference not set to an instance of an object
  at BackGroundScrollScript.Update () [0x00018] in C:\Users\thhon\UnityFiles\TlimFinalProj2Dshooter\Assets\Scripts\BackGroundScrollScript.cs:26 

(Filename: Assets/Scripts/BackGroundScrollScript.cs Line: 26)

NullReferenceException: Object reference not set to an instance of an object
  at BackGroundScrollScript.Update () [0x00018] in C:\Users\thhon\UnityFiles\TlimFinalProj2Dshooter\Assets\Scripts\BackGroundScrollScript.cs:26 

(Filename: Assets/Scripts/BackGroundScrollScript.cs Line: 26)

NullReferenceException: Object reference not set to an instance of an object
  at BackGroundScrollScript.Update () [0x00018] in C:\Users\thhon\UnityFiles\TlimFinalProj2Dshooter\Assets\Scripts\BackGroundScrollScript.cs:26 

(Filename: Assets/Scripts/BackGroundScrollScript.cs Line: 26)

NullReferenceException: Object reference not set to an instance of an object
  at BackGroundScrollScript.Update () [0x00018] in C:\Users\thhon\UnityFiles\TlimFinalProj2Dshooter\Assets\Scripts\BackGroundScrollScript.cs:26 

(Filename: Assets/Scripts/BackGroundScrollScript.cs Line: 26)

NullReferenceException: Object reference not set to an instance of an object
  at BackGroundScrollScript.Update () [0x00018] in C:\Users\thhon\UnityFiles\TlimFinalProj2Dshooter\Assets\Scripts\BackGroundScrollScript.cs:26 

(Filename: Assets/Scripts/BackGroundScrollScript.cs Line: 26)

NullReferenceException: Object reference not set to an instance of an object
  at BackGroundScrollScript.Update () [0x00018] in C:\Users\thhon\UnityFiles\TlimFinalProj2Dshooter\Assets\Scripts\BackGroundScrollScript.cs:26 

(Filename: Assets/Scripts/BackGroundScrollScript.cs Line: 26)

NullReferenceException: Object reference not set to an instance of an object
  at BackGroundScrollScript.Update () [0x00018] in C:\Users\thhon\UnityFiles\TlimFinalProj2Dshooter\Assets\Scripts\BackGroundScrollScript.cs:26 

(Filename: Assets/Scripts/BackGroundScrollScript.cs Line: 26)

NullReferenceException: Object reference not set to an instance of an object
  at BackGroundScrollScript.Update () [0x00018] in C:\Users\thhon\UnityFiles\TlimFinalProj2Dshooter\Assets\Scripts\BackGroundScrollScript.cs:26 

(Filename: Assets/Scripts/BackGroundScrollScript.cs Line: 26)

NullReferenceException: Object reference not set to an instance of an object
  at BackGroundScrollScript.Update () [0x00018] in C:\Users\thhon\UnityFiles\TlimFinalProj2Dshooter\Assets\Scripts\BackGroundScrollScript.cs:26 

(Filename: Assets/Scripts/BackGroundScrollScript.cs Line: 26)

NullReferenceException: Object reference not set to an instance of an object
  at BackGroundScrollScript.Update () [0x00018] in C:\Users\thhon\UnityFiles\TlimFinalProj2Dshooter\Assets\Scripts\BackGroundScrollScript.cs:26 

(Filename: Assets/Scripts/BackGroundScrollScript.cs Line: 26)

NullReferenceException: Object reference not set to an instance of an object
  at BackGroundScrollScript.Update () [0x00018] in C:\Users\thhon\UnityFiles\TlimFinalProj2Dshooter\Assets\Scripts\BackGroundScrollScript.cs:26 

(Filename: Assets/Scripts/BackGroundScrollScript.cs Line: 26)

NullReferenceException: Object reference not set to an instance of an object
  at BackGroundScrollScript.Update () [0x00018] in C:\Users\thhon\UnityFiles\TlimFinalProj2Dshooter\Assets\Scripts\BackGroundScrollScript.cs:26 

(Filename: Assets/Scripts/BackGroundScrollScript.cs Line: 26)

NullReferenceException: Object reference not set to an instance of an object
  at BackGroundScrollScript.Update () [0x00018] in C:\Users\thhon\UnityFiles\TlimFinalProj2Dshooter\Assets\Scripts\BackGroundScrollScript.cs:26 

(Filename: Assets/Scripts/BackGroundScrollScript.cs Line: 26)

NullReferenceException: Object reference not set to an instance of an object
  at BackGroundScrollScript.Update () [0x00018] in C:\Users\thhon\UnityFiles\TlimFinalProj2Dshooter\Assets\Scripts\BackGroundScrollScript.cs:26 

(Filename: Assets/Scripts/BackGroundScrollScript.cs Line: 26)

NullReferenceException: Object reference not set to an instance of an object
  at BackGroundScrollScript.Update () [0x00018] in C:\Users\thhon\UnityFiles\TlimFinalProj2Dshooter\Assets\Scripts\BackGroundScrollScript.cs:26 

(Filename: Assets/Scripts/BackGroundScrollScript.cs Line: 26)

NullReferenceException: Object reference not set to an instance of an object
  at BackGroundScrollScript.Update () [0x00018] in C:\Users\thhon\UnityFiles\TlimFinalProj2Dshooter\Assets\Scripts\BackGroundScrollScript.cs:26 

(Filename: Assets/Scripts/BackGroundScrollScript.cs Line: 26)

NullReferenceException: Object reference not set to an instance of an object
  at BackGroundScrollScript.Update () [0x00018] in C:\Users\thhon\UnityFiles\TlimFinalProj2Dshooter\Assets\Scripts\BackGroundScrollScript.cs:26 

(Filename: Assets/Scripts/BackGroundScrollScript.cs Line: 26)

NullReferenceException: Object reference not set to an instance of an object
  at BackGroundScrollScript.Update () [0x00018] in C:\Users\thhon\UnityFiles\TlimFinalProj2Dshooter\Assets\Scripts\BackGroundScrollScript.cs:26 

(Filename: Assets/Scripts/BackGroundScrollScript.cs Line: 26)

NullReferenceException: Object reference not set to an instance of an object
  at BackGroundScrollScript.Update () [0x00018] in C:\Users\thhon\UnityFiles\TlimFinalProj2Dshooter\Assets\Scripts\BackGroundScrollScript.cs:26 

(Filename: Assets/Scripts/BackGroundScrollScript.cs Line: 26)

NullReferenceException: Object reference not set to an instance of an object
  at BackGroundScrollScript.Update () [0x00018] in C:\Users\thhon\UnityFiles\TlimFinalProj2Dshooter\Assets\Scripts\BackGroundScrollScript.cs:26 

(Filename: Assets/Scripts/BackGroundScrollScript.cs Line: 26)

NullReferenceException: Object reference not set to an instance of an object
  at BackGroundScrollScript.Update () [0x00018] in C:\Users\thhon\UnityFiles\TlimFinalProj2Dshooter\Assets\Scripts\BackGroundScrollScript.cs:26 

(Filename: Assets/Scripts/BackGroundScrollScript.cs Line: 26)

NullReferenceException: Object reference not set to an instance of an object
  at BackGroundScrollScript.Update () [0x00018] in C:\Users\thhon\UnityFiles\TlimFinalProj2Dshooter\Assets\Scripts\BackGroundScrollScript.cs:26 

(Filename: Assets/Scripts/BackGroundScrollScript.cs Line: 26)

NullReferenceException: Object reference not set to an instance of an object
  at BackGroundScrollScript.Update () [0x00018] in C:\Users\thhon\UnityFiles\TlimFinalProj2Dshooter\Assets\Scripts\BackGroundScrollScript.cs:26 

(Filename: Assets/Scripts/BackGroundScrollScript.cs Line: 26)

NullReferenceException: Object reference not set to an instance of an object
  at BackGroundScrollScript.Update () [0x00018] in C:\Users\thhon\UnityFiles\TlimFinalProj2Dshooter\Assets\Scripts\BackGroundScrollScript.cs:26 

(Filename: Assets/Scripts/BackGroundScrollScript.cs Line: 26)

NullReferenceException: Object reference not set to an instance of an object
  at BackGroundScrollScript.Update () [0x00018] in C:\Users\thhon\UnityFiles\TlimFinalProj2Dshooter\Assets\Scripts\BackGroundScrollScript.cs:26 

(Filename: Assets/Scripts/BackGroundScrollScript.cs Line: 26)

NullReferenceException: Object reference not set to an instance of an object
  at BackGroundScrollScript.Update () [0x00018] in C:\Users\thhon\UnityFiles\TlimFinalProj2Dshooter\Assets\Scripts\BackGroundScrollScript.cs:26 

(Filename: Assets/Scripts/BackGroundScrollScript.cs Line: 26)

NullReferenceException: Object reference not set to an instance of an object
  at BackGroundScrollScript.Update () [0x00018] in C:\Users\thhon\UnityFiles\TlimFinalProj2Dshooter\Assets\Scripts\BackGroundScrollScript.cs:26 

(Filename: Assets/Scripts/BackGroundScrollScript.cs Line: 26)

NullReferenceException: Object reference not set to an instance of an object
  at BackGroundScrollScript.Update () [0x00018] in C:\Users\thhon\UnityFiles\TlimFinalProj2Dshooter\Assets\Scripts\BackGroundScrollScript.cs:26 

(Filename: Assets/Scripts/BackGroundScrollScript.cs Line: 26)

NullReferenceException: Object reference not set to an instance of an object
  at BackGroundScrollScript.Update () [0x00018] in C:\Users\thhon\UnityFiles\TlimFinalProj2Dshooter\Assets\Scripts\BackGroundScrollScript.cs:26 

(Filename: Assets/Scripts/BackGroundScrollScript.cs Line: 26)

NullReferenceException: Object reference not set to an instance of an object
  at BackGroundScrollScript.Update () [0x00018] in C:\Users\thhon\UnityFiles\TlimFinalProj2Dshooter\Assets\Scripts\BackGroundScrollScript.cs:26 

(Filename: Assets/Scripts/BackGroundScrollScript.cs Line: 26)

NullReferenceException: Object reference not set to an instance of an object
  at BackGroundScrollScript.Update () [0x00018] in C:\Users\thhon\UnityFiles\TlimFinalProj2Dshooter\Assets\Scripts\BackGroundScrollScript.cs:26 

(Filename: Assets/Scripts/BackGroundScrollScript.cs Line: 26)

NullReferenceException: Object reference not set to an instance of an object
  at BackGroundScrollScript.Update () [0x00018] in C:\Users\thhon\UnityFiles\TlimFinalProj2Dshooter\Assets\Scripts\BackGroundScrollScript.cs:26 

(Filename: Assets/Scripts/BackGroundScrollScript.cs Line: 26)

NullReferenceException: Object reference not set to an instance of an object
  at BackGroundScrollScript.Update () [0x00018] in C:\Users\thhon\UnityFiles\TlimFinalProj2Dshooter\Assets\Scripts\BackGroundScrollScript.cs:26 

(Filename: Assets/Scripts/BackGroundScrollScript.cs Line: 26)

NullReferenceException: Object reference not set to an instance of an object
  at BackGroundScrollScript.Update () [0x00018] in C:\Users\thhon\UnityFiles\TlimFinalProj2Dshooter\Assets\Scripts\BackGroundScrollScript.cs:26 

(Filename: Assets/Scripts/BackGroundScrollScript.cs Line: 26)

NullReferenceException: Object reference not set to an instance of an object
  at BackGroundScrollScript.Update () [0x00018] in C:\Users\thhon\UnityFiles\TlimFinalProj2Dshooter\Assets\Scripts\BackGroundScrollScript.cs:26 

(Filename: Assets/Scripts/BackGroundScrollScript.cs Line: 26)

NullReferenceException: Object reference not set to an instance of an object
  at BackGroundScrollScript.Update () [0x00018] in C:\Users\thhon\UnityFiles\TlimFinalProj2Dshooter\Assets\Scripts\BackGroundScrollScript.cs:26 

(Filename: Assets/Scripts/BackGroundScrollScript.cs Line: 26)

NullReferenceException: Object reference not set to an instance of an object
  at BackGroundScrollScript.Update () [0x00018] in C:\Users\thhon\UnityFiles\TlimFinalProj2Dshooter\Assets\Scripts\BackGroundScrollScript.cs:26 

(Filename: Assets/Scripts/BackGroundScrollScript.cs Line: 26)

NullReferenceException: Object reference not set to an instance of an object
  at BackGroundScrollScript.Update () [0x00018] in C:\Users\thhon\UnityFiles\TlimFinalProj2Dshooter\Assets\Scripts\BackGroundScrollScript.cs:26 

(Filename: Assets/Scripts/BackGroundScrollScript.cs Line: 26)

NullReferenceException: Object reference not set to an instance of an object
  at BackGroundScrollScript.Update () [0x00018] in C:\Users\thhon\UnityFiles\TlimFinalProj2Dshooter\Assets\Scripts\BackGroundScrollScript.cs:26 

(Filename: Assets/Scripts/BackGroundScrollScript.cs Line: 26)

NullReferenceException: Object reference not set to an instance of an object
  at BackGroundScrollScript.Update () [0x00018] in C:\Users\thhon\UnityFiles\TlimFinalProj2Dshooter\Assets\Scripts\BackGroundScrollScript.cs:26 

(Filename: Assets/Scripts/BackGroundScrollScript.cs Line: 26)

NullReferenceException: Object reference not set to an instance of an object
  at BackGroundScrollScript.Update () [0x00018] in C:\Users\thhon\UnityFiles\TlimFinalProj2Dshooter\Assets\Scripts\BackGroundScrollScript.cs:26 

(Filename: Assets/Scripts/BackGroundScrollScript.cs Line: 26)

NullReferenceException: Object reference not set to an instance of an object
  at BackGroundScrollScript.Update () [0x00018] in C:\Users\thhon\UnityFiles\TlimFinalProj2Dshooter\Assets\Scripts\BackGroundScrollScript.cs:26 

(Filename: Assets/Scripts/BackGroundScrollScript.cs Line: 26)

NullReferenceException: Object reference not set to an instance of an object
  at BackGroundScrollScript.Update () [0x00018] in C:\Users\thhon\UnityFiles\TlimFinalProj2Dshooter\Assets\Scripts\BackGroundScrollScript.cs:26 

(Filename: Assets/Scripts/BackGroundScrollScript.cs Line: 26)

NullReferenceException: Object reference not set to an instance of an object
  at BackGroundScrollScript.Update () [0x00018] in C:\Users\thhon\UnityFiles\TlimFinalProj2Dshooter\Assets\Scripts\BackGroundScrollScript.cs:26 

(Filename: Assets/Scripts/BackGroundScrollScript.cs Line: 26)

NullReferenceException: Object reference not set to an instance of an object
  at BackGroundScrollScript.Update () [0x00018] in C:\Users\thhon\UnityFiles\TlimFinalProj2Dshooter\Assets\Scripts\BackGroundScrollScript.cs:26 

(Filename: Assets/Scripts/BackGroundScrollScript.cs Line: 26)

NullReferenceException: Object reference not set to an instance of an object
  at BackGroundScrollScript.Update () [0x00018] in C:\Users\thhon\UnityFiles\TlimFinalProj2Dshooter\Assets\Scripts\BackGroundScrollScript.cs:26 

(Filename: Assets/Scripts/BackGroundScrollScript.cs Line: 26)

NullReferenceException: Object reference not set to an instance of an object
  at BackGroundScrollScript.Update () [0x00018] in C:\Users\thhon\UnityFiles\TlimFinalProj2Dshooter\Assets\Scripts\BackGroundScrollScript.cs:26 

(Filename: Assets/Scripts/BackGroundScrollScript.cs Line: 26)

NullReferenceException: Object reference not set to an instance of an object
  at BackGroundScrollScript.Update () [0x00018] in C:\Users\thhon\UnityFiles\TlimFinalProj2Dshooter\Assets\Scripts\BackGroundScrollScript.cs:26 

(Filename: Assets/Scripts/BackGroundScrollScript.cs Line: 26)

NullReferenceException: Object reference not set to an instance of an object
  at BackGroundScrollScript.Update () [0x00018] in C:\Users\thhon\UnityFiles\TlimFinalProj2Dshooter\Assets\Scripts\BackGroundScrollScript.cs:26 

(Filename: Assets/Scripts/BackGroundScrollScript.cs Line: 26)

NullReferenceException: Object reference not set to an instance of an object
  at BackGroundScrollScript.Update () [0x00018] in C:\Users\thhon\UnityFiles\TlimFinalProj2Dshooter\Assets\Scripts\BackGroundScrollScript.cs:26 

(Filename: Assets/Scripts/BackGroundScrollScript.cs Line: 26)

NullReferenceException: Object reference not set to an instance of an object
  at BackGroundScrollScript.Update () [0x00018] in C:\Users\thhon\UnityFiles\TlimFinalProj2Dshooter\Assets\Scripts\BackGroundScrollScript.cs:26 

(Filename: Assets/Scripts/BackGroundScrollScript.cs Line: 26)

NullReferenceException: Object reference not set to an instance of an object
  at BackGroundScrollScript.Update () [0x00018] in C:\Users\thhon\UnityFiles\TlimFinalProj2Dshooter\Assets\Scripts\BackGroundScrollScript.cs:26 

(Filename: Assets/Scripts/BackGroundScrollScript.cs Line: 26)

NullReferenceException: Object reference not set to an instance of an object
  at BackGroundScrollScript.Update () [0x00018] in C:\Users\thhon\UnityFiles\TlimFinalProj2Dshooter\Assets\Scripts\BackGroundScrollScript.cs:26 

(Filename: Assets/Scripts/BackGroundScrollScript.cs Line: 26)

NullReferenceException: Object reference not set to an instance of an object
  at BackGroundScrollScript.Update () [0x00018] in C:\Users\thhon\UnityFiles\TlimFinalProj2Dshooter\Assets\Scripts\BackGroundScrollScript.cs:26 

(Filename: Assets/Scripts/BackGroundScrollScript.cs Line: 26)

NullReferenceException: Object reference not set to an instance of an object
  at BackGroundScrollScript.Update () [0x00018] in C:\Users\thhon\UnityFiles\TlimFinalProj2Dshooter\Assets\Scripts\BackGroundScrollScript.cs:26 

(Filename: Assets/Scripts/BackGroundScrollScript.cs Line: 26)

NullReferenceException: Object reference not set to an instance of an object
  at BackGroundScrollScript.Update () [0x00018] in C:\Users\thhon\UnityFiles\TlimFinalProj2Dshooter\Assets\Scripts\BackGroundScrollScript.cs:26 

(Filename: Assets/Scripts/BackGroundScrollScript.cs Line: 26)

NullReferenceException: Object reference not set to an instance of an object
  at BackGroundScrollScript.Update () [0x00018] in C:\Users\thhon\UnityFiles\TlimFinalProj2Dshooter\Assets\Scripts\BackGroundScrollScript.cs:26 

(Filename: Assets/Scripts/BackGroundScrollScript.cs Line: 26)

NullReferenceException: Object reference not set to an instance of an object
  at BackGroundScrollScript.Update () [0x00018] in C:\Users\thhon\UnityFiles\TlimFinalProj2Dshooter\Assets\Scripts\BackGroundScrollScript.cs:26 

(Filename: Assets/Scripts/BackGroundScrollScript.cs Line: 26)

NullReferenceException: Object reference not set to an instance of an object
  at BackGroundScrollScript.Update () [0x00018] in C:\Users\thhon\UnityFiles\TlimFinalProj2Dshooter\Assets\Scripts\BackGroundScrollScript.cs:26 

(Filename: Assets/Scripts/BackGroundScrollScript.cs Line: 26)

NullReferenceException: Object reference not set to an instance of an object
  at BackGroundScrollScript.Update () [0x00018] in C:\Users\thhon\UnityFiles\TlimFinalProj2Dshooter\Assets\Scripts\BackGroundScrollScript.cs:26 

(Filename: Assets/Scripts/BackGroundScrollScript.cs Line: 26)

NullReferenceException: Object reference not set to an instance of an object
  at BackGroundScrollScript.Update () [0x00018] in C:\Users\thhon\UnityFiles\TlimFinalProj2Dshooter\Assets\Scripts\BackGroundScrollScript.cs:26 

(Filename: Assets/Scripts/BackGroundScrollScript.cs Line: 26)

NullReferenceException: Object reference not set to an instance of an object
  at BackGroundScrollScript.Update () [0x00018] in C:\Users\thhon\UnityFiles\TlimFinalProj2Dshooter\Assets\Scripts\BackGroundScrollScript.cs:26 

(Filename: Assets/Scripts/BackGroundScrollScript.cs Line: 26)

NullReferenceException: Object reference not set to an instance of an object
  at BackGroundScrollScript.Update () [0x00018] in C:\Users\thhon\UnityFiles\TlimFinalProj2Dshooter\Assets\Scripts\BackGroundScrollScript.cs:26 

(Filename: Assets/Scripts/BackGroundScrollScript.cs Line: 26)

NullReferenceException: Object reference not set to an instance of an object
  at BackGroundScrollScript.Update () [0x00018] in C:\Users\thhon\UnityFiles\TlimFinalProj2Dshooter\Assets\Scripts\BackGroundScrollScript.cs:26 

(Filename: Assets/Scripts/BackGroundScrollScript.cs Line: 26)

NullReferenceException: Object reference not set to an instance of an object
  at BackGroundScrollScript.Update () [0x00018] in C:\Users\thhon\UnityFiles\TlimFinalProj2Dshooter\Assets\Scripts\BackGroundScrollScript.cs:26 

(Filename: Assets/Scripts/BackGroundScrollScript.cs Line: 26)

NullReferenceException: Object reference not set to an instance of an object
  at BackGroundScrollScript.Update () [0x00018] in C:\Users\thhon\UnityFiles\TlimFinalProj2Dshooter\Assets\Scripts\BackGroundScrollScript.cs:26 

(Filename: Assets/Scripts/BackGroundScrollScript.cs Line: 26)

NullReferenceException: Object reference not set to an instance of an object
  at BackGroundScrollScript.Update () [0x00018] in C:\Users\thhon\UnityFiles\TlimFinalProj2Dshooter\Assets\Scripts\BackGroundScrollScript.cs:26 

(Filename: Assets/Scripts/BackGroundScrollScript.cs Line: 26)

NullReferenceException: Object reference not set to an instance of an object
  at BackGroundScrollScript.Update () [0x00018] in C:\Users\thhon\UnityFiles\TlimFinalProj2Dshooter\Assets\Scripts\BackGroundScrollScript.cs:26 

(Filename: Assets/Scripts/BackGroundScrollScript.cs Line: 26)

NullReferenceException: Object reference not set to an instance of an object
  at BackGroundScrollScript.Update () [0x00018] in C:\Users\thhon\UnityFiles\TlimFinalProj2Dshooter\Assets\Scripts\BackGroundScrollScript.cs:26 

(Filename: Assets/Scripts/BackGroundScrollScript.cs Line: 26)

NullReferenceException: Object reference not set to an instance of an object
  at BackGroundScrollScript.Update () [0x00018] in C:\Users\thhon\UnityFiles\TlimFinalProj2Dshooter\Assets\Scripts\BackGroundScrollScript.cs:26 

(Filename: Assets/Scripts/BackGroundScrollScript.cs Line: 26)

NullReferenceException: Object reference not set to an instance of an object
  at BackGroundScrollScript.Update () [0x00018] in C:\Users\thhon\UnityFiles\TlimFinalProj2Dshooter\Assets\Scripts\BackGroundScrollScript.cs:26 

(Filename: Assets/Scripts/BackGroundScrollScript.cs Line: 26)

NullReferenceException: Object reference not set to an instance of an object
  at BackGroundScrollScript.Update () [0x00018] in C:\Users\thhon\UnityFiles\TlimFinalProj2Dshooter\Assets\Scripts\BackGroundScrollScript.cs:26 

(Filename: Assets/Scripts/BackGroundScrollScript.cs Line: 26)

NullReferenceException: Object reference not set to an instance of an object
  at BackGroundScrollScript.Update () [0x00018] in C:\Users\thhon\UnityFiles\TlimFinalProj2Dshooter\Assets\Scripts\BackGroundScrollScript.cs:26 

(Filename: Assets/Scripts/BackGroundScrollScript.cs Line: 26)

NullReferenceException: Object reference not set to an instance of an object
  at BackGroundScrollScript.Update () [0x00018] in C:\Users\thhon\UnityFiles\TlimFinalProj2Dshooter\Assets\Scripts\BackGroundScrollScript.cs:26 

(Filename: Assets/Scripts/BackGroundScrollScript.cs Line: 26)

NullReferenceException: Object reference not set to an instance of an object
  at BackGroundScrollScript.Update () [0x00018] in C:\Users\thhon\UnityFiles\TlimFinalProj2Dshooter\Assets\Scripts\BackGroundScrollScript.cs:26 

(Filename: Assets/Scripts/BackGroundScrollScript.cs Line: 26)

NullReferenceException: Object reference not set to an instance of an object
  at BackGroundScrollScript.Update () [0x00018] in C:\Users\thhon\UnityFiles\TlimFinalProj2Dshooter\Assets\Scripts\BackGroundScrollScript.cs:26 

(Filename: Assets/Scripts/BackGroundScrollScript.cs Line: 26)

NullReferenceException: Object reference not set to an instance of an object
  at BackGroundScrollScript.Update () [0x00018] in C:\Users\thhon\UnityFiles\TlimFinalProj2Dshooter\Assets\Scripts\BackGroundScrollScript.cs:26 

(Filename: Assets/Scripts/BackGroundScrollScript.cs Line: 26)

NullReferenceException: Object reference not set to an instance of an object
  at BackGroundScrollScript.Update () [0x00018] in C:\Users\thhon\UnityFiles\TlimFinalProj2Dshooter\Assets\Scripts\BackGroundScrollScript.cs:26 

(Filename: Assets/Scripts/BackGroundScrollScript.cs Line: 26)

NullReferenceException: Object reference not set to an instance of an object
  at BackGroundScrollScript.Update () [0x00018] in C:\Users\thhon\UnityFiles\TlimFinalProj2Dshooter\Assets\Scripts\BackGroundScrollScript.cs:26 

(Filename: Assets/Scripts/BackGroundScrollScript.cs Line: 26)

NullReferenceException: Object reference not set to an instance of an object
  at BackGroundScrollScript.Update () [0x00018] in C:\Users\thhon\UnityFiles\TlimFinalProj2Dshooter\Assets\Scripts\BackGroundScrollScript.cs:26 

(Filename: Assets/Scripts/BackGroundScrollScript.cs Line: 26)

NullReferenceException: Object reference not set to an instance of an object
  at BackGroundScrollScript.Update () [0x00018] in C:\Users\thhon\UnityFiles\TlimFinalProj2Dshooter\Assets\Scripts\BackGroundScrollScript.cs:26 

(Filename: Assets/Scripts/BackGroundScrollScript.cs Line: 26)

NullReferenceException: Object reference not set to an instance of an object
  at BackGroundScrollScript.Update () [0x00018] in C:\Users\thhon\UnityFiles\TlimFinalProj2Dshooter\Assets\Scripts\BackGroundScrollScript.cs:26 

(Filename: Assets/Scripts/BackGroundScrollScript.cs Line: 26)

NullReferenceException: Object reference not set to an instance of an object
  at BackGroundScrollScript.Update () [0x00018] in C:\Users\thhon\UnityFiles\TlimFinalProj2Dshooter\Assets\Scripts\BackGroundScrollScript.cs:26 

(Filename: Assets/Scripts/BackGroundScrollScript.cs Line: 26)

NullReferenceException: Object reference not set to an instance of an object
  at BackGroundScrollScript.Update () [0x00018] in C:\Users\thhon\UnityFiles\TlimFinalProj2Dshooter\Assets\Scripts\BackGroundScrollScript.cs:26 

(Filename: Assets/Scripts/BackGroundScrollScript.cs Line: 26)

NullReferenceException: Object reference not set to an instance of an object
  at BackGroundScrollScript.Update () [0x00018] in C:\Users\thhon\UnityFiles\TlimFinalProj2Dshooter\Assets\Scripts\BackGroundScrollScript.cs:26 

(Filename: Assets/Scripts/BackGroundScrollScript.cs Line: 26)

NullReferenceException: Object reference not set to an instance of an object
  at BackGroundScrollScript.Update () [0x00018] in C:\Users\thhon\UnityFiles\TlimFinalProj2Dshooter\Assets\Scripts\BackGroundScrollScript.cs:26 

(Filename: Assets/Scripts/BackGroundScrollScript.cs Line: 26)

NullReferenceException: Object reference not set to an instance of an object
  at BackGroundScrollScript.Update () [0x00018] in C:\Users\thhon\UnityFiles\TlimFinalProj2Dshooter\Assets\Scripts\BackGroundScrollScript.cs:26 

(Filename: Assets/Scripts/BackGroundScrollScript.cs Line: 26)

NullReferenceException: Object reference not set to an instance of an object
  at BackGroundScrollScript.Update () [0x00018] in C:\Users\thhon\UnityFiles\TlimFinalProj2Dshooter\Assets\Scripts\BackGroundScrollScript.cs:26 

(Filename: Assets/Scripts/BackGroundScrollScript.cs Line: 26)

NullReferenceException: Object reference not set to an instance of an object
  at BackGroundScrollScript.Update () [0x00018] in C:\Users\thhon\UnityFiles\TlimFinalProj2Dshooter\Assets\Scripts\BackGroundScrollScript.cs:26 

(Filename: Assets/Scripts/BackGroundScrollScript.cs Line: 26)

NullReferenceException: Object reference not set to an instance of an object
  at BackGroundScrollScript.Update () [0x00018] in C:\Users\thhon\UnityFiles\TlimFinalProj2Dshooter\Assets\Scripts\BackGroundScrollScript.cs:26 

(Filename: Assets/Scripts/BackGroundScrollScript.cs Line: 26)

NullReferenceException: Object reference not set to an instance of an object
  at BackGroundScrollScript.Update () [0x00018] in C:\Users\thhon\UnityFiles\TlimFinalProj2Dshooter\Assets\Scripts\BackGroundScrollScript.cs:26 

(Filename: Assets/Scripts/BackGroundScrollScript.cs Line: 26)

NullReferenceException: Object reference not set to an instance of an object
  at BackGroundScrollScript.Update () [0x00018] in C:\Users\thhon\UnityFiles\TlimFinalProj2Dshooter\Assets\Scripts\BackGroundScrollScript.cs:26 

(Filename: Assets/Scripts/BackGroundScrollScript.cs Line: 26)

NullReferenceException: Object reference not set to an instance of an object
  at BackGroundScrollScript.Update () [0x00018] in C:\Users\thhon\UnityFiles\TlimFinalProj2Dshooter\Assets\Scripts\BackGroundScrollScript.cs:26 

(Filename: Assets/Scripts/BackGroundScrollScript.cs Line: 26)

NullReferenceException: Object reference not set to an instance of an object
  at BackGroundScrollScript.Update () [0x00018] in C:\Users\thhon\UnityFiles\TlimFinalProj2Dshooter\Assets\Scripts\BackGroundScrollScript.cs:26 

(Filename: Assets/Scripts/BackGroundScrollScript.cs Line: 26)

NullReferenceException: Object reference not set to an instance of an object
  at BackGroundScrollScript.Update () [0x00018] in C:\Users\thhon\UnityFiles\TlimFinalProj2Dshooter\Assets\Scripts\BackGroundScrollScript.cs:26 

(Filename: Assets/Scripts/BackGroundScrollScript.cs Line: 26)

NullReferenceException: Object reference not set to an instance of an object
  at BackGroundScrollScript.Update () [0x00018] in C:\Users\thhon\UnityFiles\TlimFinalProj2Dshooter\Assets\Scripts\BackGroundScrollScript.cs:26 

(Filename: Assets/Scripts/BackGroundScrollScript.cs Line: 26)

NullReferenceException: Object reference not set to an instance of an object
  at BackGroundScrollScript.Update () [0x00018] in C:\Users\thhon\UnityFiles\TlimFinalProj2Dshooter\Assets\Scripts\BackGroundScrollScript.cs:26 

(Filename: Assets/Scripts/BackGroundScrollScript.cs Line: 26)

NullReferenceException: Object reference not set to an instance of an object
  at BackGroundScrollScript.Update () [0x00018] in C:\Users\thhon\UnityFiles\TlimFinalProj2Dshooter\Assets\Scripts\BackGroundScrollScript.cs:26 

(Filename: Assets/Scripts/BackGroundScrollScript.cs Line: 26)

NullReferenceException: Object reference not set to an instance of an object
  at BackGroundScrollScript.Update () [0x00018] in C:\Users\thhon\UnityFiles\TlimFinalProj2Dshooter\Assets\Scripts\BackGroundScrollScript.cs:26 

(Filename: Assets/Scripts/BackGroundScrollScript.cs Line: 26)

NullReferenceException: Object reference not set to an instance of an object
  at BackGroundScrollScript.Update () [0x00018] in C:\Users\thhon\UnityFiles\TlimFinalProj2Dshooter\Assets\Scripts\BackGroundScrollScript.cs:26 

(Filename: Assets/Scripts/BackGroundScrollScript.cs Line: 26)

NullReferenceException: Object reference not set to an instance of an object
  at BackGroundScrollScript.Update () [0x00018] in C:\Users\thhon\UnityFiles\TlimFinalProj2Dshooter\Assets\Scripts\BackGroundScrollScript.cs:26 

(Filename: Assets/Scripts/BackGroundScrollScript.cs Line: 26)

NullReferenceException: Object reference not set to an instance of an object
  at BackGroundScrollScript.Update () [0x00018] in C:\Users\thhon\UnityFiles\TlimFinalProj2Dshooter\Assets\Scripts\BackGroundScrollScript.cs:26 

(Filename: Assets/Scripts/BackGroundScrollScript.cs Line: 26)

NullReferenceException: Object reference not set to an instance of an object
  at BackGroundScrollScript.Update () [0x00018] in C:\Users\thhon\UnityFiles\TlimFinalProj2Dshooter\Assets\Scripts\BackGroundScrollScript.cs:26 

(Filename: Assets/Scripts/BackGroundScrollScript.cs Line: 26)

NullReferenceException: Object reference not set to an instance of an object
  at BackGroundScrollScript.Update () [0x00018] in C:\Users\thhon\UnityFiles\TlimFinalProj2Dshooter\Assets\Scripts\BackGroundScrollScript.cs:26 

(Filename: Assets/Scripts/BackGroundScrollScript.cs Line: 26)

NullReferenceException: Object reference not set to an instance of an object
  at BackGroundScrollScript.Update () [0x00018] in C:\Users\thhon\UnityFiles\TlimFinalProj2Dshooter\Assets\Scripts\BackGroundScrollScript.cs:26 

(Filename: Assets/Scripts/BackGroundScrollScript.cs Line: 26)

NullReferenceException: Object reference not set to an instance of an object
  at BackGroundScrollScript.Update () [0x00018] in C:\Users\thhon\UnityFiles\TlimFinalProj2Dshooter\Assets\Scripts\BackGroundScrollScript.cs:26 

(Filename: Assets/Scripts/BackGroundScrollScript.cs Line: 26)

NullReferenceException: Object reference not set to an instance of an object
  at BackGroundScrollScript.Update () [0x00018] in C:\Users\thhon\UnityFiles\TlimFinalProj2Dshooter\Assets\Scripts\BackGroundScrollScript.cs:26 

(Filename: Assets/Scripts/BackGroundScrollScript.cs Line: 26)

NullReferenceException: Object reference not set to an instance of an object
  at BackGroundScrollScript.Update () [0x00018] in C:\Users\thhon\UnityFiles\TlimFinalProj2Dshooter\Assets\Scripts\BackGroundScrollScript.cs:26 

(Filename: Assets/Scripts/BackGroundScrollScript.cs Line: 26)

NullReferenceException: Object reference not set to an instance of an object
  at BackGroundScrollScript.Update () [0x00018] in C:\Users\thhon\UnityFiles\TlimFinalProj2Dshooter\Assets\Scripts\BackGroundScrollScript.cs:26 

(Filename: Assets/Scripts/BackGroundScrollScript.cs Line: 26)

NullReferenceException: Object reference not set to an instance of an object
  at BackGroundScrollScript.Update () [0x00018] in C:\Users\thhon\UnityFiles\TlimFinalProj2Dshooter\Assets\Scripts\BackGroundScrollScript.cs:26 

(Filename: Assets/Scripts/BackGroundScrollScript.cs Line: 26)

NullReferenceException: Object reference not set to an instance of an object
  at BackGroundScrollScript.Update () [0x00018] in C:\Users\thhon\UnityFiles\TlimFinalProj2Dshooter\Assets\Scripts\BackGroundScrollScript.cs:26 

(Filename: Assets/Scripts/BackGroundScrollScript.cs Line: 26)

NullReferenceException: Object reference not set to an instance of an object
  at BackGroundScrollScript.Update () [0x00018] in C:\Users\thhon\UnityFiles\TlimFinalProj2Dshooter\Assets\Scripts\BackGroundScrollScript.cs:26 

(Filename: Assets/Scripts/BackGroundScrollScript.cs Line: 26)

NullReferenceException: Object reference not set to an instance of an object
  at BackGroundScrollScript.Update () [0x00018] in C:\Users\thhon\UnityFiles\TlimFinalProj2Dshooter\Assets\Scripts\BackGroundScrollScript.cs:26 

(Filename: Assets/Scripts/BackGroundScrollScript.cs Line: 26)

NullReferenceException: Object reference not set to an instance of an object
  at BackGroundScrollScript.Update () [0x00018] in C:\Users\thhon\UnityFiles\TlimFinalProj2Dshooter\Assets\Scripts\BackGroundScrollScript.cs:26 

(Filename: Assets/Scripts/BackGroundScrollScript.cs Line: 26)

NullReferenceException: Object reference not set to an instance of an object
  at BackGroundScrollScript.Update () [0x00018] in C:\Users\thhon\UnityFiles\TlimFinalProj2Dshooter\Assets\Scripts\BackGroundScrollScript.cs:26 

(Filename: Assets/Scripts/BackGroundScrollScript.cs Line: 26)

NullReferenceException: Object reference not set to an instance of an object
  at BackGroundScrollScript.Update () [0x00018] in C:\Users\thhon\UnityFiles\TlimFinalProj2Dshooter\Assets\Scripts\BackGroundScrollScript.cs:26 

(Filename: Assets/Scripts/BackGroundScrollScript.cs Line: 26)

NullReferenceException: Object reference not set to an instance of an object
  at BackGroundScrollScript.Update () [0x00018] in C:\Users\thhon\UnityFiles\TlimFinalProj2Dshooter\Assets\Scripts\BackGroundScrollScript.cs:26 

(Filename: Assets/Scripts/BackGroundScrollScript.cs Line: 26)

NullReferenceException: Object reference not set to an instance of an object
  at BackGroundScrollScript.Update () [0x00018] in C:\Users\thhon\UnityFiles\TlimFinalProj2Dshooter\Assets\Scripts\BackGroundScrollScript.cs:26 

(Filename: Assets/Scripts/BackGroundScrollScript.cs Line: 26)

NullReferenceException: Object reference not set to an instance of an object
  at BackGroundScrollScript.Update () [0x00018] in C:\Users\thhon\UnityFiles\TlimFinalProj2Dshooter\Assets\Scripts\BackGroundScrollScript.cs:26 

(Filename: Assets/Scripts/BackGroundScrollScript.cs Line: 26)

NullReferenceException: Object reference not set to an instance of an object
  at BackGroundScrollScript.Update () [0x00018] in C:\Users\thhon\UnityFiles\TlimFinalProj2Dshooter\Assets\Scripts\BackGroundScrollScript.cs:26 

(Filename: Assets/Scripts/BackGroundScrollScript.cs Line: 26)

NullReferenceException: Object reference not set to an instance of an object
  at BackGroundScrollScript.Update () [0x00018] in C:\Users\thhon\UnityFiles\TlimFinalProj2Dshooter\Assets\Scripts\BackGroundScrollScript.cs:26 

(Filename: Assets/Scripts/BackGroundScrollScript.cs Line: 26)

NullReferenceException: Object reference not set to an instance of an object
  at BackGroundScrollScript.Update () [0x00018] in C:\Users\thhon\UnityFiles\TlimFinalProj2Dshooter\Assets\Scripts\BackGroundScrollScript.cs:26 

(Filename: Assets/Scripts/BackGroundScrollScript.cs Line: 26)

NullReferenceException: Object reference not set to an instance of an object
  at BackGroundScrollScript.Update () [0x00018] in C:\Users\thhon\UnityFiles\TlimFinalProj2Dshooter\Assets\Scripts\BackGroundScrollScript.cs:26 

(Filename: Assets/Scripts/BackGroundScrollScript.cs Line: 26)

NullReferenceException: Object reference not set to an instance of an object
  at BackGroundScrollScript.Update () [0x00018] in C:\Users\thhon\UnityFiles\TlimFinalProj2Dshooter\Assets\Scripts\BackGroundScrollScript.cs:26 

(Filename: Assets/Scripts/BackGroundScrollScript.cs Line: 26)

NullReferenceException: Object reference not set to an instance of an object
  at BackGroundScrollScript.Update () [0x00018] in C:\Users\thhon\UnityFiles\TlimFinalProj2Dshooter\Assets\Scripts\BackGroundScrollScript.cs:26 

(Filename: Assets/Scripts/BackGroundScrollScript.cs Line: 26)

NullReferenceException: Object reference not set to an instance of an object
  at BackGroundScrollScript.Update () [0x00018] in C:\Users\thhon\UnityFiles\TlimFinalProj2Dshooter\Assets\Scripts\BackGroundScrollScript.cs:26 

(Filename: Assets/Scripts/BackGroundScrollScript.cs Line: 26)

NullReferenceException: Object reference not set to an instance of an object
  at BackGroundScrollScript.Update () [0x00018] in C:\Users\thhon\UnityFiles\TlimFinalProj2Dshooter\Assets\Scripts\BackGroundScrollScript.cs:26 

(Filename: Assets/Scripts/BackGroundScrollScript.cs Line: 26)

NullReferenceException: Object reference not set to an instance of an object
  at BackGroundScrollScript.Update () [0x00018] in C:\Users\thhon\UnityFiles\TlimFinalProj2Dshooter\Assets\Scripts\BackGroundScrollScript.cs:26 

(Filename: Assets/Scripts/BackGroundScrollScript.cs Line: 26)

NullReferenceException: Object reference not set to an instance of an object
  at BackGroundScrollScript.Update () [0x00018] in C:\Users\thhon\UnityFiles\TlimFinalProj2Dshooter\Assets\Scripts\BackGroundScrollScript.cs:26 

(Filename: Assets/Scripts/BackGroundScrollScript.cs Line: 26)

NullReferenceException: Object reference not set to an instance of an object
  at BackGroundScrollScript.Update () [0x00018] in C:\Users\thhon\UnityFiles\TlimFinalProj2Dshooter\Assets\Scripts\BackGroundScrollScript.cs:26 

(Filename: Assets/Scripts/BackGroundScrollScript.cs Line: 26)

NullReferenceException: Object reference not set to an instance of an object
  at BackGroundScrollScript.Update () [0x00018] in C:\Users\thhon\UnityFiles\TlimFinalProj2Dshooter\Assets\Scripts\BackGroundScrollScript.cs:26 

(Filename: Assets/Scripts/BackGroundScrollScript.cs Line: 26)

NullReferenceException: Object reference not set to an instance of an object
  at BackGroundScrollScript.Update () [0x00018] in C:\Users\thhon\UnityFiles\TlimFinalProj2Dshooter\Assets\Scripts\BackGroundScrollScript.cs:26 

(Filename: Assets/Scripts/BackGroundScrollScript.cs Line: 26)

NullReferenceException: Object reference not set to an instance of an object
  at BackGroundScrollScript.Update () [0x00018] in C:\Users\thhon\UnityFiles\TlimFinalProj2Dshooter\Assets\Scripts\BackGroundScrollScript.cs:26 

(Filename: Assets/Scripts/BackGroundScrollScript.cs Line: 26)

NullReferenceException: Object reference not set to an instance of an object
  at BackGroundScrollScript.Update () [0x00018] in C:\Users\thhon\UnityFiles\TlimFinalProj2Dshooter\Assets\Scripts\BackGroundScrollScript.cs:26 

(Filename: Assets/Scripts/BackGroundScrollScript.cs Line: 26)

NullReferenceException: Object reference not set to an instance of an object
  at BackGroundScrollScript.Update () [0x00018] in C:\Users\thhon\UnityFiles\TlimFinalProj2Dshooter\Assets\Scripts\BackGroundScrollScript.cs:26 

(Filename: Assets/Scripts/BackGroundScrollScript.cs Line: 26)

NullReferenceException: Object reference not set to an instance of an object
  at BackGroundScrollScript.Update () [0x00018] in C:\Users\thhon\UnityFiles\TlimFinalProj2Dshooter\Assets\Scripts\BackGroundScrollScript.cs:26 

(Filename: Assets/Scripts/BackGroundScrollScript.cs Line: 26)

NullReferenceException: Object reference not set to an instance of an object
  at BackGroundScrollScript.Update () [0x00018] in C:\Users\thhon\UnityFiles\TlimFinalProj2Dshooter\Assets\Scripts\BackGroundScrollScript.cs:26 

(Filename: Assets/Scripts/BackGroundScrollScript.cs Line: 26)

NullReferenceException: Object reference not set to an instance of an object
  at BackGroundScrollScript.Update () [0x00018] in C:\Users\thhon\UnityFiles\TlimFinalProj2Dshooter\Assets\Scripts\BackGroundScrollScript.cs:26 

(Filename: Assets/Scripts/BackGroundScrollScript.cs Line: 26)

NullReferenceException: Object reference not set to an instance of an object
  at BackGroundScrollScript.Update () [0x00018] in C:\Users\thhon\UnityFiles\TlimFinalProj2Dshooter\Assets\Scripts\BackGroundScrollScript.cs:26 

(Filename: Assets/Scripts/BackGroundScrollScript.cs Line: 26)

NullReferenceException: Object reference not set to an instance of an object
  at BackGroundScrollScript.Update () [0x00018] in C:\Users\thhon\UnityFiles\TlimFinalProj2Dshooter\Assets\Scripts\BackGroundScrollScript.cs:26 

(Filename: Assets/Scripts/BackGroundScrollScript.cs Line: 26)

NullReferenceException: Object reference not set to an instance of an object
  at BackGroundScrollScript.Update () [0x00018] in C:\Users\thhon\UnityFiles\TlimFinalProj2Dshooter\Assets\Scripts\BackGroundScrollScript.cs:26 

(Filename: Assets/Scripts/BackGroundScrollScript.cs Line: 26)

NullReferenceException: Object reference not set to an instance of an object
  at BackGroundScrollScript.Update () [0x00018] in C:\Users\thhon\UnityFiles\TlimFinalProj2Dshooter\Assets\Scripts\BackGroundScrollScript.cs:26 

(Filename: Assets/Scripts/BackGroundScrollScript.cs Line: 26)

NullReferenceException: Object reference not set to an instance of an object
  at BackGroundScrollScript.Update () [0x00018] in C:\Users\thhon\UnityFiles\TlimFinalProj2Dshooter\Assets\Scripts\BackGroundScrollScript.cs:26 

(Filename: Assets/Scripts/BackGroundScrollScript.cs Line: 26)

NullReferenceException: Object reference not set to an instance of an object
  at BackGroundScrollScript.Update () [0x00018] in C:\Users\thhon\UnityFiles\TlimFinalProj2Dshooter\Assets\Scripts\BackGroundScrollScript.cs:26 

(Filename: Assets/Scripts/BackGroundScrollScript.cs Line: 26)

NullReferenceException: Object reference not set to an instance of an object
  at BackGroundScrollScript.Update () [0x00018] in C:\Users\thhon\UnityFiles\TlimFinalProj2Dshooter\Assets\Scripts\BackGroundScrollScript.cs:26 

(Filename: Assets/Scripts/BackGroundScrollScript.cs Line: 26)

NullReferenceException: Object reference not set to an instance of an object
  at BackGroundScrollScript.Update () [0x00018] in C:\Users\thhon\UnityFiles\TlimFinalProj2Dshooter\Assets\Scripts\BackGroundScrollScript.cs:26 

(Filename: Assets/Scripts/BackGroundScrollScript.cs Line: 26)

NullReferenceException: Object reference not set to an instance of an object
  at BackGroundScrollScript.Update () [0x00018] in C:\Users\thhon\UnityFiles\TlimFinalProj2Dshooter\Assets\Scripts\BackGroundScrollScript.cs:26 

(Filename: Assets/Scripts/BackGroundScrollScript.cs Line: 26)

NullReferenceException: Object reference not set to an instance of an object
  at BackGroundScrollScript.Update () [0x00018] in C:\Users\thhon\UnityFiles\TlimFinalProj2Dshooter\Assets\Scripts\BackGroundScrollScript.cs:26 

(Filename: Assets/Scripts/BackGroundScrollScript.cs Line: 26)

NullReferenceException: Object reference not set to an instance of an object
  at BackGroundScrollScript.Update () [0x00018] in C:\Users\thhon\UnityFiles\TlimFinalProj2Dshooter\Assets\Scripts\BackGroundScrollScript.cs:26 

(Filename: Assets/Scripts/BackGroundScrollScript.cs Line: 26)

NullReferenceException: Object reference not set to an instance of an object
  at BackGroundScrollScript.Update () [0x00018] in C:\Users\thhon\UnityFiles\TlimFinalProj2Dshooter\Assets\Scripts\BackGroundScrollScript.cs:26 

(Filename: Assets/Scripts/BackGroundScrollScript.cs Line: 26)

NullReferenceException: Object reference not set to an instance of an object
  at BackGroundScrollScript.Update () [0x00018] in C:\Users\thhon\UnityFiles\TlimFinalProj2Dshooter\Assets\Scripts\BackGroundScrollScript.cs:26 

(Filename: Assets/Scripts/BackGroundScrollScript.cs Line: 26)

NullReferenceException: Object reference not set to an instance of an object
  at BackGroundScrollScript.Update () [0x00018] in C:\Users\thhon\UnityFiles\TlimFinalProj2Dshooter\Assets\Scripts\BackGroundScrollScript.cs:26 

(Filename: Assets/Scripts/BackGroundScrollScript.cs Line: 26)

NullReferenceException: Object reference not set to an instance of an object
  at BackGroundScrollScript.Update () [0x00018] in C:\Users\thhon\UnityFiles\TlimFinalProj2Dshooter\Assets\Scripts\BackGroundScrollScript.cs:26 

(Filename: Assets/Scripts/BackGroundScrollScript.cs Line: 26)

NullReferenceException: Object reference not set to an instance of an object
  at BackGroundScrollScript.Update () [0x00018] in C:\Users\thhon\UnityFiles\TlimFinalProj2Dshooter\Assets\Scripts\BackGroundScrollScript.cs:26 

(Filename: Assets/Scripts/BackGroundScrollScript.cs Line: 26)

NullReferenceException: Object reference not set to an instance of an object
  at BackGroundScrollScript.Update () [0x00018] in C:\Users\thhon\UnityFiles\TlimFinalProj2Dshooter\Assets\Scripts\BackGroundScrollScript.cs:26 

(Filename: Assets/Scripts/BackGroundScrollScript.cs Line: 26)

NullReferenceException: Object reference not set to an instance of an object
  at BackGroundScrollScript.Update () [0x00018] in C:\Users\thhon\UnityFiles\TlimFinalProj2Dshooter\Assets\Scripts\BackGroundScrollScript.cs:26 

(Filename: Assets/Scripts/BackGroundScrollScript.cs Line: 26)

NullReferenceException: Object reference not set to an instance of an object
  at BackGroundScrollScript.Update () [0x00018] in C:\Users\thhon\UnityFiles\TlimFinalProj2Dshooter\Assets\Scripts\BackGroundScrollScript.cs:26 

(Filename: Assets/Scripts/BackGroundScrollScript.cs Line: 26)

NullReferenceException: Object reference not set to an instance of an object
  at BackGroundScrollScript.Update () [0x00018] in C:\Users\thhon\UnityFiles\TlimFinalProj2Dshooter\Assets\Scripts\BackGroundScrollScript.cs:26 

(Filename: Assets/Scripts/BackGroundScrollScript.cs Line: 26)

NullReferenceException: Object reference not set to an instance of an object
  at BackGroundScrollScript.Update () [0x00018] in C:\Users\thhon\UnityFiles\TlimFinalProj2Dshooter\Assets\Scripts\BackGroundScrollScript.cs:26 

(Filename: Assets/Scripts/BackGroundScrollScript.cs Line: 26)

NullReferenceException: Object reference not set to an instance of an object
  at BackGroundScrollScript.Update () [0x00018] in C:\Users\thhon\UnityFiles\TlimFinalProj2Dshooter\Assets\Scripts\BackGroundScrollScript.cs:26 

(Filename: Assets/Scripts/BackGroundScrollScript.cs Line: 26)

NullReferenceException: Object reference not set to an instance of an object
  at BackGroundScrollScript.Update () [0x00018] in C:\Users\thhon\UnityFiles\TlimFinalProj2Dshooter\Assets\Scripts\BackGroundScrollScript.cs:26 

(Filename: Assets/Scripts/BackGroundScrollScript.cs Line: 26)

NullReferenceException: Object reference not set to an instance of an object
  at BackGroundScrollScript.Update () [0x00018] in C:\Users\thhon\UnityFiles\TlimFinalProj2Dshooter\Assets\Scripts\BackGroundScrollScript.cs:26 

(Filename: Assets/Scripts/BackGroundScrollScript.cs Line: 26)

NullReferenceException: Object reference not set to an instance of an object
  at BackGroundScrollScript.Update () [0x00018] in C:\Users\thhon\UnityFiles\TlimFinalProj2Dshooter\Assets\Scripts\BackGroundScrollScript.cs:26 

(Filename: Assets/Scripts/BackGroundScrollScript.cs Line: 26)

NullReferenceException: Object reference not set to an instance of an object
  at BackGroundScrollScript.Update () [0x00018] in C:\Users\thhon\UnityFiles\TlimFinalProj2Dshooter\Assets\Scripts\BackGroundScrollScript.cs:26 

(Filename: Assets/Scripts/BackGroundScrollScript.cs Line: 26)

NullReferenceException: Object reference not set to an instance of an object
  at BackGroundScrollScript.Update () [0x00018] in C:\Users\thhon\UnityFiles\TlimFinalProj2Dshooter\Assets\Scripts\BackGroundScrollScript.cs:26 

(Filename: Assets/Scripts/BackGroundScrollScript.cs Line: 26)

NullReferenceException: Object reference not set to an instance of an object
  at BackGroundScrollScript.Update () [0x00018] in C:\Users\thhon\UnityFiles\TlimFinalProj2Dshooter\Assets\Scripts\BackGroundScrollScript.cs:26 

(Filename: Assets/Scripts/BackGroundScrollScript.cs Line: 26)

NullReferenceException: Object reference not set to an instance of an object
  at BackGroundScrollScript.Update () [0x00018] in C:\Users\thhon\UnityFiles\TlimFinalProj2Dshooter\Assets\Scripts\BackGroundScrollScript.cs:26 

(Filename: Assets/Scripts/BackGroundScrollScript.cs Line: 26)

NullReferenceException: Object reference not set to an instance of an object
  at BackGroundScrollScript.Update () [0x00018] in C:\Users\thhon\UnityFiles\TlimFinalProj2Dshooter\Assets\Scripts\BackGroundScrollScript.cs:26 

(Filename: Assets/Scripts/BackGroundScrollScript.cs Line: 26)

NullReferenceException: Object reference not set to an instance of an object
  at BackGroundScrollScript.Update () [0x00018] in C:\Users\thhon\UnityFiles\TlimFinalProj2Dshooter\Assets\Scripts\BackGroundScrollScript.cs:26 

(Filename: Assets/Scripts/BackGroundScrollScript.cs Line: 26)

NullReferenceException: Object reference not set to an instance of an object
  at BackGroundScrollScript.Update () [0x00018] in C:\Users\thhon\UnityFiles\TlimFinalProj2Dshooter\Assets\Scripts\BackGroundScrollScript.cs:26 

(Filename: Assets/Scripts/BackGroundScrollScript.cs Line: 26)

NullReferenceException: Object reference not set to an instance of an object
  at BackGroundScrollScript.Update () [0x00018] in C:\Users\thhon\UnityFiles\TlimFinalProj2Dshooter\Assets\Scripts\BackGroundScrollScript.cs:26 

(Filename: Assets/Scripts/BackGroundScrollScript.cs Line: 26)

NullReferenceException: Object reference not set to an instance of an object
  at BackGroundScrollScript.Update () [0x00018] in C:\Users\thhon\UnityFiles\TlimFinalProj2Dshooter\Assets\Scripts\BackGroundScrollScript.cs:26 

(Filename: Assets/Scripts/BackGroundScrollScript.cs Line: 26)

NullReferenceException: Object reference not set to an instance of an object
  at BackGroundScrollScript.Update () [0x00018] in C:\Users\thhon\UnityFiles\TlimFinalProj2Dshooter\Assets\Scripts\BackGroundScrollScript.cs:26 

(Filename: Assets/Scripts/BackGroundScrollScript.cs Line: 26)

NullReferenceException: Object reference not set to an instance of an object
  at BackGroundScrollScript.Update () [0x00018] in C:\Users\thhon\UnityFiles\TlimFinalProj2Dshooter\Assets\Scripts\BackGroundScrollScript.cs:26 

(Filename: Assets/Scripts/BackGroundScrollScript.cs Line: 26)

NullReferenceException: Object reference not set to an instance of an object
  at BackGroundScrollScript.Update () [0x00018] in C:\Users\thhon\UnityFiles\TlimFinalProj2Dshooter\Assets\Scripts\BackGroundScrollScript.cs:26 

(Filename: Assets/Scripts/BackGroundScrollScript.cs Line: 26)

NullReferenceException: Object reference not set to an instance of an object
  at BackGroundScrollScript.Update () [0x00018] in C:\Users\thhon\UnityFiles\TlimFinalProj2Dshooter\Assets\Scripts\BackGroundScrollScript.cs:26 

(Filename: Assets/Scripts/BackGroundScrollScript.cs Line: 26)

NullReferenceException: Object reference not set to an instance of an object
  at BackGroundScrollScript.Update () [0x00018] in C:\Users\thhon\UnityFiles\TlimFinalProj2Dshooter\Assets\Scripts\BackGroundScrollScript.cs:26 

(Filename: Assets/Scripts/BackGroundScrollScript.cs Line: 26)

NullReferenceException: Object reference not set to an instance of an object
  at BackGroundScrollScript.Update () [0x00018] in C:\Users\thhon\UnityFiles\TlimFinalProj2Dshooter\Assets\Scripts\BackGroundScrollScript.cs:26 

(Filename: Assets/Scripts/BackGroundScrollScript.cs Line: 26)

NullReferenceException: Object reference not set to an instance of an object
  at BackGroundScrollScript.Update () [0x00018] in C:\Users\thhon\UnityFiles\TlimFinalProj2Dshooter\Assets\Scripts\BackGroundScrollScript.cs:26 

(Filename: Assets/Scripts/BackGroundScrollScript.cs Line: 26)

NullReferenceException: Object reference not set to an instance of an object
  at BackGroundScrollScript.Update () [0x00018] in C:\Users\thhon\UnityFiles\TlimFinalProj2Dshooter\Assets\Scripts\BackGroundScrollScript.cs:26 

(Filename: Assets/Scripts/BackGroundScrollScript.cs Line: 26)

NullReferenceException: Object reference not set to an instance of an object
  at BackGroundScrollScript.Update () [0x00018] in C:\Users\thhon\UnityFiles\TlimFinalProj2Dshooter\Assets\Scripts\BackGroundScrollScript.cs:26 

(Filename: Assets/Scripts/BackGroundScrollScript.cs Line: 26)

NullReferenceException: Object reference not set to an instance of an object
  at BackGroundScrollScript.Update () [0x00018] in C:\Users\thhon\UnityFiles\TlimFinalProj2Dshooter\Assets\Scripts\BackGroundScrollScript.cs:26 

(Filename: Assets/Scripts/BackGroundScrollScript.cs Line: 26)

NullReferenceException: Object reference not set to an instance of an object
  at BackGroundScrollScript.Update () [0x00018] in C:\Users\thhon\UnityFiles\TlimFinalProj2Dshooter\Assets\Scripts\BackGroundScrollScript.cs:26 

(Filename: Assets/Scripts/BackGroundScrollScript.cs Line: 26)

NullReferenceException: Object reference not set to an instance of an object
  at BackGroundScrollScript.Update () [0x00018] in C:\Users\thhon\UnityFiles\TlimFinalProj2Dshooter\Assets\Scripts\BackGroundScrollScript.cs:26 

(Filename: Assets/Scripts/BackGroundScrollScript.cs Line: 26)

NullReferenceException: Object reference not set to an instance of an object
  at BackGroundScrollScript.Update () [0x00018] in C:\Users\thhon\UnityFiles\TlimFinalProj2Dshooter\Assets\Scripts\BackGroundScrollScript.cs:26 

(Filename: Assets/Scripts/BackGroundScrollScript.cs Line: 26)

NullReferenceException: Object reference not set to an instance of an object
  at BackGroundScrollScript.Update () [0x00018] in C:\Users\thhon\UnityFiles\TlimFinalProj2Dshooter\Assets\Scripts\BackGroundScrollScript.cs:26 

(Filename: Assets/Scripts/BackGroundScrollScript.cs Line: 26)

NullReferenceException: Object reference not set to an instance of an object
  at BackGroundScrollScript.Update () [0x00018] in C:\Users\thhon\UnityFiles\TlimFinalProj2Dshooter\Assets\Scripts\BackGroundScrollScript.cs:26 

(Filename: Assets/Scripts/BackGroundScrollScript.cs Line: 26)

NullReferenceException: Object reference not set to an instance of an object
  at BackGroundScrollScript.Update () [0x00018] in C:\Users\thhon\UnityFiles\TlimFinalProj2Dshooter\Assets\Scripts\BackGroundScrollScript.cs:26 

(Filename: Assets/Scripts/BackGroundScrollScript.cs Line: 26)

NullReferenceException: Object reference not set to an instance of an object
  at BackGroundScrollScript.Update () [0x00018] in C:\Users\thhon\UnityFiles\TlimFinalProj2Dshooter\Assets\Scripts\BackGroundScrollScript.cs:26 

(Filename: Assets/Scripts/BackGroundScrollScript.cs Line: 26)

NullReferenceException: Object reference not set to an instance of an object
  at BackGroundScrollScript.Update () [0x00018] in C:\Users\thhon\UnityFiles\TlimFinalProj2Dshooter\Assets\Scripts\BackGroundScrollScript.cs:26 

(Filename: Assets/Scripts/BackGroundScrollScript.cs Line: 26)

NullReferenceException: Object reference not set to an instance of an object
  at BackGroundScrollScript.Update () [0x00018] in C:\Users\thhon\UnityFiles\TlimFinalProj2Dshooter\Assets\Scripts\BackGroundScrollScript.cs:26 

(Filename: Assets/Scripts/BackGroundScrollScript.cs Line: 26)

NullReferenceException: Object reference not set to an instance of an object
  at BackGroundScrollScript.Update () [0x00018] in C:\Users\thhon\UnityFiles\TlimFinalProj2Dshooter\Assets\Scripts\BackGroundScrollScript.cs:26 

(Filename: Assets/Scripts/BackGroundScrollScript.cs Line: 26)

NullReferenceException: Object reference not set to an instance of an object
  at BackGroundScrollScript.Update () [0x00018] in C:\Users\thhon\UnityFiles\TlimFinalProj2Dshooter\Assets\Scripts\BackGroundScrollScript.cs:26 

(Filename: Assets/Scripts/BackGroundScrollScript.cs Line: 26)

NullReferenceException: Object reference not set to an instance of an object
  at BackGroundScrollScript.Update () [0x00018] in C:\Users\thhon\UnityFiles\TlimFinalProj2Dshooter\Assets\Scripts\BackGroundScrollScript.cs:26 

(Filename: Assets/Scripts/BackGroundScrollScript.cs Line: 26)

NullReferenceException: Object reference not set to an instance of an object
  at BackGroundScrollScript.Update () [0x00018] in C:\Users\thhon\UnityFiles\TlimFinalProj2Dshooter\Assets\Scripts\BackGroundScrollScript.cs:26 

(Filename: Assets/Scripts/BackGroundScrollScript.cs Line: 26)

NullReferenceException: Object reference not set to an instance of an object
  at BackGroundScrollScript.Update () [0x00018] in C:\Users\thhon\UnityFiles\TlimFinalProj2Dshooter\Assets\Scripts\BackGroundScrollScript.cs:26 

(Filename: Assets/Scripts/BackGroundScrollScript.cs Line: 26)

NullReferenceException: Object reference not set to an instance of an object
  at BackGroundScrollScript.Update () [0x00018] in C:\Users\thhon\UnityFiles\TlimFinalProj2Dshooter\Assets\Scripts\BackGroundScrollScript.cs:26 

(Filename: Assets/Scripts/BackGroundScrollScript.cs Line: 26)

NullReferenceException: Object reference not set to an instance of an object
  at BackGroundScrollScript.Update () [0x00018] in C:\Users\thhon\UnityFiles\TlimFinalProj2Dshooter\Assets\Scripts\BackGroundScrollScript.cs:26 

(Filename: Assets/Scripts/BackGroundScrollScript.cs Line: 26)

NullReferenceException: Object reference not set to an instance of an object
  at BackGroundScrollScript.Update () [0x00018] in C:\Users\thhon\UnityFiles\TlimFinalProj2Dshooter\Assets\Scripts\BackGroundScrollScript.cs:26 

(Filename: Assets/Scripts/BackGroundScrollScript.cs Line: 26)

NullReferenceException: Object reference not set to an instance of an object
  at BackGroundScrollScript.Update () [0x00018] in C:\Users\thhon\UnityFiles\TlimFinalProj2Dshooter\Assets\Scripts\BackGroundScrollScript.cs:26 

(Filename: Assets/Scripts/BackGroundScrollScript.cs Line: 26)

NullReferenceException: Object reference not set to an instance of an object
  at BackGroundScrollScript.Update () [0x00018] in C:\Users\thhon\UnityFiles\TlimFinalProj2Dshooter\Assets\Scripts\BackGroundScrollScript.cs:26 

(Filename: Assets/Scripts/BackGroundScrollScript.cs Line: 26)

NullReferenceException: Object reference not set to an instance of an object
  at BackGroundScrollScript.Update () [0x00018] in C:\Users\thhon\UnityFiles\TlimFinalProj2Dshooter\Assets\Scripts\BackGroundScrollScript.cs:26 

(Filename: Assets/Scripts/BackGroundScrollScript.cs Line: 26)

NullReferenceException: Object reference not set to an instance of an object
  at BackGroundScrollScript.Update () [0x00018] in C:\Users\thhon\UnityFiles\TlimFinalProj2Dshooter\Assets\Scripts\BackGroundScrollScript.cs:26 

(Filename: Assets/Scripts/BackGroundScrollScript.cs Line: 26)

NullReferenceException: Object reference not set to an instance of an object
  at BackGroundScrollScript.Update () [0x00018] in C:\Users\thhon\UnityFiles\TlimFinalProj2Dshooter\Assets\Scripts\BackGroundScrollScript.cs:26 

(Filename: Assets/Scripts/BackGroundScrollScript.cs Line: 26)

NullReferenceException: Object reference not set to an instance of an object
  at BackGroundScrollScript.Update () [0x00018] in C:\Users\thhon\UnityFiles\TlimFinalProj2Dshooter\Assets\Scripts\BackGroundScrollScript.cs:26 

(Filename: Assets/Scripts/BackGroundScrollScript.cs Line: 26)

NullReferenceException: Object reference not set to an instance of an object
  at BackGroundScrollScript.Update () [0x00018] in C:\Users\thhon\UnityFiles\TlimFinalProj2Dshooter\Assets\Scripts\BackGroundScrollScript.cs:26 

(Filename: Assets/Scripts/BackGroundScrollScript.cs Line: 26)

NullReferenceException: Object reference not set to an instance of an object
  at BackGroundScrollScript.Update () [0x00018] in C:\Users\thhon\UnityFiles\TlimFinalProj2Dshooter\Assets\Scripts\BackGroundScrollScript.cs:26 

(Filename: Assets/Scripts/BackGroundScrollScript.cs Line: 26)

NullReferenceException: Object reference not set to an instance of an object
  at BackGroundScrollScript.Update () [0x00018] in C:\Users\thhon\UnityFiles\TlimFinalProj2Dshooter\Assets\Scripts\BackGroundScrollScript.cs:26 

(Filename: Assets/Scripts/BackGroundScrollScript.cs Line: 26)

NullReferenceException: Object reference not set to an instance of an object
  at BackGroundScrollScript.Update () [0x00018] in C:\Users\thhon\UnityFiles\TlimFinalProj2Dshooter\Assets\Scripts\BackGroundScrollScript.cs:26 

(Filename: Assets/Scripts/BackGroundScrollScript.cs Line: 26)

NullReferenceException: Object reference not set to an instance of an object
  at BackGroundScrollScript.Update () [0x00018] in C:\Users\thhon\UnityFiles\TlimFinalProj2Dshooter\Assets\Scripts\BackGroundScrollScript.cs:26 

(Filename: Assets/Scripts/BackGroundScrollScript.cs Line: 26)

NullReferenceException: Object reference not set to an instance of an object
  at BackGroundScrollScript.Update () [0x00018] in C:\Users\thhon\UnityFiles\TlimFinalProj2Dshooter\Assets\Scripts\BackGroundScrollScript.cs:26 

(Filename: Assets/Scripts/BackGroundScrollScript.cs Line: 26)

NullReferenceException: Object reference not set to an instance of an object
  at BackGroundScrollScript.Update () [0x00018] in C:\Users\thhon\UnityFiles\TlimFinalProj2Dshooter\Assets\Scripts\BackGroundScrollScript.cs:26 

(Filename: Assets/Scripts/BackGroundScrollScript.cs Line: 26)

NullReferenceException: Object reference not set to an instance of an object
  at BackGroundScrollScript.Update () [0x00018] in C:\Users\thhon\UnityFiles\TlimFinalProj2Dshooter\Assets\Scripts\BackGroundScrollScript.cs:26 

(Filename: Assets/Scripts/BackGroundScrollScript.cs Line: 26)

NullReferenceException: Object reference not set to an instance of an object
  at BackGroundScrollScript.Update () [0x00018] in C:\Users\thhon\UnityFiles\TlimFinalProj2Dshooter\Assets\Scripts\BackGroundScrollScript.cs:26 

(Filename: Assets/Scripts/BackGroundScrollScript.cs Line: 26)

NullReferenceException: Object reference not set to an instance of an object
  at BackGroundScrollScript.Update () [0x00018] in C:\Users\thhon\UnityFiles\TlimFinalProj2Dshooter\Assets\Scripts\BackGroundScrollScript.cs:26 

(Filename: Assets/Scripts/BackGroundScrollScript.cs Line: 26)

NullReferenceException: Object reference not set to an instance of an object
  at BackGroundScrollScript.Update () [0x00018] in C:\Users\thhon\UnityFiles\TlimFinalProj2Dshooter\Assets\Scripts\BackGroundScrollScript.cs:26 

(Filename: Assets/Scripts/BackGroundScrollScript.cs Line: 26)

NullReferenceException: Object reference not set to an instance of an object
  at BackGroundScrollScript.Update () [0x00018] in C:\Users\thhon\UnityFiles\TlimFinalProj2Dshooter\Assets\Scripts\BackGroundScrollScript.cs:26 

(Filename: Assets/Scripts/BackGroundScrollScript.cs Line: 26)

NullReferenceException: Object reference not set to an instance of an object
  at BackGroundScrollScript.Update () [0x00018] in C:\Users\thhon\UnityFiles\TlimFinalProj2Dshooter\Assets\Scripts\BackGroundScrollScript.cs:26 

(Filename: Assets/Scripts/BackGroundScrollScript.cs Line: 26)

NullReferenceException: Object reference not set to an instance of an object
  at BackGroundScrollScript.Update () [0x00018] in C:\Users\thhon\UnityFiles\TlimFinalProj2Dshooter\Assets\Scripts\BackGroundScrollScript.cs:26 

(Filename: Assets/Scripts/BackGroundScrollScript.cs Line: 26)

NullReferenceException: Object reference not set to an instance of an object
  at BackGroundScrollScript.Update () [0x00018] in C:\Users\thhon\UnityFiles\TlimFinalProj2Dshooter\Assets\Scripts\BackGroundScrollScript.cs:26 

(Filename: Assets/Scripts/BackGroundScrollScript.cs Line: 26)

NullReferenceException: Object reference not set to an instance of an object
  at BackGroundScrollScript.Update () [0x00018] in C:\Users\thhon\UnityFiles\TlimFinalProj2Dshooter\Assets\Scripts\BackGroundScrollScript.cs:26 

(Filename: Assets/Scripts/BackGroundScrollScript.cs Line: 26)

NullReferenceException: Object reference not set to an instance of an object
  at BackGroundScrollScript.Update () [0x00018] in C:\Users\thhon\UnityFiles\TlimFinalProj2Dshooter\Assets\Scripts\BackGroundScrollScript.cs:26 

(Filename: Assets/Scripts/BackGroundScrollScript.cs Line: 26)

NullReferenceException: Object reference not set to an instance of an object
  at BackGroundScrollScript.Update () [0x00018] in C:\Users\thhon\UnityFiles\TlimFinalProj2Dshooter\Assets\Scripts\BackGroundScrollScript.cs:26 

(Filename: Assets/Scripts/BackGroundScrollScript.cs Line: 26)

NullReferenceException: Object reference not set to an instance of an object
  at BackGroundScrollScript.Update () [0x00018] in C:\Users\thhon\UnityFiles\TlimFinalProj2Dshooter\Assets\Scripts\BackGroundScrollScript.cs:26 

(Filename: Assets/Scripts/BackGroundScrollScript.cs Line: 26)

NullReferenceException: Object reference not set to an instance of an object
  at BackGroundScrollScript.Update () [0x00018] in C:\Users\thhon\UnityFiles\TlimFinalProj2Dshooter\Assets\Scripts\BackGroundScrollScript.cs:26 

(Filename: Assets/Scripts/BackGroundScrollScript.cs Line: 26)

NullReferenceException: Object reference not set to an instance of an object
  at BackGroundScrollScript.Update () [0x00018] in C:\Users\thhon\UnityFiles\TlimFinalProj2Dshooter\Assets\Scripts\BackGroundScrollScript.cs:26 

(Filename: Assets/Scripts/BackGroundScrollScript.cs Line: 26)

NullReferenceException: Object reference not set to an instance of an object
  at BackGroundScrollScript.Update () [0x00018] in C:\Users\thhon\UnityFiles\TlimFinalProj2Dshooter\Assets\Scripts\BackGroundScrollScript.cs:26 

(Filename: Assets/Scripts/BackGroundScrollScript.cs Line: 26)

NullReferenceException: Object reference not set to an instance of an object
  at BackGroundScrollScript.Update () [0x00018] in C:\Users\thhon\UnityFiles\TlimFinalProj2Dshooter\Assets\Scripts\BackGroundScrollScript.cs:26 

(Filename: Assets/Scripts/BackGroundScrollScript.cs Line: 26)

NullReferenceException: Object reference not set to an instance of an object
  at BackGroundScrollScript.Update () [0x00018] in C:\Users\thhon\UnityFiles\TlimFinalProj2Dshooter\Assets\Scripts\BackGroundScrollScript.cs:26 

(Filename: Assets/Scripts/BackGroundScrollScript.cs Line: 26)

NullReferenceException: Object reference not set to an instance of an object
  at BackGroundScrollScript.Update () [0x00018] in C:\Users\thhon\UnityFiles\TlimFinalProj2Dshooter\Assets\Scripts\BackGroundScrollScript.cs:26 

(Filename: Assets/Scripts/BackGroundScrollScript.cs Line: 26)

NullReferenceException: Object reference not set to an instance of an object
  at BackGroundScrollScript.Update () [0x00018] in C:\Users\thhon\UnityFiles\TlimFinalProj2Dshooter\Assets\Scripts\BackGroundScrollScript.cs:26 

(Filename: Assets/Scripts/BackGroundScrollScript.cs Line: 26)

NullReferenceException: Object reference not set to an instance of an object
  at BackGroundScrollScript.Update () [0x00018] in C:\Users\thhon\UnityFiles\TlimFinalProj2Dshooter\Assets\Scripts\BackGroundScrollScript.cs:26 

(Filename: Assets/Scripts/BackGroundScrollScript.cs Line: 26)

NullReferenceException: Object reference not set to an instance of an object
  at BackGroundScrollScript.Update () [0x00018] in C:\Users\thhon\UnityFiles\TlimFinalProj2Dshooter\Assets\Scripts\BackGroundScrollScript.cs:26 

(Filename: Assets/Scripts/BackGroundScrollScript.cs Line: 26)

NullReferenceException: Object reference not set to an instance of an object
  at BackGroundScrollScript.Update () [0x00018] in C:\Users\thhon\UnityFiles\TlimFinalProj2Dshooter\Assets\Scripts\BackGroundScrollScript.cs:26 

(Filename: Assets/Scripts/BackGroundScrollScript.cs Line: 26)

NullReferenceException: Object reference not set to an instance of an object
  at BackGroundScrollScript.Update () [0x00018] in C:\Users\thhon\UnityFiles\TlimFinalProj2Dshooter\Assets\Scripts\BackGroundScrollScript.cs:26 

(Filename: Assets/Scripts/BackGroundScrollScript.cs Line: 26)

NullReferenceException: Object reference not set to an instance of an object
  at BackGroundScrollScript.Update () [0x00018] in C:\Users\thhon\UnityFiles\TlimFinalProj2Dshooter\Assets\Scripts\BackGroundScrollScript.cs:26 

(Filename: Assets/Scripts/BackGroundScrollScript.cs Line: 26)

NullReferenceException: Object reference not set to an instance of an object
  at BackGroundScrollScript.Update () [0x00018] in C:\Users\thhon\UnityFiles\TlimFinalProj2Dshooter\Assets\Scripts\BackGroundScrollScript.cs:26 

(Filename: Assets/Scripts/BackGroundScrollScript.cs Line: 26)

NullReferenceException: Object reference not set to an instance of an object
  at BackGroundScrollScript.Update () [0x00018] in C:\Users\thhon\UnityFiles\TlimFinalProj2Dshooter\Assets\Scripts\BackGroundScrollScript.cs:26 

(Filename: Assets/Scripts/BackGroundScrollScript.cs Line: 26)

NullReferenceException: Object reference not set to an instance of an object
  at BackGroundScrollScript.Update () [0x00018] in C:\Users\thhon\UnityFiles\TlimFinalProj2Dshooter\Assets\Scripts\BackGroundScrollScript.cs:26 

(Filename: Assets/Scripts/BackGroundScrollScript.cs Line: 26)

NullReferenceException: Object reference not set to an instance of an object
  at BackGroundScrollScript.Update () [0x00018] in C:\Users\thhon\UnityFiles\TlimFinalProj2Dshooter\Assets\Scripts\BackGroundScrollScript.cs:26 

(Filename: Assets/Scripts/BackGroundScrollScript.cs Line: 26)

NullReferenceException: Object reference not set to an instance of an object
  at BackGroundScrollScript.Update () [0x00018] in C:\Users\thhon\UnityFiles\TlimFinalProj2Dshooter\Assets\Scripts\BackGroundScrollScript.cs:26 

(Filename: Assets/Scripts/BackGroundScrollScript.cs Line: 26)

NullReferenceException: Object reference not set to an instance of an object
  at BackGroundScrollScript.Update () [0x00018] in C:\Users\thhon\UnityFiles\TlimFinalProj2Dshooter\Assets\Scripts\BackGroundScrollScript.cs:26 

(Filename: Assets/Scripts/BackGroundScrollScript.cs Line: 26)

NullReferenceException: Object reference not set to an instance of an object
  at BackGroundScrollScript.Update () [0x00018] in C:\Users\thhon\UnityFiles\TlimFinalProj2Dshooter\Assets\Scripts\BackGroundScrollScript.cs:26 

(Filename: Assets/Scripts/BackGroundScrollScript.cs Line: 26)

NullReferenceException: Object reference not set to an instance of an object
  at BackGroundScrollScript.Update () [0x00018] in C:\Users\thhon\UnityFiles\TlimFinalProj2Dshooter\Assets\Scripts\BackGroundScrollScript.cs:26 

(Filename: Assets/Scripts/BackGroundScrollScript.cs Line: 26)

NullReferenceException: Object reference not set to an instance of an object
  at BackGroundScrollScript.Update () [0x00018] in C:\Users\thhon\UnityFiles\TlimFinalProj2Dshooter\Assets\Scripts\BackGroundScrollScript.cs:26 

(Filename: Assets/Scripts/BackGroundScrollScript.cs Line: 26)

NullReferenceException: Object reference not set to an instance of an object
  at BackGroundScrollScript.Update () [0x00018] in C:\Users\thhon\UnityFiles\TlimFinalProj2Dshooter\Assets\Scripts\BackGroundScrollScript.cs:26 

(Filename: Assets/Scripts/BackGroundScrollScript.cs Line: 26)

NullReferenceException: Object reference not set to an instance of an object
  at BackGroundScrollScript.Update () [0x00018] in C:\Users\thhon\UnityFiles\TlimFinalProj2Dshooter\Assets\Scripts\BackGroundScrollScript.cs:26 

(Filename: Assets/Scripts/BackGroundScrollScript.cs Line: 26)

NullReferenceException: Object reference not set to an instance of an object
  at BackGroundScrollScript.Update () [0x00018] in C:\Users\thhon\UnityFiles\TlimFinalProj2Dshooter\Assets\Scripts\BackGroundScrollScript.cs:26 

(Filename: Assets/Scripts/BackGroundScrollScript.cs Line: 26)

NullReferenceException: Object reference not set to an instance of an object
  at BackGroundScrollScript.Update () [0x00018] in C:\Users\thhon\UnityFiles\TlimFinalProj2Dshooter\Assets\Scripts\BackGroundScrollScript.cs:26 

(Filename: Assets/Scripts/BackGroundScrollScript.cs Line: 26)

NullReferenceException: Object reference not set to an instance of an object
  at BackGroundScrollScript.Update () [0x00018] in C:\Users\thhon\UnityFiles\TlimFinalProj2Dshooter\Assets\Scripts\BackGroundScrollScript.cs:26 

(Filename: Assets/Scripts/BackGroundScrollScript.cs Line: 26)

NullReferenceException: Object reference not set to an instance of an object
  at BackGroundScrollScript.Update () [0x00018] in C:\Users\thhon\UnityFiles\TlimFinalProj2Dshooter\Assets\Scripts\BackGroundScrollScript.cs:26 

(Filename: Assets/Scripts/BackGroundScrollScript.cs Line: 26)

NullReferenceException: Object reference not set to an instance of an object
  at BackGroundScrollScript.Update () [0x00018] in C:\Users\thhon\UnityFiles\TlimFinalProj2Dshooter\Assets\Scripts\BackGroundScrollScript.cs:26 

(Filename: Assets/Scripts/BackGroundScrollScript.cs Line: 26)

NullReferenceException: Object reference not set to an instance of an object
  at BackGroundScrollScript.Update () [0x00018] in C:\Users\thhon\UnityFiles\TlimFinalProj2Dshooter\Assets\Scripts\BackGroundScrollScript.cs:26 

(Filename: Assets/Scripts/BackGroundScrollScript.cs Line: 26)

NullReferenceException: Object reference not set to an instance of an object
  at BackGroundScrollScript.Update () [0x00018] in C:\Users\thhon\UnityFiles\TlimFinalProj2Dshooter\Assets\Scripts\BackGroundScrollScript.cs:26 

(Filename: Assets/Scripts/BackGroundScrollScript.cs Line: 26)

NullReferenceException: Object reference not set to an instance of an object
  at BackGroundScrollScript.Update () [0x00018] in C:\Users\thhon\UnityFiles\TlimFinalProj2Dshooter\Assets\Scripts\BackGroundScrollScript.cs:26 

(Filename: Assets/Scripts/BackGroundScrollScript.cs Line: 26)

NullReferenceException: Object reference not set to an instance of an object
  at BackGroundScrollScript.Update () [0x00018] in C:\Users\thhon\UnityFiles\TlimFinalProj2Dshooter\Assets\Scripts\BackGroundScrollScript.cs:26 

(Filename: Assets/Scripts/BackGroundScrollScript.cs Line: 26)

NullReferenceException: Object reference not set to an instance of an object
  at BackGroundScrollScript.Update () [0x00018] in C:\Users\thhon\UnityFiles\TlimFinalProj2Dshooter\Assets\Scripts\BackGroundScrollScript.cs:26 

(Filename: Assets/Scripts/BackGroundScrollScript.cs Line: 26)

NullReferenceException: Object reference not set to an instance of an object
  at BackGroundScrollScript.Update () [0x00018] in C:\Users\thhon\UnityFiles\TlimFinalProj2Dshooter\Assets\Scripts\BackGroundScrollScript.cs:26 

(Filename: Assets/Scripts/BackGroundScrollScript.cs Line: 26)

NullReferenceException: Object reference not set to an instance of an object
  at BackGroundScrollScript.Update () [0x00018] in C:\Users\thhon\UnityFiles\TlimFinalProj2Dshooter\Assets\Scripts\BackGroundScrollScript.cs:26 

(Filename: Assets/Scripts/BackGroundScrollScript.cs Line: 26)

NullReferenceException: Object reference not set to an instance of an object
  at BackGroundScrollScript.Update () [0x00018] in C:\Users\thhon\UnityFiles\TlimFinalProj2Dshooter\Assets\Scripts\BackGroundScrollScript.cs:26 

(Filename: Assets/Scripts/BackGroundScrollScript.cs Line: 26)

NullReferenceException: Object reference not set to an instance of an object
  at BackGroundScrollScript.Update () [0x00018] in C:\Users\thhon\UnityFiles\TlimFinalProj2Dshooter\Assets\Scripts\BackGroundScrollScript.cs:26 

(Filename: Assets/Scripts/BackGroundScrollScript.cs Line: 26)

NullReferenceException: Object reference not set to an instance of an object
  at BackGroundScrollScript.Update () [0x00018] in C:\Users\thhon\UnityFiles\TlimFinalProj2Dshooter\Assets\Scripts\BackGroundScrollScript.cs:26 

(Filename: Assets/Scripts/BackGroundScrollScript.cs Line: 26)

NullReferenceException: Object reference not set to an instance of an object
  at BackGroundScrollScript.Update () [0x00018] in C:\Users\thhon\UnityFiles\TlimFinalProj2Dshooter\Assets\Scripts\BackGroundScrollScript.cs:26 

(Filename: Assets/Scripts/BackGroundScrollScript.cs Line: 26)

NullReferenceException: Object reference not set to an instance of an object
  at BackGroundScrollScript.Update () [0x00018] in C:\Users\thhon\UnityFiles\TlimFinalProj2Dshooter\Assets\Scripts\BackGroundScrollScript.cs:26 

(Filename: Assets/Scripts/BackGroundScrollScript.cs Line: 26)

NullReferenceException: Object reference not set to an instance of an object
  at BackGroundScrollScript.Update () [0x00018] in C:\Users\thhon\UnityFiles\TlimFinalProj2Dshooter\Assets\Scripts\BackGroundScrollScript.cs:26 

(Filename: Assets/Scripts/BackGroundScrollScript.cs Line: 26)

NullReferenceException: Object reference not set to an instance of an object
  at BackGroundScrollScript.Update () [0x00018] in C:\Users\thhon\UnityFiles\TlimFinalProj2Dshooter\Assets\Scripts\BackGroundScrollScript.cs:26 

(Filename: Assets/Scripts/BackGroundScrollScript.cs Line: 26)

NullReferenceException: Object reference not set to an instance of an object
  at BackGroundScrollScript.Update () [0x00018] in C:\Users\thhon\UnityFiles\TlimFinalProj2Dshooter\Assets\Scripts\BackGroundScrollScript.cs:26 

(Filename: Assets/Scripts/BackGroundScrollScript.cs Line: 26)

NullReferenceException: Object reference not set to an instance of an object
  at BackGroundScrollScript.Update () [0x00018] in C:\Users\thhon\UnityFiles\TlimFinalProj2Dshooter\Assets\Scripts\BackGroundScrollScript.cs:26 

(Filename: Assets/Scripts/BackGroundScrollScript.cs Line: 26)

NullReferenceException: Object reference not set to an instance of an object
  at BackGroundScrollScript.Update () [0x00018] in C:\Users\thhon\UnityFiles\TlimFinalProj2Dshooter\Assets\Scripts\BackGroundScrollScript.cs:26 

(Filename: Assets/Scripts/BackGroundScrollScript.cs Line: 26)

NullReferenceException: Object reference not set to an instance of an object
  at BackGroundScrollScript.Update () [0x00018] in C:\Users\thhon\UnityFiles\TlimFinalProj2Dshooter\Assets\Scripts\BackGroundScrollScript.cs:26 

(Filename: Assets/Scripts/BackGroundScrollScript.cs Line: 26)

NullReferenceException: Object reference not set to an instance of an object
  at BackGroundScrollScript.Update () [0x00018] in C:\Users\thhon\UnityFiles\TlimFinalProj2Dshooter\Assets\Scripts\BackGroundScrollScript.cs:26 

(Filename: Assets/Scripts/BackGroundScrollScript.cs Line: 26)

NullReferenceException: Object reference not set to an instance of an object
  at BackGroundScrollScript.Update () [0x00018] in C:\Users\thhon\UnityFiles\TlimFinalProj2Dshooter\Assets\Scripts\BackGroundScrollScript.cs:26 

(Filename: Assets/Scripts/BackGroundScrollScript.cs Line: 26)

NullReferenceException: Object reference not set to an instance of an object
  at BackGroundScrollScript.Update () [0x00018] in C:\Users\thhon\UnityFiles\TlimFinalProj2Dshooter\Assets\Scripts\BackGroundScrollScript.cs:26 

(Filename: Assets/Scripts/BackGroundScrollScript.cs Line: 26)

NullReferenceException: Object reference not set to an instance of an object
  at BackGroundScrollScript.Update () [0x00018] in C:\Users\thhon\UnityFiles\TlimFinalProj2Dshooter\Assets\Scripts\BackGroundScrollScript.cs:26 

(Filename: Assets/Scripts/BackGroundScrollScript.cs Line: 26)

NullReferenceException: Object reference not set to an instance of an object
  at BackGroundScrollScript.Update () [0x00018] in C:\Users\thhon\UnityFiles\TlimFinalProj2Dshooter\Assets\Scripts\BackGroundScrollScript.cs:26 

(Filename: Assets/Scripts/BackGroundScrollScript.cs Line: 26)

NullReferenceException: Object reference not set to an instance of an object
  at BackGroundScrollScript.Update () [0x00018] in C:\Users\thhon\UnityFiles\TlimFinalProj2Dshooter\Assets\Scripts\BackGroundScrollScript.cs:26 

(Filename: Assets/Scripts/BackGroundScrollScript.cs Line: 26)

NullReferenceException: Object reference not set to an instance of an object
  at BackGroundScrollScript.Update () [0x00018] in C:\Users\thhon\UnityFiles\TlimFinalProj2Dshooter\Assets\Scripts\BackGroundScrollScript.cs:26 

(Filename: Assets/Scripts/BackGroundScrollScript.cs Line: 26)

NullReferenceException: Object reference not set to an instance of an object
  at BackGroundScrollScript.Update () [0x00018] in C:\Users\thhon\UnityFiles\TlimFinalProj2Dshooter\Assets\Scripts\BackGroundScrollScript.cs:26 

(Filename: Assets/Scripts/BackGroundScrollScript.cs Line: 26)

NullReferenceException: Object reference not set to an instance of an object
  at BackGroundScrollScript.Update () [0x00018] in C:\Users\thhon\UnityFiles\TlimFinalProj2Dshooter\Assets\Scripts\BackGroundScrollScript.cs:26 

(Filename: Assets/Scripts/BackGroundScrollScript.cs Line: 26)

NullReferenceException: Object reference not set to an instance of an object
  at BackGroundScrollScript.Update () [0x00018] in C:\Users\thhon\UnityFiles\TlimFinalProj2Dshooter\Assets\Scripts\BackGroundScrollScript.cs:26 

(Filename: Assets/Scripts/BackGroundScrollScript.cs Line: 26)

NullReferenceException: Object reference not set to an instance of an object
  at BackGroundScrollScript.Update () [0x00018] in C:\Users\thhon\UnityFiles\TlimFinalProj2Dshooter\Assets\Scripts\BackGroundScrollScript.cs:26 

(Filename: Assets/Scripts/BackGroundScrollScript.cs Line: 26)

NullReferenceException: Object reference not set to an instance of an object
  at BackGroundScrollScript.Update () [0x00018] in C:\Users\thhon\UnityFiles\TlimFinalProj2Dshooter\Assets\Scripts\BackGroundScrollScript.cs:26 

(Filename: Assets/Scripts/BackGroundScrollScript.cs Line: 26)

NullReferenceException: Object reference not set to an instance of an object
  at BackGroundScrollScript.Update () [0x00018] in C:\Users\thhon\UnityFiles\TlimFinalProj2Dshooter\Assets\Scripts\BackGroundScrollScript.cs:26 

(Filename: Assets/Scripts/BackGroundScrollScript.cs Line: 26)

NullReferenceException: Object reference not set to an instance of an object
  at BackGroundScrollScript.Update () [0x00018] in C:\Users\thhon\UnityFiles\TlimFinalProj2Dshooter\Assets\Scripts\BackGroundScrollScript.cs:26 

(Filename: Assets/Scripts/BackGroundScrollScript.cs Line: 26)

NullReferenceException: Object reference not set to an instance of an object
  at BackGroundScrollScript.Update () [0x00018] in C:\Users\thhon\UnityFiles\TlimFinalProj2Dshooter\Assets\Scripts\BackGroundScrollScript.cs:26 

(Filename: Assets/Scripts/BackGroundScrollScript.cs Line: 26)

NullReferenceException: Object reference not set to an instance of an object
  at BackGroundScrollScript.Update () [0x00018] in C:\Users\thhon\UnityFiles\TlimFinalProj2Dshooter\Assets\Scripts\BackGroundScrollScript.cs:26 

(Filename: Assets/Scripts/BackGroundScrollScript.cs Line: 26)

NullReferenceException: Object reference not set to an instance of an object
  at BackGroundScrollScript.Update () [0x00018] in C:\Users\thhon\UnityFiles\TlimFinalProj2Dshooter\Assets\Scripts\BackGroundScrollScript.cs:26 

(Filename: Assets/Scripts/BackGroundScrollScript.cs Line: 26)

NullReferenceException: Object reference not set to an instance of an object
  at BackGroundScrollScript.Update () [0x00018] in C:\Users\thhon\UnityFiles\TlimFinalProj2Dshooter\Assets\Scripts\BackGroundScrollScript.cs:26 

(Filename: Assets/Scripts/BackGroundScrollScript.cs Line: 26)

NullReferenceException: Object reference not set to an instance of an object
  at BackGroundScrollScript.Update () [0x00018] in C:\Users\thhon\UnityFiles\TlimFinalProj2Dshooter\Assets\Scripts\BackGroundScrollScript.cs:26 

(Filename: Assets/Scripts/BackGroundScrollScript.cs Line: 26)

NullReferenceException: Object reference not set to an instance of an object
  at BackGroundScrollScript.Update () [0x00018] in C:\Users\thhon\UnityFiles\TlimFinalProj2Dshooter\Assets\Scripts\BackGroundScrollScript.cs:26 

(Filename: Assets/Scripts/BackGroundScrollScript.cs Line: 26)

NullReferenceException: Object reference not set to an instance of an object
  at BackGroundScrollScript.Update () [0x00018] in C:\Users\thhon\UnityFiles\TlimFinalProj2Dshooter\Assets\Scripts\BackGroundScrollScript.cs:26 

(Filename: Assets/Scripts/BackGroundScrollScript.cs Line: 26)

NullReferenceException: Object reference not set to an instance of an object
  at BackGroundScrollScript.Update () [0x00018] in C:\Users\thhon\UnityFiles\TlimFinalProj2Dshooter\Assets\Scripts\BackGroundScrollScript.cs:26 

(Filename: Assets/Scripts/BackGroundScrollScript.cs Line: 26)

NullReferenceException: Object reference not set to an instance of an object
  at BackGroundScrollScript.Update () [0x00018] in C:\Users\thhon\UnityFiles\TlimFinalProj2Dshooter\Assets\Scripts\BackGroundScrollScript.cs:26 

(Filename: Assets/Scripts/BackGroundScrollScript.cs Line: 26)

NullReferenceException: Object reference not set to an instance of an object
  at BackGroundScrollScript.Update () [0x00018] in C:\Users\thhon\UnityFiles\TlimFinalProj2Dshooter\Assets\Scripts\BackGroundScrollScript.cs:26 

(Filename: Assets/Scripts/BackGroundScrollScript.cs Line: 26)

NullReferenceException: Object reference not set to an instance of an object
  at BackGroundScrollScript.Update () [0x00018] in C:\Users\thhon\UnityFiles\TlimFinalProj2Dshooter\Assets\Scripts\BackGroundScrollScript.cs:26 

(Filename: Assets/Scripts/BackGroundScrollScript.cs Line: 26)

NullReferenceException: Object reference not set to an instance of an object
  at BackGroundScrollScript.Update () [0x00018] in C:\Users\thhon\UnityFiles\TlimFinalProj2Dshooter\Assets\Scripts\BackGroundScrollScript.cs:26 

(Filename: Assets/Scripts/BackGroundScrollScript.cs Line: 26)

NullReferenceException: Object reference not set to an instance of an object
  at BackGroundScrollScript.Update () [0x00018] in C:\Users\thhon\UnityFiles\TlimFinalProj2Dshooter\Assets\Scripts\BackGroundScrollScript.cs:26 

(Filename: Assets/Scripts/BackGroundScrollScript.cs Line: 26)

NullReferenceException: Object reference not set to an instance of an object
  at BackGroundScrollScript.Update () [0x00018] in C:\Users\thhon\UnityFiles\TlimFinalProj2Dshooter\Assets\Scripts\BackGroundScrollScript.cs:26 

(Filename: Assets/Scripts/BackGroundScrollScript.cs Line: 26)

NullReferenceException: Object reference not set to an instance of an object
  at BackGroundScrollScript.Update () [0x00018] in C:\Users\thhon\UnityFiles\TlimFinalProj2Dshooter\Assets\Scripts\BackGroundScrollScript.cs:26 

(Filename: Assets/Scripts/BackGroundScrollScript.cs Line: 26)

NullReferenceException: Object reference not set to an instance of an object
  at BackGroundScrollScript.Update () [0x00018] in C:\Users\thhon\UnityFiles\TlimFinalProj2Dshooter\Assets\Scripts\BackGroundScrollScript.cs:26 

(Filename: Assets/Scripts/BackGroundScrollScript.cs Line: 26)

NullReferenceException: Object reference not set to an instance of an object
  at BackGroundScrollScript.Update () [0x00018] in C:\Users\thhon\UnityFiles\TlimFinalProj2Dshooter\Assets\Scripts\BackGroundScrollScript.cs:26 

(Filename: Assets/Scripts/BackGroundScrollScript.cs Line: 26)

NullReferenceException: Object reference not set to an instance of an object
  at BackGroundScrollScript.Update () [0x00018] in C:\Users\thhon\UnityFiles\TlimFinalProj2Dshooter\Assets\Scripts\BackGroundScrollScript.cs:26 

(Filename: Assets/Scripts/BackGroundScrollScript.cs Line: 26)

NullReferenceException: Object reference not set to an instance of an object
  at BackGroundScrollScript.Update () [0x00018] in C:\Users\thhon\UnityFiles\TlimFinalProj2Dshooter\Assets\Scripts\BackGroundScrollScript.cs:26 

(Filename: Assets/Scripts/BackGroundScrollScript.cs Line: 26)

NullReferenceException: Object reference not set to an instance of an object
  at BackGroundScrollScript.Update () [0x00018] in C:\Users\thhon\UnityFiles\TlimFinalProj2Dshooter\Assets\Scripts\BackGroundScrollScript.cs:26 

(Filename: Assets/Scripts/BackGroundScrollScript.cs Line: 26)

NullReferenceException: Object reference not set to an instance of an object
  at BackGroundScrollScript.Update () [0x00018] in C:\Users\thhon\UnityFiles\TlimFinalProj2Dshooter\Assets\Scripts\BackGroundScrollScript.cs:26 

(Filename: Assets/Scripts/BackGroundScrollScript.cs Line: 26)

NullReferenceException: Object reference not set to an instance of an object
  at BackGroundScrollScript.Update () [0x00018] in C:\Users\thhon\UnityFiles\TlimFinalProj2Dshooter\Assets\Scripts\BackGroundScrollScript.cs:26 

(Filename: Assets/Scripts/BackGroundScrollScript.cs Line: 26)

NullReferenceException: Object reference not set to an instance of an object
  at BackGroundScrollScript.Update () [0x00018] in C:\Users\thhon\UnityFiles\TlimFinalProj2Dshooter\Assets\Scripts\BackGroundScrollScript.cs:26 

(Filename: Assets/Scripts/BackGroundScrollScript.cs Line: 26)

NullReferenceException: Object reference not set to an instance of an object
  at BackGroundScrollScript.Update () [0x00018] in C:\Users\thhon\UnityFiles\TlimFinalProj2Dshooter\Assets\Scripts\BackGroundScrollScript.cs:26 

(Filename: Assets/Scripts/BackGroundScrollScript.cs Line: 26)

NullReferenceException: Object reference not set to an instance of an object
  at BackGroundScrollScript.Update () [0x00018] in C:\Users\thhon\UnityFiles\TlimFinalProj2Dshooter\Assets\Scripts\BackGroundScrollScript.cs:26 

(Filename: Assets/Scripts/BackGroundScrollScript.cs Line: 26)

NullReferenceException: Object reference not set to an instance of an object
  at BackGroundScrollScript.Update () [0x00018] in C:\Users\thhon\UnityFiles\TlimFinalProj2Dshooter\Assets\Scripts\BackGroundScrollScript.cs:26 

(Filename: Assets/Scripts/BackGroundScrollScript.cs Line: 26)

NullReferenceException: Object reference not set to an instance of an object
  at BackGroundScrollScript.Update () [0x00018] in C:\Users\thhon\UnityFiles\TlimFinalProj2Dshooter\Assets\Scripts\BackGroundScrollScript.cs:26 

(Filename: Assets/Scripts/BackGroundScrollScript.cs Line: 26)

NullReferenceException: Object reference not set to an instance of an object
  at BackGroundScrollScript.Update () [0x00018] in C:\Users\thhon\UnityFiles\TlimFinalProj2Dshooter\Assets\Scripts\BackGroundScrollScript.cs:26 

(Filename: Assets/Scripts/BackGroundScrollScript.cs Line: 26)

NullReferenceException: Object reference not set to an instance of an object
  at BackGroundScrollScript.Update () [0x00018] in C:\Users\thhon\UnityFiles\TlimFinalProj2Dshooter\Assets\Scripts\BackGroundScrollScript.cs:26 

(Filename: Assets/Scripts/BackGroundScrollScript.cs Line: 26)

NullReferenceException: Object reference not set to an instance of an object
  at BackGroundScrollScript.Update () [0x00018] in C:\Users\thhon\UnityFiles\TlimFinalProj2Dshooter\Assets\Scripts\BackGroundScrollScript.cs:26 

(Filename: Assets/Scripts/BackGroundScrollScript.cs Line: 26)

NullReferenceException: Object reference not set to an instance of an object
  at BackGroundScrollScript.Update () [0x00018] in C:\Users\thhon\UnityFiles\TlimFinalProj2Dshooter\Assets\Scripts\BackGroundScrollScript.cs:26 

(Filename: Assets/Scripts/BackGroundScrollScript.cs Line: 26)

NullReferenceException: Object reference not set to an instance of an object
  at BackGroundScrollScript.Update () [0x00018] in C:\Users\thhon\UnityFiles\TlimFinalProj2Dshooter\Assets\Scripts\BackGroundScrollScript.cs:26 

(Filename: Assets/Scripts/BackGroundScrollScript.cs Line: 26)

NullReferenceException: Object reference not set to an instance of an object
  at BackGroundScrollScript.Update () [0x00018] in C:\Users\thhon\UnityFiles\TlimFinalProj2Dshooter\Assets\Scripts\BackGroundScrollScript.cs:26 

(Filename: Assets/Scripts/BackGroundScrollScript.cs Line: 26)

NullReferenceException: Object reference not set to an instance of an object
  at BackGroundScrollScript.Update () [0x00018] in C:\Users\thhon\UnityFiles\TlimFinalProj2Dshooter\Assets\Scripts\BackGroundScrollScript.cs:26 

(Filename: Assets/Scripts/BackGroundScrollScript.cs Line: 26)

NullReferenceException: Object reference not set to an instance of an object
  at BackGroundScrollScript.Update () [0x00018] in C:\Users\thhon\UnityFiles\TlimFinalProj2Dshooter\Assets\Scripts\BackGroundScrollScript.cs:26 

(Filename: Assets/Scripts/BackGroundScrollScript.cs Line: 26)

NullReferenceException: Object reference not set to an instance of an object
  at BackGroundScrollScript.Update () [0x00018] in C:\Users\thhon\UnityFiles\TlimFinalProj2Dshooter\Assets\Scripts\BackGroundScrollScript.cs:26 

(Filename: Assets/Scripts/BackGroundScrollScript.cs Line: 26)

NullReferenceException: Object reference not set to an instance of an object
  at BackGroundScrollScript.Update () [0x00018] in C:\Users\thhon\UnityFiles\TlimFinalProj2Dshooter\Assets\Scripts\BackGroundScrollScript.cs:26 

(Filename: Assets/Scripts/BackGroundScrollScript.cs Line: 26)

NullReferenceException: Object reference not set to an instance of an object
  at BackGroundScrollScript.Update () [0x00018] in C:\Users\thhon\UnityFiles\TlimFinalProj2Dshooter\Assets\Scripts\BackGroundScrollScript.cs:26 

(Filename: Assets/Scripts/BackGroundScrollScript.cs Line: 26)

NullReferenceException: Object reference not set to an instance of an object
  at BackGroundScrollScript.Update () [0x00018] in C:\Users\thhon\UnityFiles\TlimFinalProj2Dshooter\Assets\Scripts\BackGroundScrollScript.cs:26 

(Filename: Assets/Scripts/BackGroundScrollScript.cs Line: 26)

NullReferenceException: Object reference not set to an instance of an object
  at BackGroundScrollScript.Update () [0x00018] in C:\Users\thhon\UnityFiles\TlimFinalProj2Dshooter\Assets\Scripts\BackGroundScrollScript.cs:26 

(Filename: Assets/Scripts/BackGroundScrollScript.cs Line: 26)

NullReferenceException: Object reference not set to an instance of an object
  at BackGroundScrollScript.Update () [0x00018] in C:\Users\thhon\UnityFiles\TlimFinalProj2Dshooter\Assets\Scripts\BackGroundScrollScript.cs:26 

(Filename: Assets/Scripts/BackGroundScrollScript.cs Line: 26)

NullReferenceException: Object reference not set to an instance of an object
  at BackGroundScrollScript.Update () [0x00018] in C:\Users\thhon\UnityFiles\TlimFinalProj2Dshooter\Assets\Scripts\BackGroundScrollScript.cs:26 

(Filename: Assets/Scripts/BackGroundScrollScript.cs Line: 26)

NullReferenceException: Object reference not set to an instance of an object
  at BackGroundScrollScript.Update () [0x00018] in C:\Users\thhon\UnityFiles\TlimFinalProj2Dshooter\Assets\Scripts\BackGroundScrollScript.cs:26 

(Filename: Assets/Scripts/BackGroundScrollScript.cs Line: 26)

NullReferenceException: Object reference not set to an instance of an object
  at BackGroundScrollScript.Update () [0x00018] in C:\Users\thhon\UnityFiles\TlimFinalProj2Dshooter\Assets\Scripts\BackGroundScrollScript.cs:26 

(Filename: Assets/Scripts/BackGroundScrollScript.cs Line: 26)

NullReferenceException: Object reference not set to an instance of an object
  at BackGroundScrollScript.Update () [0x00018] in C:\Users\thhon\UnityFiles\TlimFinalProj2Dshooter\Assets\Scripts\BackGroundScrollScript.cs:26 

(Filename: Assets/Scripts/BackGroundScrollScript.cs Line: 26)

NullReferenceException: Object reference not set to an instance of an object
  at BackGroundScrollScript.Update () [0x00018] in C:\Users\thhon\UnityFiles\TlimFinalProj2Dshooter\Assets\Scripts\BackGroundScrollScript.cs:26 

(Filename: Assets/Scripts/BackGroundScrollScript.cs Line: 26)

NullReferenceException: Object reference not set to an instance of an object
  at BackGroundScrollScript.Update () [0x00018] in C:\Users\thhon\UnityFiles\TlimFinalProj2Dshooter\Assets\Scripts\BackGroundScrollScript.cs:26 

(Filename: Assets/Scripts/BackGroundScrollScript.cs Line: 26)

NullReferenceException: Object reference not set to an instance of an object
  at BackGroundScrollScript.Update () [0x00018] in C:\Users\thhon\UnityFiles\TlimFinalProj2Dshooter\Assets\Scripts\BackGroundScrollScript.cs:26 

(Filename: Assets/Scripts/BackGroundScrollScript.cs Line: 26)

NullReferenceException: Object reference not set to an instance of an object
  at BackGroundScrollScript.Update () [0x00018] in C:\Users\thhon\UnityFiles\TlimFinalProj2Dshooter\Assets\Scripts\BackGroundScrollScript.cs:26 

(Filename: Assets/Scripts/BackGroundScrollScript.cs Line: 26)

NullReferenceException: Object reference not set to an instance of an object
  at BackGroundScrollScript.Update () [0x00018] in C:\Users\thhon\UnityFiles\TlimFinalProj2Dshooter\Assets\Scripts\BackGroundScrollScript.cs:26 

(Filename: Assets/Scripts/BackGroundScrollScript.cs Line: 26)

NullReferenceException: Object reference not set to an instance of an object
  at BackGroundScrollScript.Update () [0x00018] in C:\Users\thhon\UnityFiles\TlimFinalProj2Dshooter\Assets\Scripts\BackGroundScrollScript.cs:26 

(Filename: Assets/Scripts/BackGroundScrollScript.cs Line: 26)

NullReferenceException: Object reference not set to an instance of an object
  at BackGroundScrollScript.Update () [0x00018] in C:\Users\thhon\UnityFiles\TlimFinalProj2Dshooter\Assets\Scripts\BackGroundScrollScript.cs:26 

(Filename: Assets/Scripts/BackGroundScrollScript.cs Line: 26)

NullReferenceException: Object reference not set to an instance of an object
  at BackGroundScrollScript.Update () [0x00018] in C:\Users\thhon\UnityFiles\TlimFinalProj2Dshooter\Assets\Scripts\BackGroundScrollScript.cs:26 

(Filename: Assets/Scripts/BackGroundScrollScript.cs Line: 26)

NullReferenceException: Object reference not set to an instance of an object
  at BackGroundScrollScript.Update () [0x00018] in C:\Users\thhon\UnityFiles\TlimFinalProj2Dshooter\Assets\Scripts\BackGroundScrollScript.cs:26 

(Filename: Assets/Scripts/BackGroundScrollScript.cs Line: 26)

NullReferenceException: Object reference not set to an instance of an object
  at BackGroundScrollScript.Update () [0x00018] in C:\Users\thhon\UnityFiles\TlimFinalProj2Dshooter\Assets\Scripts\BackGroundScrollScript.cs:26 

(Filename: Assets/Scripts/BackGroundScrollScript.cs Line: 26)

NullReferenceException: Object reference not set to an instance of an object
  at BackGroundScrollScript.Update () [0x00018] in C:\Users\thhon\UnityFiles\TlimFinalProj2Dshooter\Assets\Scripts\BackGroundScrollScript.cs:26 

(Filename: Assets/Scripts/BackGroundScrollScript.cs Line: 26)

NullReferenceException: Object reference not set to an instance of an object
  at BackGroundScrollScript.Update () [0x00018] in C:\Users\thhon\UnityFiles\TlimFinalProj2Dshooter\Assets\Scripts\BackGroundScrollScript.cs:26 

(Filename: Assets/Scripts/BackGroundScrollScript.cs Line: 26)

NullReferenceException: Object reference not set to an instance of an object
  at BackGroundScrollScript.Update () [0x00018] in C:\Users\thhon\UnityFiles\TlimFinalProj2Dshooter\Assets\Scripts\BackGroundScrollScript.cs:26 

(Filename: Assets/Scripts/BackGroundScrollScript.cs Line: 26)

NullReferenceException: Object reference not set to an instance of an object
  at BackGroundScrollScript.Update () [0x00018] in C:\Users\thhon\UnityFiles\TlimFinalProj2Dshooter\Assets\Scripts\BackGroundScrollScript.cs:26 

(Filename: Assets/Scripts/BackGroundScrollScript.cs Line: 26)

NullReferenceException: Object reference not set to an instance of an object
  at BackGroundScrollScript.Update () [0x00018] in C:\Users\thhon\UnityFiles\TlimFinalProj2Dshooter\Assets\Scripts\BackGroundScrollScript.cs:26 

(Filename: Assets/Scripts/BackGroundScrollScript.cs Line: 26)

NullReferenceException: Object reference not set to an instance of an object
  at BackGroundScrollScript.Update () [0x00018] in C:\Users\thhon\UnityFiles\TlimFinalProj2Dshooter\Assets\Scripts\BackGroundScrollScript.cs:26 

(Filename: Assets/Scripts/BackGroundScrollScript.cs Line: 26)

NullReferenceException: Object reference not set to an instance of an object
  at BackGroundScrollScript.Update () [0x00018] in C:\Users\thhon\UnityFiles\TlimFinalProj2Dshooter\Assets\Scripts\BackGroundScrollScript.cs:26 

(Filename: Assets/Scripts/BackGroundScrollScript.cs Line: 26)

NullReferenceException: Object reference not set to an instance of an object
  at BackGroundScrollScript.Update () [0x00018] in C:\Users\thhon\UnityFiles\TlimFinalProj2Dshooter\Assets\Scripts\BackGroundScrollScript.cs:26 

(Filename: Assets/Scripts/BackGroundScrollScript.cs Line: 26)

NullReferenceException: Object reference not set to an instance of an object
  at BackGroundScrollScript.Update () [0x00018] in C:\Users\thhon\UnityFiles\TlimFinalProj2Dshooter\Assets\Scripts\BackGroundScrollScript.cs:26 

(Filename: Assets/Scripts/BackGroundScrollScript.cs Line: 26)

NullReferenceException: Object reference not set to an instance of an object
  at BackGroundScrollScript.Update () [0x00018] in C:\Users\thhon\UnityFiles\TlimFinalProj2Dshooter\Assets\Scripts\BackGroundScrollScript.cs:26 

(Filename: Assets/Scripts/BackGroundScrollScript.cs Line: 26)

NullReferenceException: Object reference not set to an instance of an object
  at BackGroundScrollScript.Update () [0x00018] in C:\Users\thhon\UnityFiles\TlimFinalProj2Dshooter\Assets\Scripts\BackGroundScrollScript.cs:26 

(Filename: Assets/Scripts/BackGroundScrollScript.cs Line: 26)

NullReferenceException: Object reference not set to an instance of an object
  at BackGroundScrollScript.Update () [0x00018] in C:\Users\thhon\UnityFiles\TlimFinalProj2Dshooter\Assets\Scripts\BackGroundScrollScript.cs:26 

(Filename: Assets/Scripts/BackGroundScrollScript.cs Line: 26)

NullReferenceException: Object reference not set to an instance of an object
  at BackGroundScrollScript.Update () [0x00018] in C:\Users\thhon\UnityFiles\TlimFinalProj2Dshooter\Assets\Scripts\BackGroundScrollScript.cs:26 

(Filename: Assets/Scripts/BackGroundScrollScript.cs Line: 26)

NullReferenceException: Object reference not set to an instance of an object
  at BackGroundScrollScript.Update () [0x00018] in C:\Users\thhon\UnityFiles\TlimFinalProj2Dshooter\Assets\Scripts\BackGroundScrollScript.cs:26 

(Filename: Assets/Scripts/BackGroundScrollScript.cs Line: 26)

NullReferenceException: Object reference not set to an instance of an object
  at BackGroundScrollScript.Update () [0x00018] in C:\Users\thhon\UnityFiles\TlimFinalProj2Dshooter\Assets\Scripts\BackGroundScrollScript.cs:26 

(Filename: Assets/Scripts/BackGroundScrollScript.cs Line: 26)

NullReferenceException: Object reference not set to an instance of an object
  at BackGroundScrollScript.Update () [0x00018] in C:\Users\thhon\UnityFiles\TlimFinalProj2Dshooter\Assets\Scripts\BackGroundScrollScript.cs:26 

(Filename: Assets/Scripts/BackGroundScrollScript.cs Line: 26)

NullReferenceException: Object reference not set to an instance of an object
  at BackGroundScrollScript.Update () [0x00018] in C:\Users\thhon\UnityFiles\TlimFinalProj2Dshooter\Assets\Scripts\BackGroundScrollScript.cs:26 

(Filename: Assets/Scripts/BackGroundScrollScript.cs Line: 26)

NullReferenceException: Object reference not set to an instance of an object
  at BackGroundScrollScript.Update () [0x00018] in C:\Users\thhon\UnityFiles\TlimFinalProj2Dshooter\Assets\Scripts\BackGroundScrollScript.cs:26 

(Filename: Assets/Scripts/BackGroundScrollScript.cs Line: 26)

NullReferenceException: Object reference not set to an instance of an object
  at BackGroundScrollScript.Update () [0x00018] in C:\Users\thhon\UnityFiles\TlimFinalProj2Dshooter\Assets\Scripts\BackGroundScrollScript.cs:26 

(Filename: Assets/Scripts/BackGroundScrollScript.cs Line: 26)

NullReferenceException: Object reference not set to an instance of an object
  at BackGroundScrollScript.Update () [0x00018] in C:\Users\thhon\UnityFiles\TlimFinalProj2Dshooter\Assets\Scripts\BackGroundScrollScript.cs:26 

(Filename: Assets/Scripts/BackGroundScrollScript.cs Line: 26)

NullReferenceException: Object reference not set to an instance of an object
  at BackGroundScrollScript.Update () [0x00018] in C:\Users\thhon\UnityFiles\TlimFinalProj2Dshooter\Assets\Scripts\BackGroundScrollScript.cs:26 

(Filename: Assets/Scripts/BackGroundScrollScript.cs Line: 26)

NullReferenceException: Object reference not set to an instance of an object
  at BackGroundScrollScript.Update () [0x00018] in C:\Users\thhon\UnityFiles\TlimFinalProj2Dshooter\Assets\Scripts\BackGroundScrollScript.cs:26 

(Filename: Assets/Scripts/BackGroundScrollScript.cs Line: 26)

NullReferenceException: Object reference not set to an instance of an object
  at BackGroundScrollScript.Update () [0x00018] in C:\Users\thhon\UnityFiles\TlimFinalProj2Dshooter\Assets\Scripts\BackGroundScrollScript.cs:26 

(Filename: Assets/Scripts/BackGroundScrollScript.cs Line: 26)

NullReferenceException: Object reference not set to an instance of an object
  at BackGroundScrollScript.Update () [0x00018] in C:\Users\thhon\UnityFiles\TlimFinalProj2Dshooter\Assets\Scripts\BackGroundScrollScript.cs:26 

(Filename: Assets/Scripts/BackGroundScrollScript.cs Line: 26)

NullReferenceException: Object reference not set to an instance of an object
  at BackGroundScrollScript.Update () [0x00018] in C:\Users\thhon\UnityFiles\TlimFinalProj2Dshooter\Assets\Scripts\BackGroundScrollScript.cs:26 

(Filename: Assets/Scripts/BackGroundScrollScript.cs Line: 26)

NullReferenceException: Object reference not set to an instance of an object
  at BackGroundScrollScript.Update () [0x00018] in C:\Users\thhon\UnityFiles\TlimFinalProj2Dshooter\Assets\Scripts\BackGroundScrollScript.cs:26 

(Filename: Assets/Scripts/BackGroundScrollScript.cs Line: 26)

NullReferenceException: Object reference not set to an instance of an object
  at BackGroundScrollScript.Update () [0x00018] in C:\Users\thhon\UnityFiles\TlimFinalProj2Dshooter\Assets\Scripts\BackGroundScrollScript.cs:26 

(Filename: Assets/Scripts/BackGroundScrollScript.cs Line: 26)

NullReferenceException: Object reference not set to an instance of an object
  at BackGroundScrollScript.Update () [0x00018] in C:\Users\thhon\UnityFiles\TlimFinalProj2Dshooter\Assets\Scripts\BackGroundScrollScript.cs:26 

(Filename: Assets/Scripts/BackGroundScrollScript.cs Line: 26)

NullReferenceException: Object reference not set to an instance of an object
  at BackGroundScrollScript.Update () [0x00018] in C:\Users\thhon\UnityFiles\TlimFinalProj2Dshooter\Assets\Scripts\BackGroundScrollScript.cs:26 

(Filename: Assets/Scripts/BackGroundScrollScript.cs Line: 26)

NullReferenceException: Object reference not set to an instance of an object
  at BackGroundScrollScript.Update () [0x00018] in C:\Users\thhon\UnityFiles\TlimFinalProj2Dshooter\Assets\Scripts\BackGroundScrollScript.cs:26 

(Filename: Assets/Scripts/BackGroundScrollScript.cs Line: 26)

NullReferenceException: Object reference not set to an instance of an object
  at BackGroundScrollScript.Update () [0x00018] in C:\Users\thhon\UnityFiles\TlimFinalProj2Dshooter\Assets\Scripts\BackGroundScrollScript.cs:26 

(Filename: Assets/Scripts/BackGroundScrollScript.cs Line: 26)

NullReferenceException: Object reference not set to an instance of an object
  at BackGroundScrollScript.Update () [0x00018] in C:\Users\thhon\UnityFiles\TlimFinalProj2Dshooter\Assets\Scripts\BackGroundScrollScript.cs:26 

(Filename: Assets/Scripts/BackGroundScrollScript.cs Line: 26)

NullReferenceException: Object reference not set to an instance of an object
  at BackGroundScrollScript.Update () [0x00018] in C:\Users\thhon\UnityFiles\TlimFinalProj2Dshooter\Assets\Scripts\BackGroundScrollScript.cs:26 

(Filename: Assets/Scripts/BackGroundScrollScript.cs Line: 26)

NullReferenceException: Object reference not set to an instance of an object
  at BackGroundScrollScript.Update () [0x00018] in C:\Users\thhon\UnityFiles\TlimFinalProj2Dshooter\Assets\Scripts\BackGroundScrollScript.cs:26 

(Filename: Assets/Scripts/BackGroundScrollScript.cs Line: 26)

NullReferenceException: Object reference not set to an instance of an object
  at BackGroundScrollScript.Update () [0x00018] in C:\Users\thhon\UnityFiles\TlimFinalProj2Dshooter\Assets\Scripts\BackGroundScrollScript.cs:26 

(Filename: Assets/Scripts/BackGroundScrollScript.cs Line: 26)

NullReferenceException: Object reference not set to an instance of an object
  at BackGroundScrollScript.Update () [0x00018] in C:\Users\thhon\UnityFiles\TlimFinalProj2Dshooter\Assets\Scripts\BackGroundScrollScript.cs:26 

(Filename: Assets/Scripts/BackGroundScrollScript.cs Line: 26)

NullReferenceException: Object reference not set to an instance of an object
  at BackGroundScrollScript.Update () [0x00018] in C:\Users\thhon\UnityFiles\TlimFinalProj2Dshooter\Assets\Scripts\BackGroundScrollScript.cs:26 

(Filename: Assets/Scripts/BackGroundScrollScript.cs Line: 26)

NullReferenceException: Object reference not set to an instance of an object
  at BackGroundScrollScript.Update () [0x00018] in C:\Users\thhon\UnityFiles\TlimFinalProj2Dshooter\Assets\Scripts\BackGroundScrollScript.cs:26 

(Filename: Assets/Scripts/BackGroundScrollScript.cs Line: 26)

NullReferenceException: Object reference not set to an instance of an object
  at BackGroundScrollScript.Update () [0x00018] in C:\Users\thhon\UnityFiles\TlimFinalProj2Dshooter\Assets\Scripts\BackGroundScrollScript.cs:26 

(Filename: Assets/Scripts/BackGroundScrollScript.cs Line: 26)

NullReferenceException: Object reference not set to an instance of an object
  at BackGroundScrollScript.Update () [0x00018] in C:\Users\thhon\UnityFiles\TlimFinalProj2Dshooter\Assets\Scripts\BackGroundScrollScript.cs:26 

(Filename: Assets/Scripts/BackGroundScrollScript.cs Line: 26)

NullReferenceException: Object reference not set to an instance of an object
  at BackGroundScrollScript.Update () [0x00018] in C:\Users\thhon\UnityFiles\TlimFinalProj2Dshooter\Assets\Scripts\BackGroundScrollScript.cs:26 

(Filename: Assets/Scripts/BackGroundScrollScript.cs Line: 26)

NullReferenceException: Object reference not set to an instance of an object
  at BackGroundScrollScript.Update () [0x00018] in C:\Users\thhon\UnityFiles\TlimFinalProj2Dshooter\Assets\Scripts\BackGroundScrollScript.cs:26 

(Filename: Assets/Scripts/BackGroundScrollScript.cs Line: 26)

NullReferenceException: Object reference not set to an instance of an object
  at BackGroundScrollScript.Update () [0x00018] in C:\Users\thhon\UnityFiles\TlimFinalProj2Dshooter\Assets\Scripts\BackGroundScrollScript.cs:26 

(Filename: Assets/Scripts/BackGroundScrollScript.cs Line: 26)

NullReferenceException: Object reference not set to an instance of an object
  at BackGroundScrollScript.Update () [0x00018] in C:\Users\thhon\UnityFiles\TlimFinalProj2Dshooter\Assets\Scripts\BackGroundScrollScript.cs:26 

(Filename: Assets/Scripts/BackGroundScrollScript.cs Line: 26)

NullReferenceException: Object reference not set to an instance of an object
  at BackGroundScrollScript.Update () [0x00018] in C:\Users\thhon\UnityFiles\TlimFinalProj2Dshooter\Assets\Scripts\BackGroundScrollScript.cs:26 

(Filename: Assets/Scripts/BackGroundScrollScript.cs Line: 26)

NullReferenceException: Object reference not set to an instance of an object
  at BackGroundScrollScript.Update () [0x00018] in C:\Users\thhon\UnityFiles\TlimFinalProj2Dshooter\Assets\Scripts\BackGroundScrollScript.cs:26 

(Filename: Assets/Scripts/BackGroundScrollScript.cs Line: 26)

NullReferenceException: Object reference not set to an instance of an object
  at BackGroundScrollScript.Update () [0x00018] in C:\Users\thhon\UnityFiles\TlimFinalProj2Dshooter\Assets\Scripts\BackGroundScrollScript.cs:26 

(Filename: Assets/Scripts/BackGroundScrollScript.cs Line: 26)

NullReferenceException: Object reference not set to an instance of an object
  at BackGroundScrollScript.Update () [0x00018] in C:\Users\thhon\UnityFiles\TlimFinalProj2Dshooter\Assets\Scripts\BackGroundScrollScript.cs:26 

(Filename: Assets/Scripts/BackGroundScrollScript.cs Line: 26)

NullReferenceException: Object reference not set to an instance of an object
  at BackGroundScrollScript.Update () [0x00018] in C:\Users\thhon\UnityFiles\TlimFinalProj2Dshooter\Assets\Scripts\BackGroundScrollScript.cs:26 

(Filename: Assets/Scripts/BackGroundScrollScript.cs Line: 26)

NullReferenceException: Object reference not set to an instance of an object
  at BackGroundScrollScript.Update () [0x00018] in C:\Users\thhon\UnityFiles\TlimFinalProj2Dshooter\Assets\Scripts\BackGroundScrollScript.cs:26 

(Filename: Assets/Scripts/BackGroundScrollScript.cs Line: 26)

NullReferenceException: Object reference not set to an instance of an object
  at BackGroundScrollScript.Update () [0x00018] in C:\Users\thhon\UnityFiles\TlimFinalProj2Dshooter\Assets\Scripts\BackGroundScrollScript.cs:26 

(Filename: Assets/Scripts/BackGroundScrollScript.cs Line: 26)

NullReferenceException: Object reference not set to an instance of an object
  at BackGroundScrollScript.Update () [0x00018] in C:\Users\thhon\UnityFiles\TlimFinalProj2Dshooter\Assets\Scripts\BackGroundScrollScript.cs:26 

(Filename: Assets/Scripts/BackGroundScrollScript.cs Line: 26)

NullReferenceException: Object reference not set to an instance of an object
  at BackGroundScrollScript.Update () [0x00018] in C:\Users\thhon\UnityFiles\TlimFinalProj2Dshooter\Assets\Scripts\BackGroundScrollScript.cs:26 

(Filename: Assets/Scripts/BackGroundScrollScript.cs Line: 26)

NullReferenceException: Object reference not set to an instance of an object
  at BackGroundScrollScript.Update () [0x00018] in C:\Users\thhon\UnityFiles\TlimFinalProj2Dshooter\Assets\Scripts\BackGroundScrollScript.cs:26 

(Filename: Assets/Scripts/BackGroundScrollScript.cs Line: 26)

NullReferenceException: Object reference not set to an instance of an object
  at BackGroundScrollScript.Update () [0x00018] in C:\Users\thhon\UnityFiles\TlimFinalProj2Dshooter\Assets\Scripts\BackGroundScrollScript.cs:26 

(Filename: Assets/Scripts/BackGroundScrollScript.cs Line: 26)

NullReferenceException: Object reference not set to an instance of an object
  at BackGroundScrollScript.Update () [0x00018] in C:\Users\thhon\UnityFiles\TlimFinalProj2Dshooter\Assets\Scripts\BackGroundScrollScript.cs:26 

(Filename: Assets/Scripts/BackGroundScrollScript.cs Line: 26)

NullReferenceException: Object reference not set to an instance of an object
  at BackGroundScrollScript.Update () [0x00018] in C:\Users\thhon\UnityFiles\TlimFinalProj2Dshooter\Assets\Scripts\BackGroundScrollScript.cs:26 

(Filename: Assets/Scripts/BackGroundScrollScript.cs Line: 26)

NullReferenceException: Object reference not set to an instance of an object
  at BackGroundScrollScript.Update () [0x00018] in C:\Users\thhon\UnityFiles\TlimFinalProj2Dshooter\Assets\Scripts\BackGroundScrollScript.cs:26 

(Filename: Assets/Scripts/BackGroundScrollScript.cs Line: 26)

NullReferenceException: Object reference not set to an instance of an object
  at BackGroundScrollScript.Update () [0x00018] in C:\Users\thhon\UnityFiles\TlimFinalProj2Dshooter\Assets\Scripts\BackGroundScrollScript.cs:26 

(Filename: Assets/Scripts/BackGroundScrollScript.cs Line: 26)

NullReferenceException: Object reference not set to an instance of an object
  at BackGroundScrollScript.Update () [0x00018] in C:\Users\thhon\UnityFiles\TlimFinalProj2Dshooter\Assets\Scripts\BackGroundScrollScript.cs:26 

(Filename: Assets/Scripts/BackGroundScrollScript.cs Line: 26)

NullReferenceException: Object reference not set to an instance of an object
  at BackGroundScrollScript.Update () [0x00018] in C:\Users\thhon\UnityFiles\TlimFinalProj2Dshooter\Assets\Scripts\BackGroundScrollScript.cs:26 

(Filename: Assets/Scripts/BackGroundScrollScript.cs Line: 26)

NullReferenceException: Object reference not set to an instance of an object
  at BackGroundScrollScript.Update () [0x00018] in C:\Users\thhon\UnityFiles\TlimFinalProj2Dshooter\Assets\Scripts\BackGroundScrollScript.cs:26 

(Filename: Assets/Scripts/BackGroundScrollScript.cs Line: 26)

NullReferenceException: Object reference not set to an instance of an object
  at BackGroundScrollScript.Update () [0x00018] in C:\Users\thhon\UnityFiles\TlimFinalProj2Dshooter\Assets\Scripts\BackGroundScrollScript.cs:26 

(Filename: Assets/Scripts/BackGroundScrollScript.cs Line: 26)

NullReferenceException: Object reference not set to an instance of an object
  at BackGroundScrollScript.Update () [0x00018] in C:\Users\thhon\UnityFiles\TlimFinalProj2Dshooter\Assets\Scripts\BackGroundScrollScript.cs:26 

(Filename: Assets/Scripts/BackGroundScrollScript.cs Line: 26)

NullReferenceException: Object reference not set to an instance of an object
  at BackGroundScrollScript.Update () [0x00018] in C:\Users\thhon\UnityFiles\TlimFinalProj2Dshooter\Assets\Scripts\BackGroundScrollScript.cs:26 

(Filename: Assets/Scripts/BackGroundScrollScript.cs Line: 26)

NullReferenceException: Object reference not set to an instance of an object
  at BackGroundScrollScript.Update () [0x00018] in C:\Users\thhon\UnityFiles\TlimFinalProj2Dshooter\Assets\Scripts\BackGroundScrollScript.cs:26 

(Filename: Assets/Scripts/BackGroundScrollScript.cs Line: 26)

NullReferenceException: Object reference not set to an instance of an object
  at BackGroundScrollScript.Update () [0x00018] in C:\Users\thhon\UnityFiles\TlimFinalProj2Dshooter\Assets\Scripts\BackGroundScrollScript.cs:26 

(Filename: Assets/Scripts/BackGroundScrollScript.cs Line: 26)

NullReferenceException: Object reference not set to an instance of an object
  at BackGroundScrollScript.Update () [0x00018] in C:\Users\thhon\UnityFiles\TlimFinalProj2Dshooter\Assets\Scripts\BackGroundScrollScript.cs:26 

(Filename: Assets/Scripts/BackGroundScrollScript.cs Line: 26)

NullReferenceException: Object reference not set to an instance of an object
  at BackGroundScrollScript.Update () [0x00018] in C:\Users\thhon\UnityFiles\TlimFinalProj2Dshooter\Assets\Scripts\BackGroundScrollScript.cs:26 

(Filename: Assets/Scripts/BackGroundScrollScript.cs Line: 26)

NullReferenceException: Object reference not set to an instance of an object
  at BackGroundScrollScript.Update () [0x00018] in C:\Users\thhon\UnityFiles\TlimFinalProj2Dshooter\Assets\Scripts\BackGroundScrollScript.cs:26 

(Filename: Assets/Scripts/BackGroundScrollScript.cs Line: 26)

NullReferenceException: Object reference not set to an instance of an object
  at BackGroundScrollScript.Update () [0x00018] in C:\Users\thhon\UnityFiles\TlimFinalProj2Dshooter\Assets\Scripts\BackGroundScrollScript.cs:26 

(Filename: Assets/Scripts/BackGroundScrollScript.cs Line: 26)

NullReferenceException: Object reference not set to an instance of an object
  at BackGroundScrollScript.Update () [0x00018] in C:\Users\thhon\UnityFiles\TlimFinalProj2Dshooter\Assets\Scripts\BackGroundScrollScript.cs:26 

(Filename: Assets/Scripts/BackGroundScrollScript.cs Line: 26)

NullReferenceException: Object reference not set to an instance of an object
  at BackGroundScrollScript.Update () [0x00018] in C:\Users\thhon\UnityFiles\TlimFinalProj2Dshooter\Assets\Scripts\BackGroundScrollScript.cs:26 

(Filename: Assets/Scripts/BackGroundScrollScript.cs Line: 26)

NullReferenceException: Object reference not set to an instance of an object
  at BackGroundScrollScript.Update () [0x00018] in C:\Users\thhon\UnityFiles\TlimFinalProj2Dshooter\Assets\Scripts\BackGroundScrollScript.cs:26 

(Filename: Assets/Scripts/BackGroundScrollScript.cs Line: 26)

NullReferenceException: Object reference not set to an instance of an object
  at BackGroundScrollScript.Update () [0x00018] in C:\Users\thhon\UnityFiles\TlimFinalProj2Dshooter\Assets\Scripts\BackGroundScrollScript.cs:26 

(Filename: Assets/Scripts/BackGroundScrollScript.cs Line: 26)

NullReferenceException: Object reference not set to an instance of an object
  at BackGroundScrollScript.Update () [0x00018] in C:\Users\thhon\UnityFiles\TlimFinalProj2Dshooter\Assets\Scripts\BackGroundScrollScript.cs:26 

(Filename: Assets/Scripts/BackGroundScrollScript.cs Line: 26)

NullReferenceException: Object reference not set to an instance of an object
  at BackGroundScrollScript.Update () [0x00018] in C:\Users\thhon\UnityFiles\TlimFinalProj2Dshooter\Assets\Scripts\BackGroundScrollScript.cs:26 

(Filename: Assets/Scripts/BackGroundScrollScript.cs Line: 26)

NullReferenceException: Object reference not set to an instance of an object
  at BackGroundScrollScript.Update () [0x00018] in C:\Users\thhon\UnityFiles\TlimFinalProj2Dshooter\Assets\Scripts\BackGroundScrollScript.cs:26 

(Filename: Assets/Scripts/BackGroundScrollScript.cs Line: 26)

NullReferenceException: Object reference not set to an instance of an object
  at BackGroundScrollScript.Update () [0x00018] in C:\Users\thhon\UnityFiles\TlimFinalProj2Dshooter\Assets\Scripts\BackGroundScrollScript.cs:26 

(Filename: Assets/Scripts/BackGroundScrollScript.cs Line: 26)

NullReferenceException: Object reference not set to an instance of an object
  at BackGroundScrollScript.Update () [0x00018] in C:\Users\thhon\UnityFiles\TlimFinalProj2Dshooter\Assets\Scripts\BackGroundScrollScript.cs:26 

(Filename: Assets/Scripts/BackGroundScrollScript.cs Line: 26)

NullReferenceException: Object reference not set to an instance of an object
  at BackGroundScrollScript.Update () [0x00018] in C:\Users\thhon\UnityFiles\TlimFinalProj2Dshooter\Assets\Scripts\BackGroundScrollScript.cs:26 

(Filename: Assets/Scripts/BackGroundScrollScript.cs Line: 26)

NullReferenceException: Object reference not set to an instance of an object
  at BackGroundScrollScript.Update () [0x00018] in C:\Users\thhon\UnityFiles\TlimFinalProj2Dshooter\Assets\Scripts\BackGroundScrollScript.cs:26 

(Filename: Assets/Scripts/BackGroundScrollScript.cs Line: 26)

NullReferenceException: Object reference not set to an instance of an object
  at BackGroundScrollScript.Update () [0x00018] in C:\Users\thhon\UnityFiles\TlimFinalProj2Dshooter\Assets\Scripts\BackGroundScrollScript.cs:26 

(Filename: Assets/Scripts/BackGroundScrollScript.cs Line: 26)

NullReferenceException: Object reference not set to an instance of an object
  at BackGroundScrollScript.Update () [0x00018] in C:\Users\thhon\UnityFiles\TlimFinalProj2Dshooter\Assets\Scripts\BackGroundScrollScript.cs:26 

(Filename: Assets/Scripts/BackGroundScrollScript.cs Line: 26)

NullReferenceException: Object reference not set to an instance of an object
  at BackGroundScrollScript.Update () [0x00018] in C:\Users\thhon\UnityFiles\TlimFinalProj2Dshooter\Assets\Scripts\BackGroundScrollScript.cs:26 

(Filename: Assets/Scripts/BackGroundScrollScript.cs Line: 26)

NullReferenceException: Object reference not set to an instance of an object
  at BackGroundScrollScript.Update () [0x00018] in C:\Users\thhon\UnityFiles\TlimFinalProj2Dshooter\Assets\Scripts\BackGroundScrollScript.cs:26 

(Filename: Assets/Scripts/BackGroundScrollScript.cs Line: 26)

NullReferenceException: Object reference not set to an instance of an object
  at BackGroundScrollScript.Update () [0x00018] in C:\Users\thhon\UnityFiles\TlimFinalProj2Dshooter\Assets\Scripts\BackGroundScrollScript.cs:26 

(Filename: Assets/Scripts/BackGroundScrollScript.cs Line: 26)

NullReferenceException: Object reference not set to an instance of an object
  at BackGroundScrollScript.Update () [0x00018] in C:\Users\thhon\UnityFiles\TlimFinalProj2Dshooter\Assets\Scripts\BackGroundScrollScript.cs:26 

(Filename: Assets/Scripts/BackGroundScrollScript.cs Line: 26)

NullReferenceException: Object reference not set to an instance of an object
  at BackGroundScrollScript.Update () [0x00018] in C:\Users\thhon\UnityFiles\TlimFinalProj2Dshooter\Assets\Scripts\BackGroundScrollScript.cs:26 

(Filename: Assets/Scripts/BackGroundScrollScript.cs Line: 26)

NullReferenceException: Object reference not set to an instance of an object
  at BackGroundScrollScript.Update () [0x00018] in C:\Users\thhon\UnityFiles\TlimFinalProj2Dshooter\Assets\Scripts\BackGroundScrollScript.cs:26 

(Filename: Assets/Scripts/BackGroundScrollScript.cs Line: 26)

NullReferenceException: Object reference not set to an instance of an object
  at BackGroundScrollScript.Update () [0x00018] in C:\Users\thhon\UnityFiles\TlimFinalProj2Dshooter\Assets\Scripts\BackGroundScrollScript.cs:26 

(Filename: Assets/Scripts/BackGroundScrollScript.cs Line: 26)

NullReferenceException: Object reference not set to an instance of an object
  at BackGroundScrollScript.Update () [0x00018] in C:\Users\thhon\UnityFiles\TlimFinalProj2Dshooter\Assets\Scripts\BackGroundScrollScript.cs:26 

(Filename: Assets/Scripts/BackGroundScrollScript.cs Line: 26)

NullReferenceException: Object reference not set to an instance of an object
  at BackGroundScrollScript.Update () [0x00018] in C:\Users\thhon\UnityFiles\TlimFinalProj2Dshooter\Assets\Scripts\BackGroundScrollScript.cs:26 

(Filename: Assets/Scripts/BackGroundScrollScript.cs Line: 26)

NullReferenceException: Object reference not set to an instance of an object
  at BackGroundScrollScript.Update () [0x00018] in C:\Users\thhon\UnityFiles\TlimFinalProj2Dshooter\Assets\Scripts\BackGroundScrollScript.cs:26 

(Filename: Assets/Scripts/BackGroundScrollScript.cs Line: 26)

NullReferenceException: Object reference not set to an instance of an object
  at BackGroundScrollScript.Update () [0x00018] in C:\Users\thhon\UnityFiles\TlimFinalProj2Dshooter\Assets\Scripts\BackGroundScrollScript.cs:26 

(Filename: Assets/Scripts/BackGroundScrollScript.cs Line: 26)

NullReferenceException: Object reference not set to an instance of an object
  at BackGroundScrollScript.Update () [0x00018] in C:\Users\thhon\UnityFiles\TlimFinalProj2Dshooter\Assets\Scripts\BackGroundScrollScript.cs:26 

(Filename: Assets/Scripts/BackGroundScrollScript.cs Line: 26)

NullReferenceException: Object reference not set to an instance of an object
  at BackGroundScrollScript.Update () [0x00018] in C:\Users\thhon\UnityFiles\TlimFinalProj2Dshooter\Assets\Scripts\BackGroundScrollScript.cs:26 

(Filename: Assets/Scripts/BackGroundScrollScript.cs Line: 26)

NullReferenceException: Object reference not set to an instance of an object
  at BackGroundScrollScript.Update () [0x00018] in C:\Users\thhon\UnityFiles\TlimFinalProj2Dshooter\Assets\Scripts\BackGroundScrollScript.cs:26 

(Filename: Assets/Scripts/BackGroundScrollScript.cs Line: 26)

NullReferenceException: Object reference not set to an instance of an object
  at BackGroundScrollScript.Update () [0x00018] in C:\Users\thhon\UnityFiles\TlimFinalProj2Dshooter\Assets\Scripts\BackGroundScrollScript.cs:26 

(Filename: Assets/Scripts/BackGroundScrollScript.cs Line: 26)

NullReferenceException: Object reference not set to an instance of an object
  at BackGroundScrollScript.Update () [0x00018] in C:\Users\thhon\UnityFiles\TlimFinalProj2Dshooter\Assets\Scripts\BackGroundScrollScript.cs:26 

(Filename: Assets/Scripts/BackGroundScrollScript.cs Line: 26)

NullReferenceException: Object reference not set to an instance of an object
  at BackGroundScrollScript.Update () [0x00018] in C:\Users\thhon\UnityFiles\TlimFinalProj2Dshooter\Assets\Scripts\BackGroundScrollScript.cs:26 

(Filename: Assets/Scripts/BackGroundScrollScript.cs Line: 26)

NullReferenceException: Object reference not set to an instance of an object
  at BackGroundScrollScript.Update () [0x00018] in C:\Users\thhon\UnityFiles\TlimFinalProj2Dshooter\Assets\Scripts\BackGroundScrollScript.cs:26 

(Filename: Assets/Scripts/BackGroundScrollScript.cs Line: 26)

NullReferenceException: Object reference not set to an instance of an object
  at BackGroundScrollScript.Update () [0x00018] in C:\Users\thhon\UnityFiles\TlimFinalProj2Dshooter\Assets\Scripts\BackGroundScrollScript.cs:26 

(Filename: Assets/Scripts/BackGroundScrollScript.cs Line: 26)

NullReferenceException: Object reference not set to an instance of an object
  at BackGroundScrollScript.Update () [0x00018] in C:\Users\thhon\UnityFiles\TlimFinalProj2Dshooter\Assets\Scripts\BackGroundScrollScript.cs:26 

(Filename: Assets/Scripts/BackGroundScrollScript.cs Line: 26)

NullReferenceException: Object reference not set to an instance of an object
  at BackGroundScrollScript.Update () [0x00018] in C:\Users\thhon\UnityFiles\TlimFinalProj2Dshooter\Assets\Scripts\BackGroundScrollScript.cs:26 

(Filename: Assets/Scripts/BackGroundScrollScript.cs Line: 26)

NullReferenceException: Object reference not set to an instance of an object
  at BackGroundScrollScript.Update () [0x00018] in C:\Users\thhon\UnityFiles\TlimFinalProj2Dshooter\Assets\Scripts\BackGroundScrollScript.cs:26 

(Filename: Assets/Scripts/BackGroundScrollScript.cs Line: 26)

NullReferenceException: Object reference not set to an instance of an object
  at BackGroundScrollScript.Update () [0x00018] in C:\Users\thhon\UnityFiles\TlimFinalProj2Dshooter\Assets\Scripts\BackGroundScrollScript.cs:26 

(Filename: Assets/Scripts/BackGroundScrollScript.cs Line: 26)

NullReferenceException: Object reference not set to an instance of an object
  at BackGroundScrollScript.Update () [0x00018] in C:\Users\thhon\UnityFiles\TlimFinalProj2Dshooter\Assets\Scripts\BackGroundScrollScript.cs:26 

(Filename: Assets/Scripts/BackGroundScrollScript.cs Line: 26)

NullReferenceException: Object reference not set to an instance of an object
  at BackGroundScrollScript.Update () [0x00018] in C:\Users\thhon\UnityFiles\TlimFinalProj2Dshooter\Assets\Scripts\BackGroundScrollScript.cs:26 

(Filename: Assets/Scripts/BackGroundScrollScript.cs Line: 26)

NullReferenceException: Object reference not set to an instance of an object
  at BackGroundScrollScript.Update () [0x00018] in C:\Users\thhon\UnityFiles\TlimFinalProj2Dshooter\Assets\Scripts\BackGroundScrollScript.cs:26 

(Filename: Assets/Scripts/BackGroundScrollScript.cs Line: 26)

NullReferenceException: Object reference not set to an instance of an object
  at BackGroundScrollScript.Update () [0x00018] in C:\Users\thhon\UnityFiles\TlimFinalProj2Dshooter\Assets\Scripts\BackGroundScrollScript.cs:26 

(Filename: Assets/Scripts/BackGroundScrollScript.cs Line: 26)

NullReferenceException: Object reference not set to an instance of an object
  at BackGroundScrollScript.Update () [0x00018] in C:\Users\thhon\UnityFiles\TlimFinalProj2Dshooter\Assets\Scripts\BackGroundScrollScript.cs:26 

(Filename: Assets/Scripts/BackGroundScrollScript.cs Line: 26)

NullReferenceException: Object reference not set to an instance of an object
  at BackGroundScrollScript.Update () [0x00018] in C:\Users\thhon\UnityFiles\TlimFinalProj2Dshooter\Assets\Scripts\BackGroundScrollScript.cs:26 

(Filename: Assets/Scripts/BackGroundScrollScript.cs Line: 26)

NullReferenceException: Object reference not set to an instance of an object
  at BackGroundScrollScript.Update () [0x00018] in C:\Users\thhon\UnityFiles\TlimFinalProj2Dshooter\Assets\Scripts\BackGroundScrollScript.cs:26 

(Filename: Assets/Scripts/BackGroundScrollScript.cs Line: 26)

NullReferenceException: Object reference not set to an instance of an object
  at BackGroundScrollScript.Update () [0x00018] in C:\Users\thhon\UnityFiles\TlimFinalProj2Dshooter\Assets\Scripts\BackGroundScrollScript.cs:26 

(Filename: Assets/Scripts/BackGroundScrollScript.cs Line: 26)

NullReferenceException: Object reference not set to an instance of an object
  at BackGroundScrollScript.Update () [0x00018] in C:\Users\thhon\UnityFiles\TlimFinalProj2Dshooter\Assets\Scripts\BackGroundScrollScript.cs:26 

(Filename: Assets/Scripts/BackGroundScrollScript.cs Line: 26)

NullReferenceException: Object reference not set to an instance of an object
  at BackGroundScrollScript.Update () [0x00018] in C:\Users\thhon\UnityFiles\TlimFinalProj2Dshooter\Assets\Scripts\BackGroundScrollScript.cs:26 

(Filename: Assets/Scripts/BackGroundScrollScript.cs Line: 26)

NullReferenceException: Object reference not set to an instance of an object
  at BackGroundScrollScript.Update () [0x00018] in C:\Users\thhon\UnityFiles\TlimFinalProj2Dshooter\Assets\Scripts\BackGroundScrollScript.cs:26 

(Filename: Assets/Scripts/BackGroundScrollScript.cs Line: 26)

NullReferenceException: Object reference not set to an instance of an object
  at BackGroundScrollScript.Update () [0x00018] in C:\Users\thhon\UnityFiles\TlimFinalProj2Dshooter\Assets\Scripts\BackGroundScrollScript.cs:26 

(Filename: Assets/Scripts/BackGroundScrollScript.cs Line: 26)

NullReferenceException: Object reference not set to an instance of an object
  at BackGroundScrollScript.Update () [0x00018] in C:\Users\thhon\UnityFiles\TlimFinalProj2Dshooter\Assets\Scripts\BackGroundScrollScript.cs:26 

(Filename: Assets/Scripts/BackGroundScrollScript.cs Line: 26)

NullReferenceException: Object reference not set to an instance of an object
  at BackGroundScrollScript.Update () [0x00018] in C:\Users\thhon\UnityFiles\TlimFinalProj2Dshooter\Assets\Scripts\BackGroundScrollScript.cs:26 

(Filename: Assets/Scripts/BackGroundScrollScript.cs Line: 26)

NullReferenceException: Object reference not set to an instance of an object
  at BackGroundScrollScript.Update () [0x00018] in C:\Users\thhon\UnityFiles\TlimFinalProj2Dshooter\Assets\Scripts\BackGroundScrollScript.cs:26 

(Filename: Assets/Scripts/BackGroundScrollScript.cs Line: 26)

NullReferenceException: Object reference not set to an instance of an object
  at BackGroundScrollScript.Update () [0x00018] in C:\Users\thhon\UnityFiles\TlimFinalProj2Dshooter\Assets\Scripts\BackGroundScrollScript.cs:26 

(Filename: Assets/Scripts/BackGroundScrollScript.cs Line: 26)

NullReferenceException: Object reference not set to an instance of an object
  at BackGroundScrollScript.Update () [0x00018] in C:\Users\thhon\UnityFiles\TlimFinalProj2Dshooter\Assets\Scripts\BackGroundScrollScript.cs:26 

(Filename: Assets/Scripts/BackGroundScrollScript.cs Line: 26)

NullReferenceException: Object reference not set to an instance of an object
  at BackGroundScrollScript.Update () [0x00018] in C:\Users\thhon\UnityFiles\TlimFinalProj2Dshooter\Assets\Scripts\BackGroundScrollScript.cs:26 

(Filename: Assets/Scripts/BackGroundScrollScript.cs Line: 26)

NullReferenceException: Object reference not set to an instance of an object
  at BackGroundScrollScript.Update () [0x00018] in C:\Users\thhon\UnityFiles\TlimFinalProj2Dshooter\Assets\Scripts\BackGroundScrollScript.cs:26 

(Filename: Assets/Scripts/BackGroundScrollScript.cs Line: 26)

NullReferenceException: Object reference not set to an instance of an object
  at BackGroundScrollScript.Update () [0x00018] in C:\Users\thhon\UnityFiles\TlimFinalProj2Dshooter\Assets\Scripts\BackGroundScrollScript.cs:26 

(Filename: Assets/Scripts/BackGroundScrollScript.cs Line: 26)

NullReferenceException: Object reference not set to an instance of an object
  at BackGroundScrollScript.Update () [0x00018] in C:\Users\thhon\UnityFiles\TlimFinalProj2Dshooter\Assets\Scripts\BackGroundScrollScript.cs:26 

(Filename: Assets/Scripts/BackGroundScrollScript.cs Line: 26)

NullReferenceException: Object reference not set to an instance of an object
  at BackGroundScrollScript.Update () [0x00018] in C:\Users\thhon\UnityFiles\TlimFinalProj2Dshooter\Assets\Scripts\BackGroundScrollScript.cs:26 

(Filename: Assets/Scripts/BackGroundScrollScript.cs Line: 26)

NullReferenceException: Object reference not set to an instance of an object
  at BackGroundScrollScript.Update () [0x00018] in C:\Users\thhon\UnityFiles\TlimFinalProj2Dshooter\Assets\Scripts\BackGroundScrollScript.cs:26 

(Filename: Assets/Scripts/BackGroundScrollScript.cs Line: 26)

NullReferenceException: Object reference not set to an instance of an object
  at BackGroundScrollScript.Update () [0x00018] in C:\Users\thhon\UnityFiles\TlimFinalProj2Dshooter\Assets\Scripts\BackGroundScrollScript.cs:26 

(Filename: Assets/Scripts/BackGroundScrollScript.cs Line: 26)

NullReferenceException: Object reference not set to an instance of an object
  at BackGroundScrollScript.Update () [0x00018] in C:\Users\thhon\UnityFiles\TlimFinalProj2Dshooter\Assets\Scripts\BackGroundScrollScript.cs:26 

(Filename: Assets/Scripts/BackGroundScrollScript.cs Line: 26)

NullReferenceException: Object reference not set to an instance of an object
  at BackGroundScrollScript.Update () [0x00018] in C:\Users\thhon\UnityFiles\TlimFinalProj2Dshooter\Assets\Scripts\BackGroundScrollScript.cs:26 

(Filename: Assets/Scripts/BackGroundScrollScript.cs Line: 26)

NullReferenceException: Object reference not set to an instance of an object
  at BackGroundScrollScript.Update () [0x00018] in C:\Users\thhon\UnityFiles\TlimFinalProj2Dshooter\Assets\Scripts\BackGroundScrollScript.cs:26 

(Filename: Assets/Scripts/BackGroundScrollScript.cs Line: 26)

NullReferenceException: Object reference not set to an instance of an object
  at BackGroundScrollScript.Update () [0x00018] in C:\Users\thhon\UnityFiles\TlimFinalProj2Dshooter\Assets\Scripts\BackGroundScrollScript.cs:26 

(Filename: Assets/Scripts/BackGroundScrollScript.cs Line: 26)

NullReferenceException: Object reference not set to an instance of an object
  at BackGroundScrollScript.Update () [0x00018] in C:\Users\thhon\UnityFiles\TlimFinalProj2Dshooter\Assets\Scripts\BackGroundScrollScript.cs:26 

(Filename: Assets/Scripts/BackGroundScrollScript.cs Line: 26)

NullReferenceException: Object reference not set to an instance of an object
  at BackGroundScrollScript.Update () [0x00018] in C:\Users\thhon\UnityFiles\TlimFinalProj2Dshooter\Assets\Scripts\BackGroundScrollScript.cs:26 

(Filename: Assets/Scripts/BackGroundScrollScript.cs Line: 26)

NullReferenceException: Object reference not set to an instance of an object
  at BackGroundScrollScript.Update () [0x00018] in C:\Users\thhon\UnityFiles\TlimFinalProj2Dshooter\Assets\Scripts\BackGroundScrollScript.cs:26 

(Filename: Assets/Scripts/BackGroundScrollScript.cs Line: 26)

NullReferenceException: Object reference not set to an instance of an object
  at BackGroundScrollScript.Update () [0x00018] in C:\Users\thhon\UnityFiles\TlimFinalProj2Dshooter\Assets\Scripts\BackGroundScrollScript.cs:26 

(Filename: Assets/Scripts/BackGroundScrollScript.cs Line: 26)

NullReferenceException: Object reference not set to an instance of an object
  at BackGroundScrollScript.Update () [0x00018] in C:\Users\thhon\UnityFiles\TlimFinalProj2Dshooter\Assets\Scripts\BackGroundScrollScript.cs:26 

(Filename: Assets/Scripts/BackGroundScrollScript.cs Line: 26)

NullReferenceException: Object reference not set to an instance of an object
  at BackGroundScrollScript.Update () [0x00018] in C:\Users\thhon\UnityFiles\TlimFinalProj2Dshooter\Assets\Scripts\BackGroundScrollScript.cs:26 

(Filename: Assets/Scripts/BackGroundScrollScript.cs Line: 26)

NullReferenceException: Object reference not set to an instance of an object
  at BackGroundScrollScript.Update () [0x00018] in C:\Users\thhon\UnityFiles\TlimFinalProj2Dshooter\Assets\Scripts\BackGroundScrollScript.cs:26 

(Filename: Assets/Scripts/BackGroundScrollScript.cs Line: 26)

NullReferenceException: Object reference not set to an instance of an object
  at BackGroundScrollScript.Update () [0x00018] in C:\Users\thhon\UnityFiles\TlimFinalProj2Dshooter\Assets\Scripts\BackGroundScrollScript.cs:26 

(Filename: Assets/Scripts/BackGroundScrollScript.cs Line: 26)

NullReferenceException: Object reference not set to an instance of an object
  at BackGroundScrollScript.Update () [0x00018] in C:\Users\thhon\UnityFiles\TlimFinalProj2Dshooter\Assets\Scripts\BackGroundScrollScript.cs:26 

(Filename: Assets/Scripts/BackGroundScrollScript.cs Line: 26)

NullReferenceException: Object reference not set to an instance of an object
  at BackGroundScrollScript.Update () [0x00018] in C:\Users\thhon\UnityFiles\TlimFinalProj2Dshooter\Assets\Scripts\BackGroundScrollScript.cs:26 

(Filename: Assets/Scripts/BackGroundScrollScript.cs Line: 26)

NullReferenceException: Object reference not set to an instance of an object
  at BackGroundScrollScript.Update () [0x00018] in C:\Users\thhon\UnityFiles\TlimFinalProj2Dshooter\Assets\Scripts\BackGroundScrollScript.cs:26 

(Filename: Assets/Scripts/BackGroundScrollScript.cs Line: 26)

NullReferenceException: Object reference not set to an instance of an object
  at BackGroundScrollScript.Update () [0x00018] in C:\Users\thhon\UnityFiles\TlimFinalProj2Dshooter\Assets\Scripts\BackGroundScrollScript.cs:26 

(Filename: Assets/Scripts/BackGroundScrollScript.cs Line: 26)

NullReferenceException: Object reference not set to an instance of an object
  at BackGroundScrollScript.Update () [0x00018] in C:\Users\thhon\UnityFiles\TlimFinalProj2Dshooter\Assets\Scripts\BackGroundScrollScript.cs:26 

(Filename: Assets/Scripts/BackGroundScrollScript.cs Line: 26)

NullReferenceException: Object reference not set to an instance of an object
  at BackGroundScrollScript.Update () [0x00018] in C:\Users\thhon\UnityFiles\TlimFinalProj2Dshooter\Assets\Scripts\BackGroundScrollScript.cs:26 

(Filename: Assets/Scripts/BackGroundScrollScript.cs Line: 26)

NullReferenceException: Object reference not set to an instance of an object
  at BackGroundScrollScript.Update () [0x00018] in C:\Users\thhon\UnityFiles\TlimFinalProj2Dshooter\Assets\Scripts\BackGroundScrollScript.cs:26 

(Filename: Assets/Scripts/BackGroundScrollScript.cs Line: 26)

NullReferenceException: Object reference not set to an instance of an object
  at BackGroundScrollScript.Update () [0x00018] in C:\Users\thhon\UnityFiles\TlimFinalProj2Dshooter\Assets\Scripts\BackGroundScrollScript.cs:26 

(Filename: Assets/Scripts/BackGroundScrollScript.cs Line: 26)

NullReferenceException: Object reference not set to an instance of an object
  at BackGroundScrollScript.Update () [0x00018] in C:\Users\thhon\UnityFiles\TlimFinalProj2Dshooter\Assets\Scripts\BackGroundScrollScript.cs:26 

(Filename: Assets/Scripts/BackGroundScrollScript.cs Line: 26)

NullReferenceException: Object reference not set to an instance of an object
  at BackGroundScrollScript.Update () [0x00018] in C:\Users\thhon\UnityFiles\TlimFinalProj2Dshooter\Assets\Scripts\BackGroundScrollScript.cs:26 

(Filename: Assets/Scripts/BackGroundScrollScript.cs Line: 26)

NullReferenceException: Object reference not set to an instance of an object
  at BackGroundScrollScript.Update () [0x00018] in C:\Users\thhon\UnityFiles\TlimFinalProj2Dshooter\Assets\Scripts\BackGroundScrollScript.cs:26 

(Filename: Assets/Scripts/BackGroundScrollScript.cs Line: 26)

NullReferenceException: Object reference not set to an instance of an object
  at BackGroundScrollScript.Update () [0x00018] in C:\Users\thhon\UnityFiles\TlimFinalProj2Dshooter\Assets\Scripts\BackGroundScrollScript.cs:26 

(Filename: Assets/Scripts/BackGroundScrollScript.cs Line: 26)

NullReferenceException: Object reference not set to an instance of an object
  at BackGroundScrollScript.Update () [0x00018] in C:\Users\thhon\UnityFiles\TlimFinalProj2Dshooter\Assets\Scripts\BackGroundScrollScript.cs:26 

(Filename: Assets/Scripts/BackGroundScrollScript.cs Line: 26)

NullReferenceException: Object reference not set to an instance of an object
  at BackGroundScrollScript.Update () [0x00018] in C:\Users\thhon\UnityFiles\TlimFinalProj2Dshooter\Assets\Scripts\BackGroundScrollScript.cs:26 

(Filename: Assets/Scripts/BackGroundScrollScript.cs Line: 26)

NullReferenceException: Object reference not set to an instance of an object
  at BackGroundScrollScript.Update () [0x00018] in C:\Users\thhon\UnityFiles\TlimFinalProj2Dshooter\Assets\Scripts\BackGroundScrollScript.cs:26 

(Filename: Assets/Scripts/BackGroundScrollScript.cs Line: 26)

NullReferenceException: Object reference not set to an instance of an object
  at BackGroundScrollScript.Update () [0x00018] in C:\Users\thhon\UnityFiles\TlimFinalProj2Dshooter\Assets\Scripts\BackGroundScrollScript.cs:26 

(Filename: Assets/Scripts/BackGroundScrollScript.cs Line: 26)

NullReferenceException: Object reference not set to an instance of an object
  at BackGroundScrollScript.Update () [0x00018] in C:\Users\thhon\UnityFiles\TlimFinalProj2Dshooter\Assets\Scripts\BackGroundScrollScript.cs:26 

(Filename: Assets/Scripts/BackGroundScrollScript.cs Line: 26)

NullReferenceException: Object reference not set to an instance of an object
  at BackGroundScrollScript.Update () [0x00018] in C:\Users\thhon\UnityFiles\TlimFinalProj2Dshooter\Assets\Scripts\BackGroundScrollScript.cs:26 

(Filename: Assets/Scripts/BackGroundScrollScript.cs Line: 26)

NullReferenceException: Object reference not set to an instance of an object
  at BackGroundScrollScript.Update () [0x00018] in C:\Users\thhon\UnityFiles\TlimFinalProj2Dshooter\Assets\Scripts\BackGroundScrollScript.cs:26 

(Filename: Assets/Scripts/BackGroundScrollScript.cs Line: 26)

NullReferenceException: Object reference not set to an instance of an object
  at BackGroundScrollScript.Update () [0x00018] in C:\Users\thhon\UnityFiles\TlimFinalProj2Dshooter\Assets\Scripts\BackGroundScrollScript.cs:26 

(Filename: Assets/Scripts/BackGroundScrollScript.cs Line: 26)

NullReferenceException: Object reference not set to an instance of an object
  at BackGroundScrollScript.Update () [0x00018] in C:\Users\thhon\UnityFiles\TlimFinalProj2Dshooter\Assets\Scripts\BackGroundScrollScript.cs:26 

(Filename: Assets/Scripts/BackGroundScrollScript.cs Line: 26)

NullReferenceException: Object reference not set to an instance of an object
  at BackGroundScrollScript.Update () [0x00018] in C:\Users\thhon\UnityFiles\TlimFinalProj2Dshooter\Assets\Scripts\BackGroundScrollScript.cs:26 

(Filename: Assets/Scripts/BackGroundScrollScript.cs Line: 26)

NullReferenceException: Object reference not set to an instance of an object
  at BackGroundScrollScript.Update () [0x00018] in C:\Users\thhon\UnityFiles\TlimFinalProj2Dshooter\Assets\Scripts\BackGroundScrollScript.cs:26 

(Filename: Assets/Scripts/BackGroundScrollScript.cs Line: 26)

NullReferenceException: Object reference not set to an instance of an object
  at BackGroundScrollScript.Update () [0x00018] in C:\Users\thhon\UnityFiles\TlimFinalProj2Dshooter\Assets\Scripts\BackGroundScrollScript.cs:26 

(Filename: Assets/Scripts/BackGroundScrollScript.cs Line: 26)

NullReferenceException: Object reference not set to an instance of an object
  at BackGroundScrollScript.Update () [0x00018] in C:\Users\thhon\UnityFiles\TlimFinalProj2Dshooter\Assets\Scripts\BackGroundScrollScript.cs:26 

(Filename: Assets/Scripts/BackGroundScrollScript.cs Line: 26)

NullReferenceException: Object reference not set to an instance of an object
  at BackGroundScrollScript.Update () [0x00018] in C:\Users\thhon\UnityFiles\TlimFinalProj2Dshooter\Assets\Scripts\BackGroundScrollScript.cs:26 

(Filename: Assets/Scripts/BackGroundScrollScript.cs Line: 26)

NullReferenceException: Object reference not set to an instance of an object
  at BackGroundScrollScript.Update () [0x00018] in C:\Users\thhon\UnityFiles\TlimFinalProj2Dshooter\Assets\Scripts\BackGroundScrollScript.cs:26 

(Filename: Assets/Scripts/BackGroundScrollScript.cs Line: 26)

NullReferenceException: Object reference not set to an instance of an object
  at BackGroundScrollScript.Update () [0x00018] in C:\Users\thhon\UnityFiles\TlimFinalProj2Dshooter\Assets\Scripts\BackGroundScrollScript.cs:26 

(Filename: Assets/Scripts/BackGroundScrollScript.cs Line: 26)

NullReferenceException: Object reference not set to an instance of an object
  at BackGroundScrollScript.Update () [0x00018] in C:\Users\thhon\UnityFiles\TlimFinalProj2Dshooter\Assets\Scripts\BackGroundScrollScript.cs:26 

(Filename: Assets/Scripts/BackGroundScrollScript.cs Line: 26)

NullReferenceException: Object reference not set to an instance of an object
  at BackGroundScrollScript.Update () [0x00018] in C:\Users\thhon\UnityFiles\TlimFinalProj2Dshooter\Assets\Scripts\BackGroundScrollScript.cs:26 

(Filename: Assets/Scripts/BackGroundScrollScript.cs Line: 26)

NullReferenceException: Object reference not set to an instance of an object
  at BackGroundScrollScript.Update () [0x00018] in C:\Users\thhon\UnityFiles\TlimFinalProj2Dshooter\Assets\Scripts\BackGroundScrollScript.cs:26 

(Filename: Assets/Scripts/BackGroundScrollScript.cs Line: 26)

NullReferenceException: Object reference not set to an instance of an object
  at BackGroundScrollScript.Update () [0x00018] in C:\Users\thhon\UnityFiles\TlimFinalProj2Dshooter\Assets\Scripts\BackGroundScrollScript.cs:26 

(Filename: Assets/Scripts/BackGroundScrollScript.cs Line: 26)

NullReferenceException: Object reference not set to an instance of an object
  at BackGroundScrollScript.Update () [0x00018] in C:\Users\thhon\UnityFiles\TlimFinalProj2Dshooter\Assets\Scripts\BackGroundScrollScript.cs:26 

(Filename: Assets/Scripts/BackGroundScrollScript.cs Line: 26)

NullReferenceException: Object reference not set to an instance of an object
  at BackGroundScrollScript.Update () [0x00018] in C:\Users\thhon\UnityFiles\TlimFinalProj2Dshooter\Assets\Scripts\BackGroundScrollScript.cs:26 

(Filename: Assets/Scripts/BackGroundScrollScript.cs Line: 26)

NullReferenceException: Object reference not set to an instance of an object
  at BackGroundScrollScript.Update () [0x00018] in C:\Users\thhon\UnityFiles\TlimFinalProj2Dshooter\Assets\Scripts\BackGroundScrollScript.cs:26 

(Filename: Assets/Scripts/BackGroundScrollScript.cs Line: 26)

NullReferenceException: Object reference not set to an instance of an object
  at BackGroundScrollScript.Update () [0x00018] in C:\Users\thhon\UnityFiles\TlimFinalProj2Dshooter\Assets\Scripts\BackGroundScrollScript.cs:26 

(Filename: Assets/Scripts/BackGroundScrollScript.cs Line: 26)

NullReferenceException: Object reference not set to an instance of an object
  at BackGroundScrollScript.Update () [0x00018] in C:\Users\thhon\UnityFiles\TlimFinalProj2Dshooter\Assets\Scripts\BackGroundScrollScript.cs:26 

(Filename: Assets/Scripts/BackGroundScrollScript.cs Line: 26)

NullReferenceException: Object reference not set to an instance of an object
  at BackGroundScrollScript.Update () [0x00018] in C:\Users\thhon\UnityFiles\TlimFinalProj2Dshooter\Assets\Scripts\BackGroundScrollScript.cs:26 

(Filename: Assets/Scripts/BackGroundScrollScript.cs Line: 26)

NullReferenceException: Object reference not set to an instance of an object
  at BackGroundScrollScript.Update () [0x00018] in C:\Users\thhon\UnityFiles\TlimFinalProj2Dshooter\Assets\Scripts\BackGroundScrollScript.cs:26 

(Filename: Assets/Scripts/BackGroundScrollScript.cs Line: 26)

NullReferenceException: Object reference not set to an instance of an object
  at BackGroundScrollScript.Update () [0x00018] in C:\Users\thhon\UnityFiles\TlimFinalProj2Dshooter\Assets\Scripts\BackGroundScrollScript.cs:26 

(Filename: Assets/Scripts/BackGroundScrollScript.cs Line: 26)

NullReferenceException: Object reference not set to an instance of an object
  at BackGroundScrollScript.Update () [0x00018] in C:\Users\thhon\UnityFiles\TlimFinalProj2Dshooter\Assets\Scripts\BackGroundScrollScript.cs:26 

(Filename: Assets/Scripts/BackGroundScrollScript.cs Line: 26)

NullReferenceException: Object reference not set to an instance of an object
  at BackGroundScrollScript.Update () [0x00018] in C:\Users\thhon\UnityFiles\TlimFinalProj2Dshooter\Assets\Scripts\BackGroundScrollScript.cs:26 

(Filename: Assets/Scripts/BackGroundScrollScript.cs Line: 26)

NullReferenceException: Object reference not set to an instance of an object
  at BackGroundScrollScript.Update () [0x00018] in C:\Users\thhon\UnityFiles\TlimFinalProj2Dshooter\Assets\Scripts\BackGroundScrollScript.cs:26 

(Filename: Assets/Scripts/BackGroundScrollScript.cs Line: 26)

NullReferenceException: Object reference not set to an instance of an object
  at BackGroundScrollScript.Update () [0x00018] in C:\Users\thhon\UnityFiles\TlimFinalProj2Dshooter\Assets\Scripts\BackGroundScrollScript.cs:26 

(Filename: Assets/Scripts/BackGroundScrollScript.cs Line: 26)

NullReferenceException: Object reference not set to an instance of an object
  at BackGroundScrollScript.Update () [0x00018] in C:\Users\thhon\UnityFiles\TlimFinalProj2Dshooter\Assets\Scripts\BackGroundScrollScript.cs:26 

(Filename: Assets/Scripts/BackGroundScrollScript.cs Line: 26)

NullReferenceException: Object reference not set to an instance of an object
  at BackGroundScrollScript.Update () [0x00018] in C:\Users\thhon\UnityFiles\TlimFinalProj2Dshooter\Assets\Scripts\BackGroundScrollScript.cs:26 

(Filename: Assets/Scripts/BackGroundScrollScript.cs Line: 26)

NullReferenceException: Object reference not set to an instance of an object
  at BackGroundScrollScript.Update () [0x00018] in C:\Users\thhon\UnityFiles\TlimFinalProj2Dshooter\Assets\Scripts\BackGroundScrollScript.cs:26 

(Filename: Assets/Scripts/BackGroundScrollScript.cs Line: 26)

NullReferenceException: Object reference not set to an instance of an object
  at BackGroundScrollScript.Update () [0x00018] in C:\Users\thhon\UnityFiles\TlimFinalProj2Dshooter\Assets\Scripts\BackGroundScrollScript.cs:26 

(Filename: Assets/Scripts/BackGroundScrollScript.cs Line: 26)

NullReferenceException: Object reference not set to an instance of an object
  at BackGroundScrollScript.Update () [0x00018] in C:\Users\thhon\UnityFiles\TlimFinalProj2Dshooter\Assets\Scripts\BackGroundScrollScript.cs:26 

(Filename: Assets/Scripts/BackGroundScrollScript.cs Line: 26)

NullReferenceException: Object reference not set to an instance of an object
  at BackGroundScrollScript.Update () [0x00018] in C:\Users\thhon\UnityFiles\TlimFinalProj2Dshooter\Assets\Scripts\BackGroundScrollScript.cs:26 

(Filename: Assets/Scripts/BackGroundScrollScript.cs Line: 26)

NullReferenceException: Object reference not set to an instance of an object
  at BackGroundScrollScript.Update () [0x00018] in C:\Users\thhon\UnityFiles\TlimFinalProj2Dshooter\Assets\Scripts\BackGroundScrollScript.cs:26 

(Filename: Assets/Scripts/BackGroundScrollScript.cs Line: 26)

NullReferenceException: Object reference not set to an instance of an object
  at BackGroundScrollScript.Update () [0x00018] in C:\Users\thhon\UnityFiles\TlimFinalProj2Dshooter\Assets\Scripts\BackGroundScrollScript.cs:26 

(Filename: Assets/Scripts/BackGroundScrollScript.cs Line: 26)

NullReferenceException: Object reference not set to an instance of an object
  at BackGroundScrollScript.Update () [0x00018] in C:\Users\thhon\UnityFiles\TlimFinalProj2Dshooter\Assets\Scripts\BackGroundScrollScript.cs:26 

(Filename: Assets/Scripts/BackGroundScrollScript.cs Line: 26)

NullReferenceException: Object reference not set to an instance of an object
  at BackGroundScrollScript.Update () [0x00018] in C:\Users\thhon\UnityFiles\TlimFinalProj2Dshooter\Assets\Scripts\BackGroundScrollScript.cs:26 

(Filename: Assets/Scripts/BackGroundScrollScript.cs Line: 26)

NullReferenceException: Object reference not set to an instance of an object
  at BackGroundScrollScript.Update () [0x00018] in C:\Users\thhon\UnityFiles\TlimFinalProj2Dshooter\Assets\Scripts\BackGroundScrollScript.cs:26 

(Filename: Assets/Scripts/BackGroundScrollScript.cs Line: 26)

NullReferenceException: Object reference not set to an instance of an object
  at BackGroundScrollScript.Update () [0x00018] in C:\Users\thhon\UnityFiles\TlimFinalProj2Dshooter\Assets\Scripts\BackGroundScrollScript.cs:26 

(Filename: Assets/Scripts/BackGroundScrollScript.cs Line: 26)

NullReferenceException: Object reference not set to an instance of an object
  at BackGroundScrollScript.Update () [0x00018] in C:\Users\thhon\UnityFiles\TlimFinalProj2Dshooter\Assets\Scripts\BackGroundScrollScript.cs:26 

(Filename: Assets/Scripts/BackGroundScrollScript.cs Line: 26)

NullReferenceException: Object reference not set to an instance of an object
  at BackGroundScrollScript.Update () [0x00018] in C:\Users\thhon\UnityFiles\TlimFinalProj2Dshooter\Assets\Scripts\BackGroundScrollScript.cs:26 

(Filename: Assets/Scripts/BackGroundScrollScript.cs Line: 26)

NullReferenceException: Object reference not set to an instance of an object
  at BackGroundScrollScript.Update () [0x00018] in C:\Users\thhon\UnityFiles\TlimFinalProj2Dshooter\Assets\Scripts\BackGroundScrollScript.cs:26 

(Filename: Assets/Scripts/BackGroundScrollScript.cs Line: 26)

NullReferenceException: Object reference not set to an instance of an object
  at BackGroundScrollScript.Update () [0x00018] in C:\Users\thhon\UnityFiles\TlimFinalProj2Dshooter\Assets\Scripts\BackGroundScrollScript.cs:26 

(Filename: Assets/Scripts/BackGroundScrollScript.cs Line: 26)

NullReferenceException: Object reference not set to an instance of an object
  at BackGroundScrollScript.Update () [0x00018] in C:\Users\thhon\UnityFiles\TlimFinalProj2Dshooter\Assets\Scripts\BackGroundScrollScript.cs:26 

(Filename: Assets/Scripts/BackGroundScrollScript.cs Line: 26)

NullReferenceException: Object reference not set to an instance of an object
  at BackGroundScrollScript.Update () [0x00018] in C:\Users\thhon\UnityFiles\TlimFinalProj2Dshooter\Assets\Scripts\BackGroundScrollScript.cs:26 

(Filename: Assets/Scripts/BackGroundScrollScript.cs Line: 26)

NullReferenceException: Object reference not set to an instance of an object
  at BackGroundScrollScript.Update () [0x00018] in C:\Users\thhon\UnityFiles\TlimFinalProj2Dshooter\Assets\Scripts\BackGroundScrollScript.cs:26 

(Filename: Assets/Scripts/BackGroundScrollScript.cs Line: 26)

NullReferenceException: Object reference not set to an instance of an object
  at BackGroundScrollScript.Update () [0x00018] in C:\Users\thhon\UnityFiles\TlimFinalProj2Dshooter\Assets\Scripts\BackGroundScrollScript.cs:26 

(Filename: Assets/Scripts/BackGroundScrollScript.cs Line: 26)

NullReferenceException: Object reference not set to an instance of an object
  at BackGroundScrollScript.Update () [0x00018] in C:\Users\thhon\UnityFiles\TlimFinalProj2Dshooter\Assets\Scripts\BackGroundScrollScript.cs:26 

(Filename: Assets/Scripts/BackGroundScrollScript.cs Line: 26)

NullReferenceException: Object reference not set to an instance of an object
  at BackGroundScrollScript.Update () [0x00018] in C:\Users\thhon\UnityFiles\TlimFinalProj2Dshooter\Assets\Scripts\BackGroundScrollScript.cs:26 

(Filename: Assets/Scripts/BackGroundScrollScript.cs Line: 26)

NullReferenceException: Object reference not set to an instance of an object
  at BackGroundScrollScript.Update () [0x00018] in C:\Users\thhon\UnityFiles\TlimFinalProj2Dshooter\Assets\Scripts\BackGroundScrollScript.cs:26 

(Filename: Assets/Scripts/BackGroundScrollScript.cs Line: 26)

NullReferenceException: Object reference not set to an instance of an object
  at BackGroundScrollScript.Update () [0x00018] in C:\Users\thhon\UnityFiles\TlimFinalProj2Dshooter\Assets\Scripts\BackGroundScrollScript.cs:26 

(Filename: Assets/Scripts/BackGroundScrollScript.cs Line: 26)

NullReferenceException: Object reference not set to an instance of an object
  at BackGroundScrollScript.Update () [0x00018] in C:\Users\thhon\UnityFiles\TlimFinalProj2Dshooter\Assets\Scripts\BackGroundScrollScript.cs:26 

(Filename: Assets/Scripts/BackGroundScrollScript.cs Line: 26)

NullReferenceException: Object reference not set to an instance of an object
  at BackGroundScrollScript.Update () [0x00018] in C:\Users\thhon\UnityFiles\TlimFinalProj2Dshooter\Assets\Scripts\BackGroundScrollScript.cs:26 

(Filename: Assets/Scripts/BackGroundScrollScript.cs Line: 26)

NullReferenceException: Object reference not set to an instance of an object
  at BackGroundScrollScript.Update () [0x00018] in C:\Users\thhon\UnityFiles\TlimFinalProj2Dshooter\Assets\Scripts\BackGroundScrollScript.cs:26 

(Filename: Assets/Scripts/BackGroundScrollScript.cs Line: 26)

NullReferenceException: Object reference not set to an instance of an object
  at BackGroundScrollScript.Update () [0x00018] in C:\Users\thhon\UnityFiles\TlimFinalProj2Dshooter\Assets\Scripts\BackGroundScrollScript.cs:26 

(Filename: Assets/Scripts/BackGroundScrollScript.cs Line: 26)

NullReferenceException: Object reference not set to an instance of an object
  at BackGroundScrollScript.Update () [0x00018] in C:\Users\thhon\UnityFiles\TlimFinalProj2Dshooter\Assets\Scripts\BackGroundScrollScript.cs:26 

(Filename: Assets/Scripts/BackGroundScrollScript.cs Line: 26)

NullReferenceException: Object reference not set to an instance of an object
  at BackGroundScrollScript.Update () [0x00018] in C:\Users\thhon\UnityFiles\TlimFinalProj2Dshooter\Assets\Scripts\BackGroundScrollScript.cs:26 

(Filename: Assets/Scripts/BackGroundScrollScript.cs Line: 26)

NullReferenceException: Object reference not set to an instance of an object
  at BackGroundScrollScript.Update () [0x00018] in C:\Users\thhon\UnityFiles\TlimFinalProj2Dshooter\Assets\Scripts\BackGroundScrollScript.cs:26 

(Filename: Assets/Scripts/BackGroundScrollScript.cs Line: 26)

NullReferenceException: Object reference not set to an instance of an object
  at BackGroundScrollScript.Update () [0x00018] in C:\Users\thhon\UnityFiles\TlimFinalProj2Dshooter\Assets\Scripts\BackGroundScrollScript.cs:26 

(Filename: Assets/Scripts/BackGroundScrollScript.cs Line: 26)

NullReferenceException: Object reference not set to an instance of an object
  at BackGroundScrollScript.Update () [0x00018] in C:\Users\thhon\UnityFiles\TlimFinalProj2Dshooter\Assets\Scripts\BackGroundScrollScript.cs:26 

(Filename: Assets/Scripts/BackGroundScrollScript.cs Line: 26)

NullReferenceException: Object reference not set to an instance of an object
  at BackGroundScrollScript.Update () [0x00018] in C:\Users\thhon\UnityFiles\TlimFinalProj2Dshooter\Assets\Scripts\BackGroundScrollScript.cs:26 

(Filename: Assets/Scripts/BackGroundScrollScript.cs Line: 26)

NullReferenceException: Object reference not set to an instance of an object
  at BackGroundScrollScript.Update () [0x00018] in C:\Users\thhon\UnityFiles\TlimFinalProj2Dshooter\Assets\Scripts\BackGroundScrollScript.cs:26 

(Filename: Assets/Scripts/BackGroundScrollScript.cs Line: 26)

NullReferenceException: Object reference not set to an instance of an object
  at BackGroundScrollScript.Update () [0x00018] in C:\Users\thhon\UnityFiles\TlimFinalProj2Dshooter\Assets\Scripts\BackGroundScrollScript.cs:26 

(Filename: Assets/Scripts/BackGroundScrollScript.cs Line: 26)

NullReferenceException: Object reference not set to an instance of an object
  at BackGroundScrollScript.Update () [0x00018] in C:\Users\thhon\UnityFiles\TlimFinalProj2Dshooter\Assets\Scripts\BackGroundScrollScript.cs:26 

(Filename: Assets/Scripts/BackGroundScrollScript.cs Line: 26)

NullReferenceException: Object reference not set to an instance of an object
  at BackGroundScrollScript.Update () [0x00018] in C:\Users\thhon\UnityFiles\TlimFinalProj2Dshooter\Assets\Scripts\BackGroundScrollScript.cs:26 

(Filename: Assets/Scripts/BackGroundScrollScript.cs Line: 26)

NullReferenceException: Object reference not set to an instance of an object
  at BackGroundScrollScript.Update () [0x00018] in C:\Users\thhon\UnityFiles\TlimFinalProj2Dshooter\Assets\Scripts\BackGroundScrollScript.cs:26 

(Filename: Assets/Scripts/BackGroundScrollScript.cs Line: 26)

NullReferenceException: Object reference not set to an instance of an object
  at BackGroundScrollScript.Update () [0x00018] in C:\Users\thhon\UnityFiles\TlimFinalProj2Dshooter\Assets\Scripts\BackGroundScrollScript.cs:26 

(Filename: Assets/Scripts/BackGroundScrollScript.cs Line: 26)

NullReferenceException: Object reference not set to an instance of an object
  at BackGroundScrollScript.Update () [0x00018] in C:\Users\thhon\UnityFiles\TlimFinalProj2Dshooter\Assets\Scripts\BackGroundScrollScript.cs:26 

(Filename: Assets/Scripts/BackGroundScrollScript.cs Line: 26)

NullReferenceException: Object reference not set to an instance of an object
  at BackGroundScrollScript.Update () [0x00018] in C:\Users\thhon\UnityFiles\TlimFinalProj2Dshooter\Assets\Scripts\BackGroundScrollScript.cs:26 

(Filename: Assets/Scripts/BackGroundScrollScript.cs Line: 26)

NullReferenceException: Object reference not set to an instance of an object
  at BackGroundScrollScript.Update () [0x00018] in C:\Users\thhon\UnityFiles\TlimFinalProj2Dshooter\Assets\Scripts\BackGroundScrollScript.cs:26 

(Filename: Assets/Scripts/BackGroundScrollScript.cs Line: 26)

NullReferenceException: Object reference not set to an instance of an object
  at BackGroundScrollScript.Update () [0x00018] in C:\Users\thhon\UnityFiles\TlimFinalProj2Dshooter\Assets\Scripts\BackGroundScrollScript.cs:26 

(Filename: Assets/Scripts/BackGroundScrollScript.cs Line: 26)

NullReferenceException: Object reference not set to an instance of an object
  at BackGroundScrollScript.Update () [0x00018] in C:\Users\thhon\UnityFiles\TlimFinalProj2Dshooter\Assets\Scripts\BackGroundScrollScript.cs:26 

(Filename: Assets/Scripts/BackGroundScrollScript.cs Line: 26)

NullReferenceException: Object reference not set to an instance of an object
  at BackGroundScrollScript.Update () [0x00018] in C:\Users\thhon\UnityFiles\TlimFinalProj2Dshooter\Assets\Scripts\BackGroundScrollScript.cs:26 

(Filename: Assets/Scripts/BackGroundScrollScript.cs Line: 26)

NullReferenceException: Object reference not set to an instance of an object
  at BackGroundScrollScript.Update () [0x00018] in C:\Users\thhon\UnityFiles\TlimFinalProj2Dshooter\Assets\Scripts\BackGroundScrollScript.cs:26 

(Filename: Assets/Scripts/BackGroundScrollScript.cs Line: 26)

NullReferenceException: Object reference not set to an instance of an object
  at BackGroundScrollScript.Update () [0x00018] in C:\Users\thhon\UnityFiles\TlimFinalProj2Dshooter\Assets\Scripts\BackGroundScrollScript.cs:26 

(Filename: Assets/Scripts/BackGroundScrollScript.cs Line: 26)

NullReferenceException: Object reference not set to an instance of an object
  at BackGroundScrollScript.Update () [0x00018] in C:\Users\thhon\UnityFiles\TlimFinalProj2Dshooter\Assets\Scripts\BackGroundScrollScript.cs:26 

(Filename: Assets/Scripts/BackGroundScrollScript.cs Line: 26)

NullReferenceException: Object reference not set to an instance of an object
  at BackGroundScrollScript.Update () [0x00018] in C:\Users\thhon\UnityFiles\TlimFinalProj2Dshooter\Assets\Scripts\BackGroundScrollScript.cs:26 

(Filename: Assets/Scripts/BackGroundScrollScript.cs Line: 26)

NullReferenceException: Object reference not set to an instance of an object
  at BackGroundScrollScript.Update () [0x00018] in C:\Users\thhon\UnityFiles\TlimFinalProj2Dshooter\Assets\Scripts\BackGroundScrollScript.cs:26 

(Filename: Assets/Scripts/BackGroundScrollScript.cs Line: 26)

NullReferenceException: Object reference not set to an instance of an object
  at BackGroundScrollScript.Update () [0x00018] in C:\Users\thhon\UnityFiles\TlimFinalProj2Dshooter\Assets\Scripts\BackGroundScrollScript.cs:26 

(Filename: Assets/Scripts/BackGroundScrollScript.cs Line: 26)

NullReferenceException: Object reference not set to an instance of an object
  at BackGroundScrollScript.Update () [0x00018] in C:\Users\thhon\UnityFiles\TlimFinalProj2Dshooter\Assets\Scripts\BackGroundScrollScript.cs:26 

(Filename: Assets/Scripts/BackGroundScrollScript.cs Line: 26)

NullReferenceException: Object reference not set to an instance of an object
  at BackGroundScrollScript.Update () [0x00018] in C:\Users\thhon\UnityFiles\TlimFinalProj2Dshooter\Assets\Scripts\BackGroundScrollScript.cs:26 

(Filename: Assets/Scripts/BackGroundScrollScript.cs Line: 26)

NullReferenceException: Object reference not set to an instance of an object
  at BackGroundScrollScript.Update () [0x00018] in C:\Users\thhon\UnityFiles\TlimFinalProj2Dshooter\Assets\Scripts\BackGroundScrollScript.cs:26 

(Filename: Assets/Scripts/BackGroundScrollScript.cs Line: 26)

NullReferenceException: Object reference not set to an instance of an object
  at BackGroundScrollScript.Update () [0x00018] in C:\Users\thhon\UnityFiles\TlimFinalProj2Dshooter\Assets\Scripts\BackGroundScrollScript.cs:26 

(Filename: Assets/Scripts/BackGroundScrollScript.cs Line: 26)

NullReferenceException: Object reference not set to an instance of an object
  at BackGroundScrollScript.Update () [0x00018] in C:\Users\thhon\UnityFiles\TlimFinalProj2Dshooter\Assets\Scripts\BackGroundScrollScript.cs:26 

(Filename: Assets/Scripts/BackGroundScrollScript.cs Line: 26)

NullReferenceException: Object reference not set to an instance of an object
  at BackGroundScrollScript.Update () [0x00018] in C:\Users\thhon\UnityFiles\TlimFinalProj2Dshooter\Assets\Scripts\BackGroundScrollScript.cs:26 

(Filename: Assets/Scripts/BackGroundScrollScript.cs Line: 26)

NullReferenceException: Object reference not set to an instance of an object
  at BackGroundScrollScript.Update () [0x00018] in C:\Users\thhon\UnityFiles\TlimFinalProj2Dshooter\Assets\Scripts\BackGroundScrollScript.cs:26 

(Filename: Assets/Scripts/BackGroundScrollScript.cs Line: 26)

NullReferenceException: Object reference not set to an instance of an object
  at BackGroundScrollScript.Update () [0x00018] in C:\Users\thhon\UnityFiles\TlimFinalProj2Dshooter\Assets\Scripts\BackGroundScrollScript.cs:26 

(Filename: Assets/Scripts/BackGroundScrollScript.cs Line: 26)

NullReferenceException: Object reference not set to an instance of an object
  at BackGroundScrollScript.Update () [0x00018] in C:\Users\thhon\UnityFiles\TlimFinalProj2Dshooter\Assets\Scripts\BackGroundScrollScript.cs:26 

(Filename: Assets/Scripts/BackGroundScrollScript.cs Line: 26)

NullReferenceException: Object reference not set to an instance of an object
  at BackGroundScrollScript.Update () [0x00018] in C:\Users\thhon\UnityFiles\TlimFinalProj2Dshooter\Assets\Scripts\BackGroundScrollScript.cs:26 

(Filename: Assets/Scripts/BackGroundScrollScript.cs Line: 26)

NullReferenceException: Object reference not set to an instance of an object
  at BackGroundScrollScript.Update () [0x00018] in C:\Users\thhon\UnityFiles\TlimFinalProj2Dshooter\Assets\Scripts\BackGroundScrollScript.cs:26 

(Filename: Assets/Scripts/BackGroundScrollScript.cs Line: 26)

NullReferenceException: Object reference not set to an instance of an object
  at BackGroundScrollScript.Update () [0x00018] in C:\Users\thhon\UnityFiles\TlimFinalProj2Dshooter\Assets\Scripts\BackGroundScrollScript.cs:26 

(Filename: Assets/Scripts/BackGroundScrollScript.cs Line: 26)

NullReferenceException: Object reference not set to an instance of an object
  at BackGroundScrollScript.Update () [0x00018] in C:\Users\thhon\UnityFiles\TlimFinalProj2Dshooter\Assets\Scripts\BackGroundScrollScript.cs:26 

(Filename: Assets/Scripts/BackGroundScrollScript.cs Line: 26)

NullReferenceException: Object reference not set to an instance of an object
  at BackGroundScrollScript.Update () [0x00018] in C:\Users\thhon\UnityFiles\TlimFinalProj2Dshooter\Assets\Scripts\BackGroundScrollScript.cs:26 

(Filename: Assets/Scripts/BackGroundScrollScript.cs Line: 26)

NullReferenceException: Object reference not set to an instance of an object
  at BackGroundScrollScript.Update () [0x00018] in C:\Users\thhon\UnityFiles\TlimFinalProj2Dshooter\Assets\Scripts\BackGroundScrollScript.cs:26 

(Filename: Assets/Scripts/BackGroundScrollScript.cs Line: 26)

NullReferenceException: Object reference not set to an instance of an object
  at BackGroundScrollScript.Update () [0x00018] in C:\Users\thhon\UnityFiles\TlimFinalProj2Dshooter\Assets\Scripts\BackGroundScrollScript.cs:26 

(Filename: Assets/Scripts/BackGroundScrollScript.cs Line: 26)

NullReferenceException: Object reference not set to an instance of an object
  at BackGroundScrollScript.Update () [0x00018] in C:\Users\thhon\UnityFiles\TlimFinalProj2Dshooter\Assets\Scripts\BackGroundScrollScript.cs:26 

(Filename: Assets/Scripts/BackGroundScrollScript.cs Line: 26)

NullReferenceException: Object reference not set to an instance of an object
  at BackGroundScrollScript.Update () [0x00018] in C:\Users\thhon\UnityFiles\TlimFinalProj2Dshooter\Assets\Scripts\BackGroundScrollScript.cs:26 

(Filename: Assets/Scripts/BackGroundScrollScript.cs Line: 26)

NullReferenceException: Object reference not set to an instance of an object
  at BackGroundScrollScript.Update () [0x00018] in C:\Users\thhon\UnityFiles\TlimFinalProj2Dshooter\Assets\Scripts\BackGroundScrollScript.cs:26 

(Filename: Assets/Scripts/BackGroundScrollScript.cs Line: 26)

NullReferenceException: Object reference not set to an instance of an object
  at BackGroundScrollScript.Update () [0x00018] in C:\Users\thhon\UnityFiles\TlimFinalProj2Dshooter\Assets\Scripts\BackGroundScrollScript.cs:26 

(Filename: Assets/Scripts/BackGroundScrollScript.cs Line: 26)

NullReferenceException: Object reference not set to an instance of an object
  at BackGroundScrollScript.Update () [0x00018] in C:\Users\thhon\UnityFiles\TlimFinalProj2Dshooter\Assets\Scripts\BackGroundScrollScript.cs:26 

(Filename: Assets/Scripts/BackGroundScrollScript.cs Line: 26)

NullReferenceException: Object reference not set to an instance of an object
  at BackGroundScrollScript.Update () [0x00018] in C:\Users\thhon\UnityFiles\TlimFinalProj2Dshooter\Assets\Scripts\BackGroundScrollScript.cs:26 

(Filename: Assets/Scripts/BackGroundScrollScript.cs Line: 26)

NullReferenceException: Object reference not set to an instance of an object
  at BackGroundScrollScript.Update () [0x00018] in C:\Users\thhon\UnityFiles\TlimFinalProj2Dshooter\Assets\Scripts\BackGroundScrollScript.cs:26 

(Filename: Assets/Scripts/BackGroundScrollScript.cs Line: 26)

NullReferenceException: Object reference not set to an instance of an object
  at BackGroundScrollScript.Update () [0x00018] in C:\Users\thhon\UnityFiles\TlimFinalProj2Dshooter\Assets\Scripts\BackGroundScrollScript.cs:26 

(Filename: Assets/Scripts/BackGroundScrollScript.cs Line: 26)

NullReferenceException: Object reference not set to an instance of an object
  at BackGroundScrollScript.Update () [0x00018] in C:\Users\thhon\UnityFiles\TlimFinalProj2Dshooter\Assets\Scripts\BackGroundScrollScript.cs:26 

(Filename: Assets/Scripts/BackGroundScrollScript.cs Line: 26)

NullReferenceException: Object reference not set to an instance of an object
  at BackGroundScrollScript.Update () [0x00018] in C:\Users\thhon\UnityFiles\TlimFinalProj2Dshooter\Assets\Scripts\BackGroundScrollScript.cs:26 

(Filename: Assets/Scripts/BackGroundScrollScript.cs Line: 26)

NullReferenceException: Object reference not set to an instance of an object
  at BackGroundScrollScript.Update () [0x00018] in C:\Users\thhon\UnityFiles\TlimFinalProj2Dshooter\Assets\Scripts\BackGroundScrollScript.cs:26 

(Filename: Assets/Scripts/BackGroundScrollScript.cs Line: 26)

NullReferenceException: Object reference not set to an instance of an object
  at BackGroundScrollScript.Update () [0x00018] in C:\Users\thhon\UnityFiles\TlimFinalProj2Dshooter\Assets\Scripts\BackGroundScrollScript.cs:26 

(Filename: Assets/Scripts/BackGroundScrollScript.cs Line: 26)

NullReferenceException: Object reference not set to an instance of an object
  at BackGroundScrollScript.Update () [0x00018] in C:\Users\thhon\UnityFiles\TlimFinalProj2Dshooter\Assets\Scripts\BackGroundScrollScript.cs:26 

(Filename: Assets/Scripts/BackGroundScrollScript.cs Line: 26)

NullReferenceException: Object reference not set to an instance of an object
  at BackGroundScrollScript.Update () [0x00018] in C:\Users\thhon\UnityFiles\TlimFinalProj2Dshooter\Assets\Scripts\BackGroundScrollScript.cs:26 

(Filename: Assets/Scripts/BackGroundScrollScript.cs Line: 26)

NullReferenceException: Object reference not set to an instance of an object
  at BackGroundScrollScript.Update () [0x00018] in C:\Users\thhon\UnityFiles\TlimFinalProj2Dshooter\Assets\Scripts\BackGroundScrollScript.cs:26 

(Filename: Assets/Scripts/BackGroundScrollScript.cs Line: 26)

NullReferenceException: Object reference not set to an instance of an object
  at BackGroundScrollScript.Update () [0x00018] in C:\Users\thhon\UnityFiles\TlimFinalProj2Dshooter\Assets\Scripts\BackGroundScrollScript.cs:26 

(Filename: Assets/Scripts/BackGroundScrollScript.cs Line: 26)

NullReferenceException: Object reference not set to an instance of an object
  at BackGroundScrollScript.Update () [0x00018] in C:\Users\thhon\UnityFiles\TlimFinalProj2Dshooter\Assets\Scripts\BackGroundScrollScript.cs:26 

(Filename: Assets/Scripts/BackGroundScrollScript.cs Line: 26)

NullReferenceException: Object reference not set to an instance of an object
  at BackGroundScrollScript.Update () [0x00018] in C:\Users\thhon\UnityFiles\TlimFinalProj2Dshooter\Assets\Scripts\BackGroundScrollScript.cs:26 

(Filename: Assets/Scripts/BackGroundScrollScript.cs Line: 26)

NullReferenceException: Object reference not set to an instance of an object
  at BackGroundScrollScript.Update () [0x00018] in C:\Users\thhon\UnityFiles\TlimFinalProj2Dshooter\Assets\Scripts\BackGroundScrollScript.cs:26 

(Filename: Assets/Scripts/BackGroundScrollScript.cs Line: 26)

NullReferenceException: Object reference not set to an instance of an object
  at BackGroundScrollScript.Update () [0x00018] in C:\Users\thhon\UnityFiles\TlimFinalProj2Dshooter\Assets\Scripts\BackGroundScrollScript.cs:26 

(Filename: Assets/Scripts/BackGroundScrollScript.cs Line: 26)

NullReferenceException: Object reference not set to an instance of an object
  at BackGroundScrollScript.Update () [0x00018] in C:\Users\thhon\UnityFiles\TlimFinalProj2Dshooter\Assets\Scripts\BackGroundScrollScript.cs:26 

(Filename: Assets/Scripts/BackGroundScrollScript.cs Line: 26)

NullReferenceException: Object reference not set to an instance of an object
  at BackGroundScrollScript.Update () [0x00018] in C:\Users\thhon\UnityFiles\TlimFinalProj2Dshooter\Assets\Scripts\BackGroundScrollScript.cs:26 

(Filename: Assets/Scripts/BackGroundScrollScript.cs Line: 26)

NullReferenceException: Object reference not set to an instance of an object
  at BackGroundScrollScript.Update () [0x00018] in C:\Users\thhon\UnityFiles\TlimFinalProj2Dshooter\Assets\Scripts\BackGroundScrollScript.cs:26 

(Filename: Assets/Scripts/BackGroundScrollScript.cs Line: 26)

NullReferenceException: Object reference not set to an instance of an object
  at BackGroundScrollScript.Update () [0x00018] in C:\Users\thhon\UnityFiles\TlimFinalProj2Dshooter\Assets\Scripts\BackGroundScrollScript.cs:26 

(Filename: Assets/Scripts/BackGroundScrollScript.cs Line: 26)

NullReferenceException: Object reference not set to an instance of an object
  at BackGroundScrollScript.Update () [0x00018] in C:\Users\thhon\UnityFiles\TlimFinalProj2Dshooter\Assets\Scripts\BackGroundScrollScript.cs:26 

(Filename: Assets/Scripts/BackGroundScrollScript.cs Line: 26)

NullReferenceException: Object reference not set to an instance of an object
  at BackGroundScrollScript.Update () [0x00018] in C:\Users\thhon\UnityFiles\TlimFinalProj2Dshooter\Assets\Scripts\BackGroundScrollScript.cs:26 

(Filename: Assets/Scripts/BackGroundScrollScript.cs Line: 26)

NullReferenceException: Object reference not set to an instance of an object
  at BackGroundScrollScript.Update () [0x00018] in C:\Users\thhon\UnityFiles\TlimFinalProj2Dshooter\Assets\Scripts\BackGroundScrollScript.cs:26 

(Filename: Assets/Scripts/BackGroundScrollScript.cs Line: 26)

NullReferenceException: Object reference not set to an instance of an object
  at BackGroundScrollScript.Update () [0x00018] in C:\Users\thhon\UnityFiles\TlimFinalProj2Dshooter\Assets\Scripts\BackGroundScrollScript.cs:26 

(Filename: Assets/Scripts/BackGroundScrollScript.cs Line: 26)

NullReferenceException: Object reference not set to an instance of an object
  at BackGroundScrollScript.Update () [0x00018] in C:\Users\thhon\UnityFiles\TlimFinalProj2Dshooter\Assets\Scripts\BackGroundScrollScript.cs:26 

(Filename: Assets/Scripts/BackGroundScrollScript.cs Line: 26)

NullReferenceException: Object reference not set to an instance of an object
  at BackGroundScrollScript.Update () [0x00018] in C:\Users\thhon\UnityFiles\TlimFinalProj2Dshooter\Assets\Scripts\BackGroundScrollScript.cs:26 

(Filename: Assets/Scripts/BackGroundScrollScript.cs Line: 26)

NullReferenceException: Object reference not set to an instance of an object
  at BackGroundScrollScript.Update () [0x00018] in C:\Users\thhon\UnityFiles\TlimFinalProj2Dshooter\Assets\Scripts\BackGroundScrollScript.cs:26 

(Filename: Assets/Scripts/BackGroundScrollScript.cs Line: 26)

NullReferenceException: Object reference not set to an instance of an object
  at BackGroundScrollScript.Update () [0x00018] in C:\Users\thhon\UnityFiles\TlimFinalProj2Dshooter\Assets\Scripts\BackGroundScrollScript.cs:26 

(Filename: Assets/Scripts/BackGroundScrollScript.cs Line: 26)

NullReferenceException: Object reference not set to an instance of an object
  at BackGroundScrollScript.Update () [0x00018] in C:\Users\thhon\UnityFiles\TlimFinalProj2Dshooter\Assets\Scripts\BackGroundScrollScript.cs:26 

(Filename: Assets/Scripts/BackGroundScrollScript.cs Line: 26)

NullReferenceException: Object reference not set to an instance of an object
  at BackGroundScrollScript.Update () [0x00018] in C:\Users\thhon\UnityFiles\TlimFinalProj2Dshooter\Assets\Scripts\BackGroundScrollScript.cs:26 

(Filename: Assets/Scripts/BackGroundScrollScript.cs Line: 26)

NullReferenceException: Object reference not set to an instance of an object
  at BackGroundScrollScript.Update () [0x00018] in C:\Users\thhon\UnityFiles\TlimFinalProj2Dshooter\Assets\Scripts\BackGroundScrollScript.cs:26 

(Filename: Assets/Scripts/BackGroundScrollScript.cs Line: 26)

NullReferenceException: Object reference not set to an instance of an object
  at BackGroundScrollScript.Update () [0x00018] in C:\Users\thhon\UnityFiles\TlimFinalProj2Dshooter\Assets\Scripts\BackGroundScrollScript.cs:26 

(Filename: Assets/Scripts/BackGroundScrollScript.cs Line: 26)

NullReferenceException: Object reference not set to an instance of an object
  at BackGroundScrollScript.Update () [0x00018] in C:\Users\thhon\UnityFiles\TlimFinalProj2Dshooter\Assets\Scripts\BackGroundScrollScript.cs:26 

(Filename: Assets/Scripts/BackGroundScrollScript.cs Line: 26)

NullReferenceException: Object reference not set to an instance of an object
  at BackGroundScrollScript.Update () [0x00018] in C:\Users\thhon\UnityFiles\TlimFinalProj2Dshooter\Assets\Scripts\BackGroundScrollScript.cs:26 

(Filename: Assets/Scripts/BackGroundScrollScript.cs Line: 26)

NullReferenceException: Object reference not set to an instance of an object
  at BackGroundScrollScript.Update () [0x00018] in C:\Users\thhon\UnityFiles\TlimFinalProj2Dshooter\Assets\Scripts\BackGroundScrollScript.cs:26 

(Filename: Assets/Scripts/BackGroundScrollScript.cs Line: 26)

NullReferenceException: Object reference not set to an instance of an object
  at BackGroundScrollScript.Update () [0x00018] in C:\Users\thhon\UnityFiles\TlimFinalProj2Dshooter\Assets\Scripts\BackGroundScrollScript.cs:26 

(Filename: Assets/Scripts/BackGroundScrollScript.cs Line: 26)

NullReferenceException: Object reference not set to an instance of an object
  at BackGroundScrollScript.Update () [0x00018] in C:\Users\thhon\UnityFiles\TlimFinalProj2Dshooter\Assets\Scripts\BackGroundScrollScript.cs:26 

(Filename: Assets/Scripts/BackGroundScrollScript.cs Line: 26)

NullReferenceException: Object reference not set to an instance of an object
  at BackGroundScrollScript.Update () [0x00018] in C:\Users\thhon\UnityFiles\TlimFinalProj2Dshooter\Assets\Scripts\BackGroundScrollScript.cs:26 

(Filename: Assets/Scripts/BackGroundScrollScript.cs Line: 26)

NullReferenceException: Object reference not set to an instance of an object
  at BackGroundScrollScript.Update () [0x00018] in C:\Users\thhon\UnityFiles\TlimFinalProj2Dshooter\Assets\Scripts\BackGroundScrollScript.cs:26 

(Filename: Assets/Scripts/BackGroundScrollScript.cs Line: 26)

NullReferenceException: Object reference not set to an instance of an object
  at BackGroundScrollScript.Update () [0x00018] in C:\Users\thhon\UnityFiles\TlimFinalProj2Dshooter\Assets\Scripts\BackGroundScrollScript.cs:26 

(Filename: Assets/Scripts/BackGroundScrollScript.cs Line: 26)

NullReferenceException: Object reference not set to an instance of an object
  at BackGroundScrollScript.Update () [0x00018] in C:\Users\thhon\UnityFiles\TlimFinalProj2Dshooter\Assets\Scripts\BackGroundScrollScript.cs:26 

(Filename: Assets/Scripts/BackGroundScrollScript.cs Line: 26)

NullReferenceException: Object reference not set to an instance of an object
  at BackGroundScrollScript.Update () [0x00018] in C:\Users\thhon\UnityFiles\TlimFinalProj2Dshooter\Assets\Scripts\BackGroundScrollScript.cs:26 

(Filename: Assets/Scripts/BackGroundScrollScript.cs Line: 26)

NullReferenceException: Object reference not set to an instance of an object
  at BackGroundScrollScript.Update () [0x00018] in C:\Users\thhon\UnityFiles\TlimFinalProj2Dshooter\Assets\Scripts\BackGroundScrollScript.cs:26 

(Filename: Assets/Scripts/BackGroundScrollScript.cs Line: 26)

NullReferenceException: Object reference not set to an instance of an object
  at BackGroundScrollScript.Update () [0x00018] in C:\Users\thhon\UnityFiles\TlimFinalProj2Dshooter\Assets\Scripts\BackGroundScrollScript.cs:26 

(Filename: Assets/Scripts/BackGroundScrollScript.cs Line: 26)

NullReferenceException: Object reference not set to an instance of an object
  at BackGroundScrollScript.Update () [0x00018] in C:\Users\thhon\UnityFiles\TlimFinalProj2Dshooter\Assets\Scripts\BackGroundScrollScript.cs:26 

(Filename: Assets/Scripts/BackGroundScrollScript.cs Line: 26)

NullReferenceException: Object reference not set to an instance of an object
  at BackGroundScrollScript.Update () [0x00018] in C:\Users\thhon\UnityFiles\TlimFinalProj2Dshooter\Assets\Scripts\BackGroundScrollScript.cs:26 

(Filename: Assets/Scripts/BackGroundScrollScript.cs Line: 26)

NullReferenceException: Object reference not set to an instance of an object
  at BackGroundScrollScript.Update () [0x00018] in C:\Users\thhon\UnityFiles\TlimFinalProj2Dshooter\Assets\Scripts\BackGroundScrollScript.cs:26 

(Filename: Assets/Scripts/BackGroundScrollScript.cs Line: 26)

NullReferenceException: Object reference not set to an instance of an object
  at BackGroundScrollScript.Update () [0x00018] in C:\Users\thhon\UnityFiles\TlimFinalProj2Dshooter\Assets\Scripts\BackGroundScrollScript.cs:26 

(Filename: Assets/Scripts/BackGroundScrollScript.cs Line: 26)

NullReferenceException: Object reference not set to an instance of an object
  at BackGroundScrollScript.Update () [0x00018] in C:\Users\thhon\UnityFiles\TlimFinalProj2Dshooter\Assets\Scripts\BackGroundScrollScript.cs:26 

(Filename: Assets/Scripts/BackGroundScrollScript.cs Line: 26)

NullReferenceException: Object reference not set to an instance of an object
  at BackGroundScrollScript.Update () [0x00018] in C:\Users\thhon\UnityFiles\TlimFinalProj2Dshooter\Assets\Scripts\BackGroundScrollScript.cs:26 

(Filename: Assets/Scripts/BackGroundScrollScript.cs Line: 26)

NullReferenceException: Object reference not set to an instance of an object
  at BackGroundScrollScript.Update () [0x00018] in C:\Users\thhon\UnityFiles\TlimFinalProj2Dshooter\Assets\Scripts\BackGroundScrollScript.cs:26 

(Filename: Assets/Scripts/BackGroundScrollScript.cs Line: 26)

NullReferenceException: Object reference not set to an instance of an object
  at BackGroundScrollScript.Update () [0x00018] in C:\Users\thhon\UnityFiles\TlimFinalProj2Dshooter\Assets\Scripts\BackGroundScrollScript.cs:26 

(Filename: Assets/Scripts/BackGroundScrollScript.cs Line: 26)

NullReferenceException: Object reference not set to an instance of an object
  at BackGroundScrollScript.Update () [0x00018] in C:\Users\thhon\UnityFiles\TlimFinalProj2Dshooter\Assets\Scripts\BackGroundScrollScript.cs:26 

(Filename: Assets/Scripts/BackGroundScrollScript.cs Line: 26)

NullReferenceException: Object reference not set to an instance of an object
  at BackGroundScrollScript.Update () [0x00018] in C:\Users\thhon\UnityFiles\TlimFinalProj2Dshooter\Assets\Scripts\BackGroundScrollScript.cs:26 

(Filename: Assets/Scripts/BackGroundScrollScript.cs Line: 26)

NullReferenceException: Object reference not set to an instance of an object
  at BackGroundScrollScript.Update () [0x00018] in C:\Users\thhon\UnityFiles\TlimFinalProj2Dshooter\Assets\Scripts\BackGroundScrollScript.cs:26 

(Filename: Assets/Scripts/BackGroundScrollScript.cs Line: 26)

NullReferenceException: Object reference not set to an instance of an object
  at BackGroundScrollScript.Update () [0x00018] in C:\Users\thhon\UnityFiles\TlimFinalProj2Dshooter\Assets\Scripts\BackGroundScrollScript.cs:26 

(Filename: Assets/Scripts/BackGroundScrollScript.cs Line: 26)

NullReferenceException: Object reference not set to an instance of an object
  at BackGroundScrollScript.Update () [0x00018] in C:\Users\thhon\UnityFiles\TlimFinalProj2Dshooter\Assets\Scripts\BackGroundScrollScript.cs:26 

(Filename: Assets/Scripts/BackGroundScrollScript.cs Line: 26)

NullReferenceException: Object reference not set to an instance of an object
  at BackGroundScrollScript.Update () [0x00018] in C:\Users\thhon\UnityFiles\TlimFinalProj2Dshooter\Assets\Scripts\BackGroundScrollScript.cs:26 

(Filename: Assets/Scripts/BackGroundScrollScript.cs Line: 26)

NullReferenceException: Object reference not set to an instance of an object
  at BackGroundScrollScript.Update () [0x00018] in C:\Users\thhon\UnityFiles\TlimFinalProj2Dshooter\Assets\Scripts\BackGroundScrollScript.cs:26 

(Filename: Assets/Scripts/BackGroundScrollScript.cs Line: 26)

NullReferenceException: Object reference not set to an instance of an object
  at BackGroundScrollScript.Update () [0x00018] in C:\Users\thhon\UnityFiles\TlimFinalProj2Dshooter\Assets\Scripts\BackGroundScrollScript.cs:26 

(Filename: Assets/Scripts/BackGroundScrollScript.cs Line: 26)

NullReferenceException: Object reference not set to an instance of an object
  at BackGroundScrollScript.Update () [0x00018] in C:\Users\thhon\UnityFiles\TlimFinalProj2Dshooter\Assets\Scripts\BackGroundScrollScript.cs:26 

(Filename: Assets/Scripts/BackGroundScrollScript.cs Line: 26)

NullReferenceException: Object reference not set to an instance of an object
  at BackGroundScrollScript.Update () [0x00018] in C:\Users\thhon\UnityFiles\TlimFinalProj2Dshooter\Assets\Scripts\BackGroundScrollScript.cs:26 

(Filename: Assets/Scripts/BackGroundScrollScript.cs Line: 26)

NullReferenceException: Object reference not set to an instance of an object
  at BackGroundScrollScript.Update () [0x00018] in C:\Users\thhon\UnityFiles\TlimFinalProj2Dshooter\Assets\Scripts\BackGroundScrollScript.cs:26 

(Filename: Assets/Scripts/BackGroundScrollScript.cs Line: 26)

NullReferenceException: Object reference not set to an instance of an object
  at BackGroundScrollScript.Update () [0x00018] in C:\Users\thhon\UnityFiles\TlimFinalProj2Dshooter\Assets\Scripts\BackGroundScrollScript.cs:26 

(Filename: Assets/Scripts/BackGroundScrollScript.cs Line: 26)

NullReferenceException: Object reference not set to an instance of an object
  at BackGroundScrollScript.Update () [0x00018] in C:\Users\thhon\UnityFiles\TlimFinalProj2Dshooter\Assets\Scripts\BackGroundScrollScript.cs:26 

(Filename: Assets/Scripts/BackGroundScrollScript.cs Line: 26)

NullReferenceException: Object reference not set to an instance of an object
  at BackGroundScrollScript.Update () [0x00018] in C:\Users\thhon\UnityFiles\TlimFinalProj2Dshooter\Assets\Scripts\BackGroundScrollScript.cs:26 

(Filename: Assets/Scripts/BackGroundScrollScript.cs Line: 26)

NullReferenceException: Object reference not set to an instance of an object
  at BackGroundScrollScript.Update () [0x00018] in C:\Users\thhon\UnityFiles\TlimFinalProj2Dshooter\Assets\Scripts\BackGroundScrollScript.cs:26 

(Filename: Assets/Scripts/BackGroundScrollScript.cs Line: 26)

NullReferenceException: Object reference not set to an instance of an object
  at BackGroundScrollScript.Update () [0x00018] in C:\Users\thhon\UnityFiles\TlimFinalProj2Dshooter\Assets\Scripts\BackGroundScrollScript.cs:26 

(Filename: Assets/Scripts/BackGroundScrollScript.cs Line: 26)

NullReferenceException: Object reference not set to an instance of an object
  at BackGroundScrollScript.Update () [0x00018] in C:\Users\thhon\UnityFiles\TlimFinalProj2Dshooter\Assets\Scripts\BackGroundScrollScript.cs:26 

(Filename: Assets/Scripts/BackGroundScrollScript.cs Line: 26)

NullReferenceException: Object reference not set to an instance of an object
  at BackGroundScrollScript.Update () [0x00018] in C:\Users\thhon\UnityFiles\TlimFinalProj2Dshooter\Assets\Scripts\BackGroundScrollScript.cs:26 

(Filename: Assets/Scripts/BackGroundScrollScript.cs Line: 26)

NullReferenceException: Object reference not set to an instance of an object
  at BackGroundScrollScript.Update () [0x00018] in C:\Users\thhon\UnityFiles\TlimFinalProj2Dshooter\Assets\Scripts\BackGroundScrollScript.cs:26 

(Filename: Assets/Scripts/BackGroundScrollScript.cs Line: 26)

NullReferenceException: Object reference not set to an instance of an object
  at BackGroundScrollScript.Update () [0x00018] in C:\Users\thhon\UnityFiles\TlimFinalProj2Dshooter\Assets\Scripts\BackGroundScrollScript.cs:26 

(Filename: Assets/Scripts/BackGroundScrollScript.cs Line: 26)

NullReferenceException: Object reference not set to an instance of an object
  at BackGroundScrollScript.Update () [0x00018] in C:\Users\thhon\UnityFiles\TlimFinalProj2Dshooter\Assets\Scripts\BackGroundScrollScript.cs:26 

(Filename: Assets/Scripts/BackGroundScrollScript.cs Line: 26)

NullReferenceException: Object reference not set to an instance of an object
  at BackGroundScrollScript.Update () [0x00018] in C:\Users\thhon\UnityFiles\TlimFinalProj2Dshooter\Assets\Scripts\BackGroundScrollScript.cs:26 

(Filename: Assets/Scripts/BackGroundScrollScript.cs Line: 26)

NullReferenceException: Object reference not set to an instance of an object
  at BackGroundScrollScript.Update () [0x00018] in C:\Users\thhon\UnityFiles\TlimFinalProj2Dshooter\Assets\Scripts\BackGroundScrollScript.cs:26 

(Filename: Assets/Scripts/BackGroundScrollScript.cs Line: 26)

NullReferenceException: Object reference not set to an instance of an object
  at BackGroundScrollScript.Update () [0x00018] in C:\Users\thhon\UnityFiles\TlimFinalProj2Dshooter\Assets\Scripts\BackGroundScrollScript.cs:26 

(Filename: Assets/Scripts/BackGroundScrollScript.cs Line: 26)

NullReferenceException: Object reference not set to an instance of an object
  at BackGroundScrollScript.Update () [0x00018] in C:\Users\thhon\UnityFiles\TlimFinalProj2Dshooter\Assets\Scripts\BackGroundScrollScript.cs:26 

(Filename: Assets/Scripts/BackGroundScrollScript.cs Line: 26)

NullReferenceException: Object reference not set to an instance of an object
  at BackGroundScrollScript.Update () [0x00018] in C:\Users\thhon\UnityFiles\TlimFinalProj2Dshooter\Assets\Scripts\BackGroundScrollScript.cs:26 

(Filename: Assets/Scripts/BackGroundScrollScript.cs Line: 26)

NullReferenceException: Object reference not set to an instance of an object
  at BackGroundScrollScript.Update () [0x00018] in C:\Users\thhon\UnityFiles\TlimFinalProj2Dshooter\Assets\Scripts\BackGroundScrollScript.cs:26 

(Filename: Assets/Scripts/BackGroundScrollScript.cs Line: 26)

NullReferenceException: Object reference not set to an instance of an object
  at BackGroundScrollScript.Update () [0x00018] in C:\Users\thhon\UnityFiles\TlimFinalProj2Dshooter\Assets\Scripts\BackGroundScrollScript.cs:26 

(Filename: Assets/Scripts/BackGroundScrollScript.cs Line: 26)

NullReferenceException: Object reference not set to an instance of an object
  at BackGroundScrollScript.Update () [0x00018] in C:\Users\thhon\UnityFiles\TlimFinalProj2Dshooter\Assets\Scripts\BackGroundScrollScript.cs:26 

(Filename: Assets/Scripts/BackGroundScrollScript.cs Line: 26)

NullReferenceException: Object reference not set to an instance of an object
  at BackGroundScrollScript.Update () [0x00018] in C:\Users\thhon\UnityFiles\TlimFinalProj2Dshooter\Assets\Scripts\BackGroundScrollScript.cs:26 

(Filename: Assets/Scripts/BackGroundScrollScript.cs Line: 26)

NullReferenceException: Object reference not set to an instance of an object
  at BackGroundScrollScript.Update () [0x00018] in C:\Users\thhon\UnityFiles\TlimFinalProj2Dshooter\Assets\Scripts\BackGroundScrollScript.cs:26 

(Filename: Assets/Scripts/BackGroundScrollScript.cs Line: 26)

NullReferenceException: Object reference not set to an instance of an object
  at BackGroundScrollScript.Update () [0x00018] in C:\Users\thhon\UnityFiles\TlimFinalProj2Dshooter\Assets\Scripts\BackGroundScrollScript.cs:26 

(Filename: Assets/Scripts/BackGroundScrollScript.cs Line: 26)

NullReferenceException: Object reference not set to an instance of an object
  at BackGroundScrollScript.Update () [0x00018] in C:\Users\thhon\UnityFiles\TlimFinalProj2Dshooter\Assets\Scripts\BackGroundScrollScript.cs:26 

(Filename: Assets/Scripts/BackGroundScrollScript.cs Line: 26)

NullReferenceException: Object reference not set to an instance of an object
  at BackGroundScrollScript.Update () [0x00018] in C:\Users\thhon\UnityFiles\TlimFinalProj2Dshooter\Assets\Scripts\BackGroundScrollScript.cs:26 

(Filename: Assets/Scripts/BackGroundScrollScript.cs Line: 26)

NullReferenceException: Object reference not set to an instance of an object
  at BackGroundScrollScript.Update () [0x00018] in C:\Users\thhon\UnityFiles\TlimFinalProj2Dshooter\Assets\Scripts\BackGroundScrollScript.cs:26 

(Filename: Assets/Scripts/BackGroundScrollScript.cs Line: 26)

NullReferenceException: Object reference not set to an instance of an object
  at BackGroundScrollScript.Update () [0x00018] in C:\Users\thhon\UnityFiles\TlimFinalProj2Dshooter\Assets\Scripts\BackGroundScrollScript.cs:26 

(Filename: Assets/Scripts/BackGroundScrollScript.cs Line: 26)

NullReferenceException: Object reference not set to an instance of an object
  at BackGroundScrollScript.Update () [0x00018] in C:\Users\thhon\UnityFiles\TlimFinalProj2Dshooter\Assets\Scripts\BackGroundScrollScript.cs:26 

(Filename: Assets/Scripts/BackGroundScrollScript.cs Line: 26)

NullReferenceException: Object reference not set to an instance of an object
  at BackGroundScrollScript.Update () [0x00018] in C:\Users\thhon\UnityFiles\TlimFinalProj2Dshooter\Assets\Scripts\BackGroundScrollScript.cs:26 

(Filename: Assets/Scripts/BackGroundScrollScript.cs Line: 26)

NullReferenceException: Object reference not set to an instance of an object
  at BackGroundScrollScript.Update () [0x00018] in C:\Users\thhon\UnityFiles\TlimFinalProj2Dshooter\Assets\Scripts\BackGroundScrollScript.cs:26 

(Filename: Assets/Scripts/BackGroundScrollScript.cs Line: 26)

NullReferenceException: Object reference not set to an instance of an object
  at BackGroundScrollScript.Update () [0x00018] in C:\Users\thhon\UnityFiles\TlimFinalProj2Dshooter\Assets\Scripts\BackGroundScrollScript.cs:26 

(Filename: Assets/Scripts/BackGroundScrollScript.cs Line: 26)

NullReferenceException: Object reference not set to an instance of an object
  at BackGroundScrollScript.Update () [0x00018] in C:\Users\thhon\UnityFiles\TlimFinalProj2Dshooter\Assets\Scripts\BackGroundScrollScript.cs:26 

(Filename: Assets/Scripts/BackGroundScrollScript.cs Line: 26)

NullReferenceException: Object reference not set to an instance of an object
  at BackGroundScrollScript.Update () [0x00018] in C:\Users\thhon\UnityFiles\TlimFinalProj2Dshooter\Assets\Scripts\BackGroundScrollScript.cs:26 

(Filename: Assets/Scripts/BackGroundScrollScript.cs Line: 26)

NullReferenceException: Object reference not set to an instance of an object
  at BackGroundScrollScript.Update () [0x00018] in C:\Users\thhon\UnityFiles\TlimFinalProj2Dshooter\Assets\Scripts\BackGroundScrollScript.cs:26 

(Filename: Assets/Scripts/BackGroundScrollScript.cs Line: 26)

NullReferenceException: Object reference not set to an instance of an object
  at BackGroundScrollScript.Update () [0x00018] in C:\Users\thhon\UnityFiles\TlimFinalProj2Dshooter\Assets\Scripts\BackGroundScrollScript.cs:26 

(Filename: Assets/Scripts/BackGroundScrollScript.cs Line: 26)

NullReferenceException: Object reference not set to an instance of an object
  at BackGroundScrollScript.Update () [0x00018] in C:\Users\thhon\UnityFiles\TlimFinalProj2Dshooter\Assets\Scripts\BackGroundScrollScript.cs:26 

(Filename: Assets/Scripts/BackGroundScrollScript.cs Line: 26)

NullReferenceException: Object reference not set to an instance of an object
  at BackGroundScrollScript.Update () [0x00018] in C:\Users\thhon\UnityFiles\TlimFinalProj2Dshooter\Assets\Scripts\BackGroundScrollScript.cs:26 

(Filename: Assets/Scripts/BackGroundScrollScript.cs Line: 26)

NullReferenceException: Object reference not set to an instance of an object
  at BackGroundScrollScript.Update () [0x00018] in C:\Users\thhon\UnityFiles\TlimFinalProj2Dshooter\Assets\Scripts\BackGroundScrollScript.cs:26 

(Filename: Assets/Scripts/BackGroundScrollScript.cs Line: 26)

NullReferenceException: Object reference not set to an instance of an object
  at BackGroundScrollScript.Update () [0x00018] in C:\Users\thhon\UnityFiles\TlimFinalProj2Dshooter\Assets\Scripts\BackGroundScrollScript.cs:26 

(Filename: Assets/Scripts/BackGroundScrollScript.cs Line: 26)

NullReferenceException: Object reference not set to an instance of an object
  at BackGroundScrollScript.Update () [0x00018] in C:\Users\thhon\UnityFiles\TlimFinalProj2Dshooter\Assets\Scripts\BackGroundScrollScript.cs:26 

(Filename: Assets/Scripts/BackGroundScrollScript.cs Line: 26)

NullReferenceException: Object reference not set to an instance of an object
  at BackGroundScrollScript.Update () [0x00018] in C:\Users\thhon\UnityFiles\TlimFinalProj2Dshooter\Assets\Scripts\BackGroundScrollScript.cs:26 

(Filename: Assets/Scripts/BackGroundScrollScript.cs Line: 26)

NullReferenceException: Object reference not set to an instance of an object
  at BackGroundScrollScript.Update () [0x00018] in C:\Users\thhon\UnityFiles\TlimFinalProj2Dshooter\Assets\Scripts\BackGroundScrollScript.cs:26 

(Filename: Assets/Scripts/BackGroundScrollScript.cs Line: 26)

NullReferenceException: Object reference not set to an instance of an object
  at BackGroundScrollScript.Update () [0x00018] in C:\Users\thhon\UnityFiles\TlimFinalProj2Dshooter\Assets\Scripts\BackGroundScrollScript.cs:26 

(Filename: Assets/Scripts/BackGroundScrollScript.cs Line: 26)

NullReferenceException: Object reference not set to an instance of an object
  at BackGroundScrollScript.Update () [0x00018] in C:\Users\thhon\UnityFiles\TlimFinalProj2Dshooter\Assets\Scripts\BackGroundScrollScript.cs:26 

(Filename: Assets/Scripts/BackGroundScrollScript.cs Line: 26)

NullReferenceException: Object reference not set to an instance of an object
  at BackGroundScrollScript.Update () [0x00018] in C:\Users\thhon\UnityFiles\TlimFinalProj2Dshooter\Assets\Scripts\BackGroundScrollScript.cs:26 

(Filename: Assets/Scripts/BackGroundScrollScript.cs Line: 26)

NullReferenceException: Object reference not set to an instance of an object
  at BackGroundScrollScript.Update () [0x00018] in C:\Users\thhon\UnityFiles\TlimFinalProj2Dshooter\Assets\Scripts\BackGroundScrollScript.cs:26 

(Filename: Assets/Scripts/BackGroundScrollScript.cs Line: 26)

NullReferenceException: Object reference not set to an instance of an object
  at BackGroundScrollScript.Update () [0x00018] in C:\Users\thhon\UnityFiles\TlimFinalProj2Dshooter\Assets\Scripts\BackGroundScrollScript.cs:26 

(Filename: Assets/Scripts/BackGroundScrollScript.cs Line: 26)

NullReferenceException: Object reference not set to an instance of an object
  at BackGroundScrollScript.Update () [0x00018] in C:\Users\thhon\UnityFiles\TlimFinalProj2Dshooter\Assets\Scripts\BackGroundScrollScript.cs:26 

(Filename: Assets/Scripts/BackGroundScrollScript.cs Line: 26)

NullReferenceException: Object reference not set to an instance of an object
  at BackGroundScrollScript.Update () [0x00018] in C:\Users\thhon\UnityFiles\TlimFinalProj2Dshooter\Assets\Scripts\BackGroundScrollScript.cs:26 

(Filename: Assets/Scripts/BackGroundScrollScript.cs Line: 26)

NullReferenceException: Object reference not set to an instance of an object
  at BackGroundScrollScript.Update () [0x00018] in C:\Users\thhon\UnityFiles\TlimFinalProj2Dshooter\Assets\Scripts\BackGroundScrollScript.cs:26 

(Filename: Assets/Scripts/BackGroundScrollScript.cs Line: 26)

NullReferenceException: Object reference not set to an instance of an object
  at BackGroundScrollScript.Update () [0x00018] in C:\Users\thhon\UnityFiles\TlimFinalProj2Dshooter\Assets\Scripts\BackGroundScrollScript.cs:26 

(Filename: Assets/Scripts/BackGroundScrollScript.cs Line: 26)

NullReferenceException: Object reference not set to an instance of an object
  at BackGroundScrollScript.Update () [0x00018] in C:\Users\thhon\UnityFiles\TlimFinalProj2Dshooter\Assets\Scripts\BackGroundScrollScript.cs:26 

(Filename: Assets/Scripts/BackGroundScrollScript.cs Line: 26)

NullReferenceException: Object reference not set to an instance of an object
  at BackGroundScrollScript.Update () [0x00018] in C:\Users\thhon\UnityFiles\TlimFinalProj2Dshooter\Assets\Scripts\BackGroundScrollScript.cs:26 

(Filename: Assets/Scripts/BackGroundScrollScript.cs Line: 26)

NullReferenceException: Object reference not set to an instance of an object
  at BackGroundScrollScript.Update () [0x00018] in C:\Users\thhon\UnityFiles\TlimFinalProj2Dshooter\Assets\Scripts\BackGroundScrollScript.cs:26 

(Filename: Assets/Scripts/BackGroundScrollScript.cs Line: 26)

NullReferenceException: Object reference not set to an instance of an object
  at BackGroundScrollScript.Update () [0x00018] in C:\Users\thhon\UnityFiles\TlimFinalProj2Dshooter\Assets\Scripts\BackGroundScrollScript.cs:26 

(Filename: Assets/Scripts/BackGroundScrollScript.cs Line: 26)

NullReferenceException: Object reference not set to an instance of an object
  at BackGroundScrollScript.Update () [0x00018] in C:\Users\thhon\UnityFiles\TlimFinalProj2Dshooter\Assets\Scripts\BackGroundScrollScript.cs:26 

(Filename: Assets/Scripts/BackGroundScrollScript.cs Line: 26)

NullReferenceException: Object reference not set to an instance of an object
  at BackGroundScrollScript.Update () [0x00018] in C:\Users\thhon\UnityFiles\TlimFinalProj2Dshooter\Assets\Scripts\BackGroundScrollScript.cs:26 

(Filename: Assets/Scripts/BackGroundScrollScript.cs Line: 26)

NullReferenceException: Object reference not set to an instance of an object
  at BackGroundScrollScript.Update () [0x00018] in C:\Users\thhon\UnityFiles\TlimFinalProj2Dshooter\Assets\Scripts\BackGroundScrollScript.cs:26 

(Filename: Assets/Scripts/BackGroundScrollScript.cs Line: 26)

NullReferenceException: Object reference not set to an instance of an object
  at BackGroundScrollScript.Update () [0x00018] in C:\Users\thhon\UnityFiles\TlimFinalProj2Dshooter\Assets\Scripts\BackGroundScrollScript.cs:26 

(Filename: Assets/Scripts/BackGroundScrollScript.cs Line: 26)

NullReferenceException: Object reference not set to an instance of an object
  at BackGroundScrollScript.Update () [0x00018] in C:\Users\thhon\UnityFiles\TlimFinalProj2Dshooter\Assets\Scripts\BackGroundScrollScript.cs:26 

(Filename: Assets/Scripts/BackGroundScrollScript.cs Line: 26)

NullReferenceException: Object reference not set to an instance of an object
  at BackGroundScrollScript.Update () [0x00018] in C:\Users\thhon\UnityFiles\TlimFinalProj2Dshooter\Assets\Scripts\BackGroundScrollScript.cs:26 

(Filename: Assets/Scripts/BackGroundScrollScript.cs Line: 26)

NullReferenceException: Object reference not set to an instance of an object
  at BackGroundScrollScript.Update () [0x00018] in C:\Users\thhon\UnityFiles\TlimFinalProj2Dshooter\Assets\Scripts\BackGroundScrollScript.cs:26 

(Filename: Assets/Scripts/BackGroundScrollScript.cs Line: 26)

NullReferenceException: Object reference not set to an instance of an object
  at BackGroundScrollScript.Update () [0x00018] in C:\Users\thhon\UnityFiles\TlimFinalProj2Dshooter\Assets\Scripts\BackGroundScrollScript.cs:26 

(Filename: Assets/Scripts/BackGroundScrollScript.cs Line: 26)

NullReferenceException: Object reference not set to an instance of an object
  at BackGroundScrollScript.Update () [0x00018] in C:\Users\thhon\UnityFiles\TlimFinalProj2Dshooter\Assets\Scripts\BackGroundScrollScript.cs:26 

(Filename: Assets/Scripts/BackGroundScrollScript.cs Line: 26)

NullReferenceException: Object reference not set to an instance of an object
  at BackGroundScrollScript.Update () [0x00018] in C:\Users\thhon\UnityFiles\TlimFinalProj2Dshooter\Assets\Scripts\BackGroundScrollScript.cs:26 

(Filename: Assets/Scripts/BackGroundScrollScript.cs Line: 26)

NullReferenceException: Object reference not set to an instance of an object
  at BackGroundScrollScript.Update () [0x00018] in C:\Users\thhon\UnityFiles\TlimFinalProj2Dshooter\Assets\Scripts\BackGroundScrollScript.cs:26 

(Filename: Assets/Scripts/BackGroundScrollScript.cs Line: 26)

NullReferenceException: Object reference not set to an instance of an object
  at BackGroundScrollScript.Update () [0x00018] in C:\Users\thhon\UnityFiles\TlimFinalProj2Dshooter\Assets\Scripts\BackGroundScrollScript.cs:26 

(Filename: Assets/Scripts/BackGroundScrollScript.cs Line: 26)

NullReferenceException: Object reference not set to an instance of an object
  at BackGroundScrollScript.Update () [0x00018] in C:\Users\thhon\UnityFiles\TlimFinalProj2Dshooter\Assets\Scripts\BackGroundScrollScript.cs:26 

(Filename: Assets/Scripts/BackGroundScrollScript.cs Line: 26)

NullReferenceException: Object reference not set to an instance of an object
  at BackGroundScrollScript.Update () [0x00018] in C:\Users\thhon\UnityFiles\TlimFinalProj2Dshooter\Assets\Scripts\BackGroundScrollScript.cs:26 

(Filename: Assets/Scripts/BackGroundScrollScript.cs Line: 26)

NullReferenceException: Object reference not set to an instance of an object
  at BackGroundScrollScript.Update () [0x00018] in C:\Users\thhon\UnityFiles\TlimFinalProj2Dshooter\Assets\Scripts\BackGroundScrollScript.cs:26 

(Filename: Assets/Scripts/BackGroundScrollScript.cs Line: 26)

NullReferenceException: Object reference not set to an instance of an object
  at BackGroundScrollScript.Update () [0x00018] in C:\Users\thhon\UnityFiles\TlimFinalProj2Dshooter\Assets\Scripts\BackGroundScrollScript.cs:26 

(Filename: Assets/Scripts/BackGroundScrollScript.cs Line: 26)

NullReferenceException: Object reference not set to an instance of an object
  at BackGroundScrollScript.Update () [0x00018] in C:\Users\thhon\UnityFiles\TlimFinalProj2Dshooter\Assets\Scripts\BackGroundScrollScript.cs:26 

(Filename: Assets/Scripts/BackGroundScrollScript.cs Line: 26)

NullReferenceException: Object reference not set to an instance of an object
  at BackGroundScrollScript.Update () [0x00018] in C:\Users\thhon\UnityFiles\TlimFinalProj2Dshooter\Assets\Scripts\BackGroundScrollScript.cs:26 

(Filename: Assets/Scripts/BackGroundScrollScript.cs Line: 26)

NullReferenceException: Object reference not set to an instance of an object
  at BackGroundScrollScript.Update () [0x00018] in C:\Users\thhon\UnityFiles\TlimFinalProj2Dshooter\Assets\Scripts\BackGroundScrollScript.cs:26 

(Filename: Assets/Scripts/BackGroundScrollScript.cs Line: 26)

NullReferenceException: Object reference not set to an instance of an object
  at BackGroundScrollScript.Update () [0x00018] in C:\Users\thhon\UnityFiles\TlimFinalProj2Dshooter\Assets\Scripts\BackGroundScrollScript.cs:26 

(Filename: Assets/Scripts/BackGroundScrollScript.cs Line: 26)

NullReferenceException: Object reference not set to an instance of an object
  at BackGroundScrollScript.Update () [0x00018] in C:\Users\thhon\UnityFiles\TlimFinalProj2Dshooter\Assets\Scripts\BackGroundScrollScript.cs:26 

(Filename: Assets/Scripts/BackGroundScrollScript.cs Line: 26)

NullReferenceException: Object reference not set to an instance of an object
  at BackGroundScrollScript.Update () [0x00018] in C:\Users\thhon\UnityFiles\TlimFinalProj2Dshooter\Assets\Scripts\BackGroundScrollScript.cs:26 

(Filename: Assets/Scripts/BackGroundScrollScript.cs Line: 26)

NullReferenceException: Object reference not set to an instance of an object
  at BackGroundScrollScript.Update () [0x00018] in C:\Users\thhon\UnityFiles\TlimFinalProj2Dshooter\Assets\Scripts\BackGroundScrollScript.cs:26 

(Filename: Assets/Scripts/BackGroundScrollScript.cs Line: 26)

NullReferenceException: Object reference not set to an instance of an object
  at BackGroundScrollScript.Update () [0x00018] in C:\Users\thhon\UnityFiles\TlimFinalProj2Dshooter\Assets\Scripts\BackGroundScrollScript.cs:26 

(Filename: Assets/Scripts/BackGroundScrollScript.cs Line: 26)

NullReferenceException: Object reference not set to an instance of an object
  at BackGroundScrollScript.Update () [0x00018] in C:\Users\thhon\UnityFiles\TlimFinalProj2Dshooter\Assets\Scripts\BackGroundScrollScript.cs:26 

(Filename: Assets/Scripts/BackGroundScrollScript.cs Line: 26)

NullReferenceException: Object reference not set to an instance of an object
  at BackGroundScrollScript.Update () [0x00018] in C:\Users\thhon\UnityFiles\TlimFinalProj2Dshooter\Assets\Scripts\BackGroundScrollScript.cs:26 

(Filename: Assets/Scripts/BackGroundScrollScript.cs Line: 26)

NullReferenceException: Object reference not set to an instance of an object
  at BackGroundScrollScript.Update () [0x00018] in C:\Users\thhon\UnityFiles\TlimFinalProj2Dshooter\Assets\Scripts\BackGroundScrollScript.cs:26 

(Filename: Assets/Scripts/BackGroundScrollScript.cs Line: 26)

NullReferenceException: Object reference not set to an instance of an object
  at BackGroundScrollScript.Update () [0x00018] in C:\Users\thhon\UnityFiles\TlimFinalProj2Dshooter\Assets\Scripts\BackGroundScrollScript.cs:26 

(Filename: Assets/Scripts/BackGroundScrollScript.cs Line: 26)

NullReferenceException: Object reference not set to an instance of an object
  at BackGroundScrollScript.Update () [0x00018] in C:\Users\thhon\UnityFiles\TlimFinalProj2Dshooter\Assets\Scripts\BackGroundScrollScript.cs:26 

(Filename: Assets/Scripts/BackGroundScrollScript.cs Line: 26)

NullReferenceException: Object reference not set to an instance of an object
  at BackGroundScrollScript.Update () [0x00018] in C:\Users\thhon\UnityFiles\TlimFinalProj2Dshooter\Assets\Scripts\BackGroundScrollScript.cs:26 

(Filename: Assets/Scripts/BackGroundScrollScript.cs Line: 26)

NullReferenceException: Object reference not set to an instance of an object
  at BackGroundScrollScript.Update () [0x00018] in C:\Users\thhon\UnityFiles\TlimFinalProj2Dshooter\Assets\Scripts\BackGroundScrollScript.cs:26 

(Filename: Assets/Scripts/BackGroundScrollScript.cs Line: 26)

NullReferenceException: Object reference not set to an instance of an object
  at BackGroundScrollScript.Update () [0x00018] in C:\Users\thhon\UnityFiles\TlimFinalProj2Dshooter\Assets\Scripts\BackGroundScrollScript.cs:26 

(Filename: Assets/Scripts/BackGroundScrollScript.cs Line: 26)

NullReferenceException: Object reference not set to an instance of an object
  at BackGroundScrollScript.Update () [0x00018] in C:\Users\thhon\UnityFiles\TlimFinalProj2Dshooter\Assets\Scripts\BackGroundScrollScript.cs:26 

(Filename: Assets/Scripts/BackGroundScrollScript.cs Line: 26)

NullReferenceException: Object reference not set to an instance of an object
  at BackGroundScrollScript.Update () [0x00018] in C:\Users\thhon\UnityFiles\TlimFinalProj2Dshooter\Assets\Scripts\BackGroundScrollScript.cs:26 

(Filename: Assets/Scripts/BackGroundScrollScript.cs Line: 26)

NullReferenceException: Object reference not set to an instance of an object
  at BackGroundScrollScript.Update () [0x00018] in C:\Users\thhon\UnityFiles\TlimFinalProj2Dshooter\Assets\Scripts\BackGroundScrollScript.cs:26 

(Filename: Assets/Scripts/BackGroundScrollScript.cs Line: 26)

NullReferenceException: Object reference not set to an instance of an object
  at BackGroundScrollScript.Update () [0x00018] in C:\Users\thhon\UnityFiles\TlimFinalProj2Dshooter\Assets\Scripts\BackGroundScrollScript.cs:26 

(Filename: Assets/Scripts/BackGroundScrollScript.cs Line: 26)

NullReferenceException: Object reference not set to an instance of an object
  at BackGroundScrollScript.Update () [0x00018] in C:\Users\thhon\UnityFiles\TlimFinalProj2Dshooter\Assets\Scripts\BackGroundScrollScript.cs:26 

(Filename: Assets/Scripts/BackGroundScrollScript.cs Line: 26)

NullReferenceException: Object reference not set to an instance of an object
  at BackGroundScrollScript.Update () [0x00018] in C:\Users\thhon\UnityFiles\TlimFinalProj2Dshooter\Assets\Scripts\BackGroundScrollScript.cs:26 

(Filename: Assets/Scripts/BackGroundScrollScript.cs Line: 26)

NullReferenceException: Object reference not set to an instance of an object
  at BackGroundScrollScript.Update () [0x00018] in C:\Users\thhon\UnityFiles\TlimFinalProj2Dshooter\Assets\Scripts\BackGroundScrollScript.cs:26 

(Filename: Assets/Scripts/BackGroundScrollScript.cs Line: 26)

NullReferenceException: Object reference not set to an instance of an object
  at BackGroundScrollScript.Update () [0x00018] in C:\Users\thhon\UnityFiles\TlimFinalProj2Dshooter\Assets\Scripts\BackGroundScrollScript.cs:26 

(Filename: Assets/Scripts/BackGroundScrollScript.cs Line: 26)

NullReferenceException: Object reference not set to an instance of an object
  at BackGroundScrollScript.Update () [0x00018] in C:\Users\thhon\UnityFiles\TlimFinalProj2Dshooter\Assets\Scripts\BackGroundScrollScript.cs:26 

(Filename: Assets/Scripts/BackGroundScrollScript.cs Line: 26)

NullReferenceException: Object reference not set to an instance of an object
  at BackGroundScrollScript.Update () [0x00018] in C:\Users\thhon\UnityFiles\TlimFinalProj2Dshooter\Assets\Scripts\BackGroundScrollScript.cs:26 

(Filename: Assets/Scripts/BackGroundScrollScript.cs Line: 26)

NullReferenceException: Object reference not set to an instance of an object
  at BackGroundScrollScript.Update () [0x00018] in C:\Users\thhon\UnityFiles\TlimFinalProj2Dshooter\Assets\Scripts\BackGroundScrollScript.cs:26 

(Filename: Assets/Scripts/BackGroundScrollScript.cs Line: 26)

NullReferenceException: Object reference not set to an instance of an object
  at BackGroundScrollScript.Update () [0x00018] in C:\Users\thhon\UnityFiles\TlimFinalProj2Dshooter\Assets\Scripts\BackGroundScrollScript.cs:26 

(Filename: Assets/Scripts/BackGroundScrollScript.cs Line: 26)

NullReferenceException: Object reference not set to an instance of an object
  at BackGroundScrollScript.Update () [0x00018] in C:\Users\thhon\UnityFiles\TlimFinalProj2Dshooter\Assets\Scripts\BackGroundScrollScript.cs:26 

(Filename: Assets/Scripts/BackGroundScrollScript.cs Line: 26)

NullReferenceException: Object reference not set to an instance of an object
  at BackGroundScrollScript.Update () [0x00018] in C:\Users\thhon\UnityFiles\TlimFinalProj2Dshooter\Assets\Scripts\BackGroundScrollScript.cs:26 

(Filename: Assets/Scripts/BackGroundScrollScript.cs Line: 26)

NullReferenceException: Object reference not set to an instance of an object
  at BackGroundScrollScript.Update () [0x00018] in C:\Users\thhon\UnityFiles\TlimFinalProj2Dshooter\Assets\Scripts\BackGroundScrollScript.cs:26 

(Filename: Assets/Scripts/BackGroundScrollScript.cs Line: 26)

NullReferenceException: Object reference not set to an instance of an object
  at BackGroundScrollScript.Update () [0x00018] in C:\Users\thhon\UnityFiles\TlimFinalProj2Dshooter\Assets\Scripts\BackGroundScrollScript.cs:26 

(Filename: Assets/Scripts/BackGroundScrollScript.cs Line: 26)

NullReferenceException: Object reference not set to an instance of an object
  at BackGroundScrollScript.Update () [0x00018] in C:\Users\thhon\UnityFiles\TlimFinalProj2Dshooter\Assets\Scripts\BackGroundScrollScript.cs:26 

(Filename: Assets/Scripts/BackGroundScrollScript.cs Line: 26)

NullReferenceException: Object reference not set to an instance of an object
  at BackGroundScrollScript.Update () [0x00018] in C:\Users\thhon\UnityFiles\TlimFinalProj2Dshooter\Assets\Scripts\BackGroundScrollScript.cs:26 

(Filename: Assets/Scripts/BackGroundScrollScript.cs Line: 26)

NullReferenceException: Object reference not set to an instance of an object
  at BackGroundScrollScript.Update () [0x00018] in C:\Users\thhon\UnityFiles\TlimFinalProj2Dshooter\Assets\Scripts\BackGroundScrollScript.cs:26 

(Filename: Assets/Scripts/BackGroundScrollScript.cs Line: 26)

NullReferenceException: Object reference not set to an instance of an object
  at BackGroundScrollScript.Update () [0x00018] in C:\Users\thhon\UnityFiles\TlimFinalProj2Dshooter\Assets\Scripts\BackGroundScrollScript.cs:26 

(Filename: Assets/Scripts/BackGroundScrollScript.cs Line: 26)

NullReferenceException: Object reference not set to an instance of an object
  at BackGroundScrollScript.Update () [0x00018] in C:\Users\thhon\UnityFiles\TlimFinalProj2Dshooter\Assets\Scripts\BackGroundScrollScript.cs:26 

(Filename: Assets/Scripts/BackGroundScrollScript.cs Line: 26)

NullReferenceException: Object reference not set to an instance of an object
  at BackGroundScrollScript.Update () [0x00018] in C:\Users\thhon\UnityFiles\TlimFinalProj2Dshooter\Assets\Scripts\BackGroundScrollScript.cs:26 

(Filename: Assets/Scripts/BackGroundScrollScript.cs Line: 26)

NullReferenceException: Object reference not set to an instance of an object
  at BackGroundScrollScript.Update () [0x00018] in C:\Users\thhon\UnityFiles\TlimFinalProj2Dshooter\Assets\Scripts\BackGroundScrollScript.cs:26 

(Filename: Assets/Scripts/BackGroundScrollScript.cs Line: 26)

NullReferenceException: Object reference not set to an instance of an object
  at BackGroundScrollScript.Update () [0x00018] in C:\Users\thhon\UnityFiles\TlimFinalProj2Dshooter\Assets\Scripts\BackGroundScrollScript.cs:26 

(Filename: Assets/Scripts/BackGroundScrollScript.cs Line: 26)

NullReferenceException: Object reference not set to an instance of an object
  at BackGroundScrollScript.Update () [0x00018] in C:\Users\thhon\UnityFiles\TlimFinalProj2Dshooter\Assets\Scripts\BackGroundScrollScript.cs:26 

(Filename: Assets/Scripts/BackGroundScrollScript.cs Line: 26)

NullReferenceException: Object reference not set to an instance of an object
  at BackGroundScrollScript.Update () [0x00018] in C:\Users\thhon\UnityFiles\TlimFinalProj2Dshooter\Assets\Scripts\BackGroundScrollScript.cs:26 

(Filename: Assets/Scripts/BackGroundScrollScript.cs Line: 26)

NullReferenceException: Object reference not set to an instance of an object
  at BackGroundScrollScript.Update () [0x00018] in C:\Users\thhon\UnityFiles\TlimFinalProj2Dshooter\Assets\Scripts\BackGroundScrollScript.cs:26 

(Filename: Assets/Scripts/BackGroundScrollScript.cs Line: 26)

NullReferenceException: Object reference not set to an instance of an object
  at BackGroundScrollScript.Update () [0x00018] in C:\Users\thhon\UnityFiles\TlimFinalProj2Dshooter\Assets\Scripts\BackGroundScrollScript.cs:26 

(Filename: Assets/Scripts/BackGroundScrollScript.cs Line: 26)

NullReferenceException: Object reference not set to an instance of an object
  at BackGroundScrollScript.Update () [0x00018] in C:\Users\thhon\UnityFiles\TlimFinalProj2Dshooter\Assets\Scripts\BackGroundScrollScript.cs:26 

(Filename: Assets/Scripts/BackGroundScrollScript.cs Line: 26)

NullReferenceException: Object reference not set to an instance of an object
  at BackGroundScrollScript.Update () [0x00018] in C:\Users\thhon\UnityFiles\TlimFinalProj2Dshooter\Assets\Scripts\BackGroundScrollScript.cs:26 

(Filename: Assets/Scripts/BackGroundScrollScript.cs Line: 26)

NullReferenceException: Object reference not set to an instance of an object
  at BackGroundScrollScript.Update () [0x00018] in C:\Users\thhon\UnityFiles\TlimFinalProj2Dshooter\Assets\Scripts\BackGroundScrollScript.cs:26 

(Filename: Assets/Scripts/BackGroundScrollScript.cs Line: 26)

NullReferenceException: Object reference not set to an instance of an object
  at BackGroundScrollScript.Update () [0x00018] in C:\Users\thhon\UnityFiles\TlimFinalProj2Dshooter\Assets\Scripts\BackGroundScrollScript.cs:26 

(Filename: Assets/Scripts/BackGroundScrollScript.cs Line: 26)

NullReferenceException: Object reference not set to an instance of an object
  at BackGroundScrollScript.Update () [0x00018] in C:\Users\thhon\UnityFiles\TlimFinalProj2Dshooter\Assets\Scripts\BackGroundScrollScript.cs:26 

(Filename: Assets/Scripts/BackGroundScrollScript.cs Line: 26)

NullReferenceException: Object reference not set to an instance of an object
  at BackGroundScrollScript.Update () [0x00018] in C:\Users\thhon\UnityFiles\TlimFinalProj2Dshooter\Assets\Scripts\BackGroundScrollScript.cs:26 

(Filename: Assets/Scripts/BackGroundScrollScript.cs Line: 26)

NullReferenceException: Object reference not set to an instance of an object
  at BackGroundScrollScript.Update () [0x00018] in C:\Users\thhon\UnityFiles\TlimFinalProj2Dshooter\Assets\Scripts\BackGroundScrollScript.cs:26 

(Filename: Assets/Scripts/BackGroundScrollScript.cs Line: 26)

NullReferenceException: Object reference not set to an instance of an object
  at BackGroundScrollScript.Update () [0x00018] in C:\Users\thhon\UnityFiles\TlimFinalProj2Dshooter\Assets\Scripts\BackGroundScrollScript.cs:26 

(Filename: Assets/Scripts/BackGroundScrollScript.cs Line: 26)

NullReferenceException: Object reference not set to an instance of an object
  at BackGroundScrollScript.Update () [0x00018] in C:\Users\thhon\UnityFiles\TlimFinalProj2Dshooter\Assets\Scripts\BackGroundScrollScript.cs:26 

(Filename: Assets/Scripts/BackGroundScrollScript.cs Line: 26)

NullReferenceException: Object reference not set to an instance of an object
  at BackGroundScrollScript.Update () [0x00018] in C:\Users\thhon\UnityFiles\TlimFinalProj2Dshooter\Assets\Scripts\BackGroundScrollScript.cs:26 

(Filename: Assets/Scripts/BackGroundScrollScript.cs Line: 26)

NullReferenceException: Object reference not set to an instance of an object
  at BackGroundScrollScript.Update () [0x00018] in C:\Users\thhon\UnityFiles\TlimFinalProj2Dshooter\Assets\Scripts\BackGroundScrollScript.cs:26 

(Filename: Assets/Scripts/BackGroundScrollScript.cs Line: 26)

NullReferenceException: Object reference not set to an instance of an object
  at BackGroundScrollScript.Update () [0x00018] in C:\Users\thhon\UnityFiles\TlimFinalProj2Dshooter\Assets\Scripts\BackGroundScrollScript.cs:26 

(Filename: Assets/Scripts/BackGroundScrollScript.cs Line: 26)

NullReferenceException: Object reference not set to an instance of an object
  at BackGroundScrollScript.Update () [0x00018] in C:\Users\thhon\UnityFiles\TlimFinalProj2Dshooter\Assets\Scripts\BackGroundScrollScript.cs:26 

(Filename: Assets/Scripts/BackGroundScrollScript.cs Line: 26)

NullReferenceException: Object reference not set to an instance of an object
  at BackGroundScrollScript.Update () [0x00018] in C:\Users\thhon\UnityFiles\TlimFinalProj2Dshooter\Assets\Scripts\BackGroundScrollScript.cs:26 

(Filename: Assets/Scripts/BackGroundScrollScript.cs Line: 26)

NullReferenceException: Object reference not set to an instance of an object
  at BackGroundScrollScript.Update () [0x00018] in C:\Users\thhon\UnityFiles\TlimFinalProj2Dshooter\Assets\Scripts\BackGroundScrollScript.cs:26 

(Filename: Assets/Scripts/BackGroundScrollScript.cs Line: 26)

NullReferenceException: Object reference not set to an instance of an object
  at BackGroundScrollScript.Update () [0x00018] in C:\Users\thhon\UnityFiles\TlimFinalProj2Dshooter\Assets\Scripts\BackGroundScrollScript.cs:26 

(Filename: Assets/Scripts/BackGroundScrollScript.cs Line: 26)

NullReferenceException: Object reference not set to an instance of an object
  at BackGroundScrollScript.Update () [0x00018] in C:\Users\thhon\UnityFiles\TlimFinalProj2Dshooter\Assets\Scripts\BackGroundScrollScript.cs:26 

(Filename: Assets/Scripts/BackGroundScrollScript.cs Line: 26)

NullReferenceException: Object reference not set to an instance of an object
  at BackGroundScrollScript.Update () [0x00018] in C:\Users\thhon\UnityFiles\TlimFinalProj2Dshooter\Assets\Scripts\BackGroundScrollScript.cs:26 

(Filename: Assets/Scripts/BackGroundScrollScript.cs Line: 26)

NullReferenceException: Object reference not set to an instance of an object
  at BackGroundScrollScript.Update () [0x00018] in C:\Users\thhon\UnityFiles\TlimFinalProj2Dshooter\Assets\Scripts\BackGroundScrollScript.cs:26 

(Filename: Assets/Scripts/BackGroundScrollScript.cs Line: 26)

NullReferenceException: Object reference not set to an instance of an object
  at BackGroundScrollScript.Update () [0x00018] in C:\Users\thhon\UnityFiles\TlimFinalProj2Dshooter\Assets\Scripts\BackGroundScrollScript.cs:26 

(Filename: Assets/Scripts/BackGroundScrollScript.cs Line: 26)

NullReferenceException: Object reference not set to an instance of an object
  at BackGroundScrollScript.Update () [0x00018] in C:\Users\thhon\UnityFiles\TlimFinalProj2Dshooter\Assets\Scripts\BackGroundScrollScript.cs:26 

(Filename: Assets/Scripts/BackGroundScrollScript.cs Line: 26)

NullReferenceException: Object reference not set to an instance of an object
  at BackGroundScrollScript.Update () [0x00018] in C:\Users\thhon\UnityFiles\TlimFinalProj2Dshooter\Assets\Scripts\BackGroundScrollScript.cs:26 

(Filename: Assets/Scripts/BackGroundScrollScript.cs Line: 26)

NullReferenceException: Object reference not set to an instance of an object
  at BackGroundScrollScript.Update () [0x00018] in C:\Users\thhon\UnityFiles\TlimFinalProj2Dshooter\Assets\Scripts\BackGroundScrollScript.cs:26 

(Filename: Assets/Scripts/BackGroundScrollScript.cs Line: 26)

NullReferenceException: Object reference not set to an instance of an object
  at BackGroundScrollScript.Update () [0x00018] in C:\Users\thhon\UnityFiles\TlimFinalProj2Dshooter\Assets\Scripts\BackGroundScrollScript.cs:26 

(Filename: Assets/Scripts/BackGroundScrollScript.cs Line: 26)

NullReferenceException: Object reference not set to an instance of an object
  at BackGroundScrollScript.Update () [0x00018] in C:\Users\thhon\UnityFiles\TlimFinalProj2Dshooter\Assets\Scripts\BackGroundScrollScript.cs:26 

(Filename: Assets/Scripts/BackGroundScrollScript.cs Line: 26)

NullReferenceException: Object reference not set to an instance of an object
  at BackGroundScrollScript.Update () [0x00018] in C:\Users\thhon\UnityFiles\TlimFinalProj2Dshooter\Assets\Scripts\BackGroundScrollScript.cs:26 

(Filename: Assets/Scripts/BackGroundScrollScript.cs Line: 26)

NullReferenceException: Object reference not set to an instance of an object
  at BackGroundScrollScript.Update () [0x00018] in C:\Users\thhon\UnityFiles\TlimFinalProj2Dshooter\Assets\Scripts\BackGroundScrollScript.cs:26 

(Filename: Assets/Scripts/BackGroundScrollScript.cs Line: 26)

NullReferenceException: Object reference not set to an instance of an object
  at BackGroundScrollScript.Update () [0x00018] in C:\Users\thhon\UnityFiles\TlimFinalProj2Dshooter\Assets\Scripts\BackGroundScrollScript.cs:26 

(Filename: Assets/Scripts/BackGroundScrollScript.cs Line: 26)

NullReferenceException: Object reference not set to an instance of an object
  at BackGroundScrollScript.Update () [0x00018] in C:\Users\thhon\UnityFiles\TlimFinalProj2Dshooter\Assets\Scripts\BackGroundScrollScript.cs:26 

(Filename: Assets/Scripts/BackGroundScrollScript.cs Line: 26)

NullReferenceException: Object reference not set to an instance of an object
  at BackGroundScrollScript.Update () [0x00018] in C:\Users\thhon\UnityFiles\TlimFinalProj2Dshooter\Assets\Scripts\BackGroundScrollScript.cs:26 

(Filename: Assets/Scripts/BackGroundScrollScript.cs Line: 26)

NullReferenceException: Object reference not set to an instance of an object
  at BackGroundScrollScript.Update () [0x00018] in C:\Users\thhon\UnityFiles\TlimFinalProj2Dshooter\Assets\Scripts\BackGroundScrollScript.cs:26 

(Filename: Assets/Scripts/BackGroundScrollScript.cs Line: 26)

NullReferenceException: Object reference not set to an instance of an object
  at BackGroundScrollScript.Update () [0x00018] in C:\Users\thhon\UnityFiles\TlimFinalProj2Dshooter\Assets\Scripts\BackGroundScrollScript.cs:26 

(Filename: Assets/Scripts/BackGroundScrollScript.cs Line: 26)

NullReferenceException: Object reference not set to an instance of an object
  at BackGroundScrollScript.Update () [0x00018] in C:\Users\thhon\UnityFiles\TlimFinalProj2Dshooter\Assets\Scripts\BackGroundScrollScript.cs:26 

(Filename: Assets/Scripts/BackGroundScrollScript.cs Line: 26)

NullReferenceException: Object reference not set to an instance of an object
  at BackGroundScrollScript.Update () [0x00018] in C:\Users\thhon\UnityFiles\TlimFinalProj2Dshooter\Assets\Scripts\BackGroundScrollScript.cs:26 

(Filename: Assets/Scripts/BackGroundScrollScript.cs Line: 26)

NullReferenceException: Object reference not set to an instance of an object
  at BackGroundScrollScript.Update () [0x00018] in C:\Users\thhon\UnityFiles\TlimFinalProj2Dshooter\Assets\Scripts\BackGroundScrollScript.cs:26 

(Filename: Assets/Scripts/BackGroundScrollScript.cs Line: 26)

NullReferenceException: Object reference not set to an instance of an object
  at BackGroundScrollScript.Update () [0x00018] in C:\Users\thhon\UnityFiles\TlimFinalProj2Dshooter\Assets\Scripts\BackGroundScrollScript.cs:26 

(Filename: Assets/Scripts/BackGroundScrollScript.cs Line: 26)

NullReferenceException: Object reference not set to an instance of an object
  at BackGroundScrollScript.Update () [0x00018] in C:\Users\thhon\UnityFiles\TlimFinalProj2Dshooter\Assets\Scripts\BackGroundScrollScript.cs:26 

(Filename: Assets/Scripts/BackGroundScrollScript.cs Line: 26)

NullReferenceException: Object reference not set to an instance of an object
  at BackGroundScrollScript.Update () [0x00018] in C:\Users\thhon\UnityFiles\TlimFinalProj2Dshooter\Assets\Scripts\BackGroundScrollScript.cs:26 

(Filename: Assets/Scripts/BackGroundScrollScript.cs Line: 26)

NullReferenceException: Object reference not set to an instance of an object
  at BackGroundScrollScript.Update () [0x00018] in C:\Users\thhon\UnityFiles\TlimFinalProj2Dshooter\Assets\Scripts\BackGroundScrollScript.cs:26 

(Filename: Assets/Scripts/BackGroundScrollScript.cs Line: 26)

NullReferenceException: Object reference not set to an instance of an object
  at BackGroundScrollScript.Update () [0x00018] in C:\Users\thhon\UnityFiles\TlimFinalProj2Dshooter\Assets\Scripts\BackGroundScrollScript.cs:26 

(Filename: Assets/Scripts/BackGroundScrollScript.cs Line: 26)

NullReferenceException: Object reference not set to an instance of an object
  at BackGroundScrollScript.Update () [0x00018] in C:\Users\thhon\UnityFiles\TlimFinalProj2Dshooter\Assets\Scripts\BackGroundScrollScript.cs:26 

(Filename: Assets/Scripts/BackGroundScrollScript.cs Line: 26)

NullReferenceException: Object reference not set to an instance of an object
  at BackGroundScrollScript.Update () [0x00018] in C:\Users\thhon\UnityFiles\TlimFinalProj2Dshooter\Assets\Scripts\BackGroundScrollScript.cs:26 

(Filename: Assets/Scripts/BackGroundScrollScript.cs Line: 26)

NullReferenceException: Object reference not set to an instance of an object
  at BackGroundScrollScript.Update () [0x00018] in C:\Users\thhon\UnityFiles\TlimFinalProj2Dshooter\Assets\Scripts\BackGroundScrollScript.cs:26 

(Filename: Assets/Scripts/BackGroundScrollScript.cs Line: 26)

NullReferenceException: Object reference not set to an instance of an object
  at BackGroundScrollScript.Update () [0x00018] in C:\Users\thhon\UnityFiles\TlimFinalProj2Dshooter\Assets\Scripts\BackGroundScrollScript.cs:26 

(Filename: Assets/Scripts/BackGroundScrollScript.cs Line: 26)

NullReferenceException: Object reference not set to an instance of an object
  at BackGroundScrollScript.Update () [0x00018] in C:\Users\thhon\UnityFiles\TlimFinalProj2Dshooter\Assets\Scripts\BackGroundScrollScript.cs:26 

(Filename: Assets/Scripts/BackGroundScrollScript.cs Line: 26)

NullReferenceException: Object reference not set to an instance of an object
  at BackGroundScrollScript.Update () [0x00018] in C:\Users\thhon\UnityFiles\TlimFinalProj2Dshooter\Assets\Scripts\BackGroundScrollScript.cs:26 

(Filename: Assets/Scripts/BackGroundScrollScript.cs Line: 26)

NullReferenceException: Object reference not set to an instance of an object
  at BackGroundScrollScript.Update () [0x00018] in C:\Users\thhon\UnityFiles\TlimFinalProj2Dshooter\Assets\Scripts\BackGroundScrollScript.cs:26 

(Filename: Assets/Scripts/BackGroundScrollScript.cs Line: 26)

NullReferenceException: Object reference not set to an instance of an object
  at BackGroundScrollScript.Update () [0x00018] in C:\Users\thhon\UnityFiles\TlimFinalProj2Dshooter\Assets\Scripts\BackGroundScrollScript.cs:26 

(Filename: Assets/Scripts/BackGroundScrollScript.cs Line: 26)

NullReferenceException: Object reference not set to an instance of an object
  at BackGroundScrollScript.Update () [0x00018] in C:\Users\thhon\UnityFiles\TlimFinalProj2Dshooter\Assets\Scripts\BackGroundScrollScript.cs:26 

(Filename: Assets/Scripts/BackGroundScrollScript.cs Line: 26)

NullReferenceException: Object reference not set to an instance of an object
  at BackGroundScrollScript.Update () [0x00018] in C:\Users\thhon\UnityFiles\TlimFinalProj2Dshooter\Assets\Scripts\BackGroundScrollScript.cs:26 

(Filename: Assets/Scripts/BackGroundScrollScript.cs Line: 26)

NullReferenceException: Object reference not set to an instance of an object
  at BackGroundScrollScript.Update () [0x00018] in C:\Users\thhon\UnityFiles\TlimFinalProj2Dshooter\Assets\Scripts\BackGroundScrollScript.cs:26 

(Filename: Assets/Scripts/BackGroundScrollScript.cs Line: 26)

NullReferenceException: Object reference not set to an instance of an object
  at BackGroundScrollScript.Update () [0x00018] in C:\Users\thhon\UnityFiles\TlimFinalProj2Dshooter\Assets\Scripts\BackGroundScrollScript.cs:26 

(Filename: Assets/Scripts/BackGroundScrollScript.cs Line: 26)

NullReferenceException: Object reference not set to an instance of an object
  at BackGroundScrollScript.Update () [0x00018] in C:\Users\thhon\UnityFiles\TlimFinalProj2Dshooter\Assets\Scripts\BackGroundScrollScript.cs:26 

(Filename: Assets/Scripts/BackGroundScrollScript.cs Line: 26)

NullReferenceException: Object reference not set to an instance of an object
  at BackGroundScrollScript.Update () [0x00018] in C:\Users\thhon\UnityFiles\TlimFinalProj2Dshooter\Assets\Scripts\BackGroundScrollScript.cs:26 

(Filename: Assets/Scripts/BackGroundScrollScript.cs Line: 26)

NullReferenceException: Object reference not set to an instance of an object
  at BackGroundScrollScript.Update () [0x00018] in C:\Users\thhon\UnityFiles\TlimFinalProj2Dshooter\Assets\Scripts\BackGroundScrollScript.cs:26 

(Filename: Assets/Scripts/BackGroundScrollScript.cs Line: 26)

NullReferenceException: Object reference not set to an instance of an object
  at BackGroundScrollScript.Update () [0x00018] in C:\Users\thhon\UnityFiles\TlimFinalProj2Dshooter\Assets\Scripts\BackGroundScrollScript.cs:26 

(Filename: Assets/Scripts/BackGroundScrollScript.cs Line: 26)

NullReferenceException: Object reference not set to an instance of an object
  at BackGroundScrollScript.Update () [0x00018] in C:\Users\thhon\UnityFiles\TlimFinalProj2Dshooter\Assets\Scripts\BackGroundScrollScript.cs:26 

(Filename: Assets/Scripts/BackGroundScrollScript.cs Line: 26)

NullReferenceException: Object reference not set to an instance of an object
  at BackGroundScrollScript.Update () [0x00018] in C:\Users\thhon\UnityFiles\TlimFinalProj2Dshooter\Assets\Scripts\BackGroundScrollScript.cs:26 

(Filename: Assets/Scripts/BackGroundScrollScript.cs Line: 26)

NullReferenceException: Object reference not set to an instance of an object
  at BackGroundScrollScript.Update () [0x00018] in C:\Users\thhon\UnityFiles\TlimFinalProj2Dshooter\Assets\Scripts\BackGroundScrollScript.cs:26 

(Filename: Assets/Scripts/BackGroundScrollScript.cs Line: 26)

NullReferenceException: Object reference not set to an instance of an object
  at BackGroundScrollScript.Update () [0x00018] in C:\Users\thhon\UnityFiles\TlimFinalProj2Dshooter\Assets\Scripts\BackGroundScrollScript.cs:26 

(Filename: Assets/Scripts/BackGroundScrollScript.cs Line: 26)

NullReferenceException: Object reference not set to an instance of an object
  at BackGroundScrollScript.Update () [0x00018] in C:\Users\thhon\UnityFiles\TlimFinalProj2Dshooter\Assets\Scripts\BackGroundScrollScript.cs:26 

(Filename: Assets/Scripts/BackGroundScrollScript.cs Line: 26)

NullReferenceException: Object reference not set to an instance of an object
  at BackGroundScrollScript.Update () [0x00018] in C:\Users\thhon\UnityFiles\TlimFinalProj2Dshooter\Assets\Scripts\BackGroundScrollScript.cs:26 

(Filename: Assets/Scripts/BackGroundScrollScript.cs Line: 26)

NullReferenceException: Object reference not set to an instance of an object
  at BackGroundScrollScript.Update () [0x00018] in C:\Users\thhon\UnityFiles\TlimFinalProj2Dshooter\Assets\Scripts\BackGroundScrollScript.cs:26 

(Filename: Assets/Scripts/BackGroundScrollScript.cs Line: 26)

NullReferenceException: Object reference not set to an instance of an object
  at BackGroundScrollScript.Update () [0x00018] in C:\Users\thhon\UnityFiles\TlimFinalProj2Dshooter\Assets\Scripts\BackGroundScrollScript.cs:26 

(Filename: Assets/Scripts/BackGroundScrollScript.cs Line: 26)

NullReferenceException: Object reference not set to an instance of an object
  at BackGroundScrollScript.Update () [0x00018] in C:\Users\thhon\UnityFiles\TlimFinalProj2Dshooter\Assets\Scripts\BackGroundScrollScript.cs:26 

(Filename: Assets/Scripts/BackGroundScrollScript.cs Line: 26)

NullReferenceException: Object reference not set to an instance of an object
  at BackGroundScrollScript.Update () [0x00018] in C:\Users\thhon\UnityFiles\TlimFinalProj2Dshooter\Assets\Scripts\BackGroundScrollScript.cs:26 

(Filename: Assets/Scripts/BackGroundScrollScript.cs Line: 26)

NullReferenceException: Object reference not set to an instance of an object
  at BackGroundScrollScript.Update () [0x00018] in C:\Users\thhon\UnityFiles\TlimFinalProj2Dshooter\Assets\Scripts\BackGroundScrollScript.cs:26 

(Filename: Assets/Scripts/BackGroundScrollScript.cs Line: 26)

NullReferenceException: Object reference not set to an instance of an object
  at BackGroundScrollScript.Update () [0x00018] in C:\Users\thhon\UnityFiles\TlimFinalProj2Dshooter\Assets\Scripts\BackGroundScrollScript.cs:26 

(Filename: Assets/Scripts/BackGroundScrollScript.cs Line: 26)

NullReferenceException: Object reference not set to an instance of an object
  at BackGroundScrollScript.Update () [0x00018] in C:\Users\thhon\UnityFiles\TlimFinalProj2Dshooter\Assets\Scripts\BackGroundScrollScript.cs:26 

(Filename: Assets/Scripts/BackGroundScrollScript.cs Line: 26)

NullReferenceException: Object reference not set to an instance of an object
  at BackGroundScrollScript.Update () [0x00018] in C:\Users\thhon\UnityFiles\TlimFinalProj2Dshooter\Assets\Scripts\BackGroundScrollScript.cs:26 

(Filename: Assets/Scripts/BackGroundScrollScript.cs Line: 26)

NullReferenceException: Object reference not set to an instance of an object
  at BackGroundScrollScript.Update () [0x00018] in C:\Users\thhon\UnityFiles\TlimFinalProj2Dshooter\Assets\Scripts\BackGroundScrollScript.cs:26 

(Filename: Assets/Scripts/BackGroundScrollScript.cs Line: 26)

NullReferenceException: Object reference not set to an instance of an object
  at BackGroundScrollScript.Update () [0x00018] in C:\Users\thhon\UnityFiles\TlimFinalProj2Dshooter\Assets\Scripts\BackGroundScrollScript.cs:26 

(Filename: Assets/Scripts/BackGroundScrollScript.cs Line: 26)

NullReferenceException: Object reference not set to an instance of an object
  at BackGroundScrollScript.Update () [0x00018] in C:\Users\thhon\UnityFiles\TlimFinalProj2Dshooter\Assets\Scripts\BackGroundScrollScript.cs:26 

(Filename: Assets/Scripts/BackGroundScrollScript.cs Line: 26)

NullReferenceException: Object reference not set to an instance of an object
  at BackGroundScrollScript.Update () [0x00018] in C:\Users\thhon\UnityFiles\TlimFinalProj2Dshooter\Assets\Scripts\BackGroundScrollScript.cs:26 

(Filename: Assets/Scripts/BackGroundScrollScript.cs Line: 26)

NullReferenceException: Object reference not set to an instance of an object
  at BackGroundScrollScript.Update () [0x00018] in C:\Users\thhon\UnityFiles\TlimFinalProj2Dshooter\Assets\Scripts\BackGroundScrollScript.cs:26 

(Filename: Assets/Scripts/BackGroundScrollScript.cs Line: 26)

NullReferenceException: Object reference not set to an instance of an object
  at BackGroundScrollScript.Update () [0x00018] in C:\Users\thhon\UnityFiles\TlimFinalProj2Dshooter\Assets\Scripts\BackGroundScrollScript.cs:26 

(Filename: Assets/Scripts/BackGroundScrollScript.cs Line: 26)

NullReferenceException: Object reference not set to an instance of an object
  at BackGroundScrollScript.Update () [0x00018] in C:\Users\thhon\UnityFiles\TlimFinalProj2Dshooter\Assets\Scripts\BackGroundScrollScript.cs:26 

(Filename: Assets/Scripts/BackGroundScrollScript.cs Line: 26)

NullReferenceException: Object reference not set to an instance of an object
  at BackGroundScrollScript.Update () [0x00018] in C:\Users\thhon\UnityFiles\TlimFinalProj2Dshooter\Assets\Scripts\BackGroundScrollScript.cs:26 

(Filename: Assets/Scripts/BackGroundScrollScript.cs Line: 26)

NullReferenceException: Object reference not set to an instance of an object
  at BackGroundScrollScript.Update () [0x00018] in C:\Users\thhon\UnityFiles\TlimFinalProj2Dshooter\Assets\Scripts\BackGroundScrollScript.cs:26 

(Filename: Assets/Scripts/BackGroundScrollScript.cs Line: 26)

NullReferenceException: Object reference not set to an instance of an object
  at BackGroundScrollScript.Update () [0x00018] in C:\Users\thhon\UnityFiles\TlimFinalProj2Dshooter\Assets\Scripts\BackGroundScrollScript.cs:26 

(Filename: Assets/Scripts/BackGroundScrollScript.cs Line: 26)

NullReferenceException: Object reference not set to an instance of an object
  at BackGroundScrollScript.Update () [0x00018] in C:\Users\thhon\UnityFiles\TlimFinalProj2Dshooter\Assets\Scripts\BackGroundScrollScript.cs:26 

(Filename: Assets/Scripts/BackGroundScrollScript.cs Line: 26)

NullReferenceException: Object reference not set to an instance of an object
  at BackGroundScrollScript.Update () [0x00018] in C:\Users\thhon\UnityFiles\TlimFinalProj2Dshooter\Assets\Scripts\BackGroundScrollScript.cs:26 

(Filename: Assets/Scripts/BackGroundScrollScript.cs Line: 26)

NullReferenceException: Object reference not set to an instance of an object
  at BackGroundScrollScript.Update () [0x00018] in C:\Users\thhon\UnityFiles\TlimFinalProj2Dshooter\Assets\Scripts\BackGroundScrollScript.cs:26 

(Filename: Assets/Scripts/BackGroundScrollScript.cs Line: 26)

NullReferenceException: Object reference not set to an instance of an object
  at BackGroundScrollScript.Update () [0x00018] in C:\Users\thhon\UnityFiles\TlimFinalProj2Dshooter\Assets\Scripts\BackGroundScrollScript.cs:26 

(Filename: Assets/Scripts/BackGroundScrollScript.cs Line: 26)

NullReferenceException: Object reference not set to an instance of an object
  at BackGroundScrollScript.Update () [0x00018] in C:\Users\thhon\UnityFiles\TlimFinalProj2Dshooter\Assets\Scripts\BackGroundScrollScript.cs:26 

(Filename: Assets/Scripts/BackGroundScrollScript.cs Line: 26)

NullReferenceException: Object reference not set to an instance of an object
  at BackGroundScrollScript.Update () [0x00018] in C:\Users\thhon\UnityFiles\TlimFinalProj2Dshooter\Assets\Scripts\BackGroundScrollScript.cs:26 

(Filename: Assets/Scripts/BackGroundScrollScript.cs Line: 26)

NullReferenceException: Object reference not set to an instance of an object
  at BackGroundScrollScript.Update () [0x00018] in C:\Users\thhon\UnityFiles\TlimFinalProj2Dshooter\Assets\Scripts\BackGroundScrollScript.cs:26 

(Filename: Assets/Scripts/BackGroundScrollScript.cs Line: 26)

NullReferenceException: Object reference not set to an instance of an object
  at BackGroundScrollScript.Update () [0x00018] in C:\Users\thhon\UnityFiles\TlimFinalProj2Dshooter\Assets\Scripts\BackGroundScrollScript.cs:26 

(Filename: Assets/Scripts/BackGroundScrollScript.cs Line: 26)

NullReferenceException: Object reference not set to an instance of an object
  at BackGroundScrollScript.Update () [0x00018] in C:\Users\thhon\UnityFiles\TlimFinalProj2Dshooter\Assets\Scripts\BackGroundScrollScript.cs:26 

(Filename: Assets/Scripts/BackGroundScrollScript.cs Line: 26)

NullReferenceException: Object reference not set to an instance of an object
  at BackGroundScrollScript.Update () [0x00018] in C:\Users\thhon\UnityFiles\TlimFinalProj2Dshooter\Assets\Scripts\BackGroundScrollScript.cs:26 

(Filename: Assets/Scripts/BackGroundScrollScript.cs Line: 26)

NullReferenceException: Object reference not set to an instance of an object
  at BackGroundScrollScript.Update () [0x00018] in C:\Users\thhon\UnityFiles\TlimFinalProj2Dshooter\Assets\Scripts\BackGroundScrollScript.cs:26 

(Filename: Assets/Scripts/BackGroundScrollScript.cs Line: 26)

NullReferenceException: Object reference not set to an instance of an object
  at BackGroundScrollScript.Update () [0x00018] in C:\Users\thhon\UnityFiles\TlimFinalProj2Dshooter\Assets\Scripts\BackGroundScrollScript.cs:26 

(Filename: Assets/Scripts/BackGroundScrollScript.cs Line: 26)

NullReferenceException: Object reference not set to an instance of an object
  at BackGroundScrollScript.Update () [0x00018] in C:\Users\thhon\UnityFiles\TlimFinalProj2Dshooter\Assets\Scripts\BackGroundScrollScript.cs:26 

(Filename: Assets/Scripts/BackGroundScrollScript.cs Line: 26)

NullReferenceException: Object reference not set to an instance of an object
  at BackGroundScrollScript.Update () [0x00018] in C:\Users\thhon\UnityFiles\TlimFinalProj2Dshooter\Assets\Scripts\BackGroundScrollScript.cs:26 

(Filename: Assets/Scripts/BackGroundScrollScript.cs Line: 26)

NullReferenceException: Object reference not set to an instance of an object
  at BackGroundScrollScript.Update () [0x00018] in C:\Users\thhon\UnityFiles\TlimFinalProj2Dshooter\Assets\Scripts\BackGroundScrollScript.cs:26 

(Filename: Assets/Scripts/BackGroundScrollScript.cs Line: 26)

NullReferenceException: Object reference not set to an instance of an object
  at BackGroundScrollScript.Update () [0x00018] in C:\Users\thhon\UnityFiles\TlimFinalProj2Dshooter\Assets\Scripts\BackGroundScrollScript.cs:26 

(Filename: Assets/Scripts/BackGroundScrollScript.cs Line: 26)

NullReferenceException: Object reference not set to an instance of an object
  at BackGroundScrollScript.Update () [0x00018] in C:\Users\thhon\UnityFiles\TlimFinalProj2Dshooter\Assets\Scripts\BackGroundScrollScript.cs:26 

(Filename: Assets/Scripts/BackGroundScrollScript.cs Line: 26)

NullReferenceException: Object reference not set to an instance of an object
  at BackGroundScrollScript.Update () [0x00018] in C:\Users\thhon\UnityFiles\TlimFinalProj2Dshooter\Assets\Scripts\BackGroundScrollScript.cs:26 

(Filename: Assets/Scripts/BackGroundScrollScript.cs Line: 26)

NullReferenceException: Object reference not set to an instance of an object
  at BackGroundScrollScript.Update () [0x00018] in C:\Users\thhon\UnityFiles\TlimFinalProj2Dshooter\Assets\Scripts\BackGroundScrollScript.cs:26 

(Filename: Assets/Scripts/BackGroundScrollScript.cs Line: 26)

NullReferenceException: Object reference not set to an instance of an object
  at BackGroundScrollScript.Update () [0x00018] in C:\Users\thhon\UnityFiles\TlimFinalProj2Dshooter\Assets\Scripts\BackGroundScrollScript.cs:26 

(Filename: Assets/Scripts/BackGroundScrollScript.cs Line: 26)

NullReferenceException: Object reference not set to an instance of an object
  at BackGroundScrollScript.Update () [0x00018] in C:\Users\thhon\UnityFiles\TlimFinalProj2Dshooter\Assets\Scripts\BackGroundScrollScript.cs:26 

(Filename: Assets/Scripts/BackGroundScrollScript.cs Line: 26)

NullReferenceException: Object reference not set to an instance of an object
  at BackGroundScrollScript.Update () [0x00018] in C:\Users\thhon\UnityFiles\TlimFinalProj2Dshooter\Assets\Scripts\BackGroundScrollScript.cs:26 

(Filename: Assets/Scripts/BackGroundScrollScript.cs Line: 26)

NullReferenceException: Object reference not set to an instance of an object
  at BackGroundScrollScript.Update () [0x00018] in C:\Users\thhon\UnityFiles\TlimFinalProj2Dshooter\Assets\Scripts\BackGroundScrollScript.cs:26 

(Filename: Assets/Scripts/BackGroundScrollScript.cs Line: 26)

NullReferenceException: Object reference not set to an instance of an object
  at BackGroundScrollScript.Update () [0x00018] in C:\Users\thhon\UnityFiles\TlimFinalProj2Dshooter\Assets\Scripts\BackGroundScrollScript.cs:26 

(Filename: Assets/Scripts/BackGroundScrollScript.cs Line: 26)

NullReferenceException: Object reference not set to an instance of an object
  at BackGroundScrollScript.Update () [0x00018] in C:\Users\thhon\UnityFiles\TlimFinalProj2Dshooter\Assets\Scripts\BackGroundScrollScript.cs:26 

(Filename: Assets/Scripts/BackGroundScrollScript.cs Line: 26)

NullReferenceException: Object reference not set to an instance of an object
  at BackGroundScrollScript.Update () [0x00018] in C:\Users\thhon\UnityFiles\TlimFinalProj2Dshooter\Assets\Scripts\BackGroundScrollScript.cs:26 

(Filename: Assets/Scripts/BackGroundScrollScript.cs Line: 26)

NullReferenceException: Object reference not set to an instance of an object
  at BackGroundScrollScript.Update () [0x00018] in C:\Users\thhon\UnityFiles\TlimFinalProj2Dshooter\Assets\Scripts\BackGroundScrollScript.cs:26 

(Filename: Assets/Scripts/BackGroundScrollScript.cs Line: 26)

NullReferenceException: Object reference not set to an instance of an object
  at BackGroundScrollScript.Update () [0x00018] in C:\Users\thhon\UnityFiles\TlimFinalProj2Dshooter\Assets\Scripts\BackGroundScrollScript.cs:26 

(Filename: Assets/Scripts/BackGroundScrollScript.cs Line: 26)

NullReferenceException: Object reference not set to an instance of an object
  at BackGroundScrollScript.Update () [0x00018] in C:\Users\thhon\UnityFiles\TlimFinalProj2Dshooter\Assets\Scripts\BackGroundScrollScript.cs:26 

(Filename: Assets/Scripts/BackGroundScrollScript.cs Line: 26)

NullReferenceException: Object reference not set to an instance of an object
  at BackGroundScrollScript.Update () [0x00018] in C:\Users\thhon\UnityFiles\TlimFinalProj2Dshooter\Assets\Scripts\BackGroundScrollScript.cs:26 

(Filename: Assets/Scripts/BackGroundScrollScript.cs Line: 26)

NullReferenceException: Object reference not set to an instance of an object
  at BackGroundScrollScript.Update () [0x00018] in C:\Users\thhon\UnityFiles\TlimFinalProj2Dshooter\Assets\Scripts\BackGroundScrollScript.cs:26 

(Filename: Assets/Scripts/BackGroundScrollScript.cs Line: 26)

NullReferenceException: Object reference not set to an instance of an object
  at BackGroundScrollScript.Update () [0x00018] in C:\Users\thhon\UnityFiles\TlimFinalProj2Dshooter\Assets\Scripts\BackGroundScrollScript.cs:26 

(Filename: Assets/Scripts/BackGroundScrollScript.cs Line: 26)

NullReferenceException: Object reference not set to an instance of an object
  at BackGroundScrollScript.Update () [0x00018] in C:\Users\thhon\UnityFiles\TlimFinalProj2Dshooter\Assets\Scripts\BackGroundScrollScript.cs:26 

(Filename: Assets/Scripts/BackGroundScrollScript.cs Line: 26)

NullReferenceException: Object reference not set to an instance of an object
  at BackGroundScrollScript.Update () [0x00018] in C:\Users\thhon\UnityFiles\TlimFinalProj2Dshooter\Assets\Scripts\BackGroundScrollScript.cs:26 

(Filename: Assets/Scripts/BackGroundScrollScript.cs Line: 26)

NullReferenceException: Object reference not set to an instance of an object
  at BackGroundScrollScript.Update () [0x00018] in C:\Users\thhon\UnityFiles\TlimFinalProj2Dshooter\Assets\Scripts\BackGroundScrollScript.cs:26 

(Filename: Assets/Scripts/BackGroundScrollScript.cs Line: 26)

NullReferenceException: Object reference not set to an instance of an object
  at BackGroundScrollScript.Update () [0x00018] in C:\Users\thhon\UnityFiles\TlimFinalProj2Dshooter\Assets\Scripts\BackGroundScrollScript.cs:26 

(Filename: Assets/Scripts/BackGroundScrollScript.cs Line: 26)

NullReferenceException: Object reference not set to an instance of an object
  at BackGroundScrollScript.Update () [0x00018] in C:\Users\thhon\UnityFiles\TlimFinalProj2Dshooter\Assets\Scripts\BackGroundScrollScript.cs:26 

(Filename: Assets/Scripts/BackGroundScrollScript.cs Line: 26)

NullReferenceException: Object reference not set to an instance of an object
  at BackGroundScrollScript.Update () [0x00018] in C:\Users\thhon\UnityFiles\TlimFinalProj2Dshooter\Assets\Scripts\BackGroundScrollScript.cs:26 

(Filename: Assets/Scripts/BackGroundScrollScript.cs Line: 26)

NullReferenceException: Object reference not set to an instance of an object
  at BackGroundScrollScript.Update () [0x00018] in C:\Users\thhon\UnityFiles\TlimFinalProj2Dshooter\Assets\Scripts\BackGroundScrollScript.cs:26 

(Filename: Assets/Scripts/BackGroundScrollScript.cs Line: 26)

NullReferenceException: Object reference not set to an instance of an object
  at BackGroundScrollScript.Update () [0x00018] in C:\Users\thhon\UnityFiles\TlimFinalProj2Dshooter\Assets\Scripts\BackGroundScrollScript.cs:26 

(Filename: Assets/Scripts/BackGroundScrollScript.cs Line: 26)

NullReferenceException: Object reference not set to an instance of an object
  at BackGroundScrollScript.Update () [0x00018] in C:\Users\thhon\UnityFiles\TlimFinalProj2Dshooter\Assets\Scripts\BackGroundScrollScript.cs:26 

(Filename: Assets/Scripts/BackGroundScrollScript.cs Line: 26)

NullReferenceException: Object reference not set to an instance of an object
  at BackGroundScrollScript.Update () [0x00018] in C:\Users\thhon\UnityFiles\TlimFinalProj2Dshooter\Assets\Scripts\BackGroundScrollScript.cs:26 

(Filename: Assets/Scripts/BackGroundScrollScript.cs Line: 26)

NullReferenceException: Object reference not set to an instance of an object
  at BackGroundScrollScript.Update () [0x00018] in C:\Users\thhon\UnityFiles\TlimFinalProj2Dshooter\Assets\Scripts\BackGroundScrollScript.cs:26 

(Filename: Assets/Scripts/BackGroundScrollScript.cs Line: 26)

NullReferenceException: Object reference not set to an instance of an object
  at BackGroundScrollScript.Update () [0x00018] in C:\Users\thhon\UnityFiles\TlimFinalProj2Dshooter\Assets\Scripts\BackGroundScrollScript.cs:26 

(Filename: Assets/Scripts/BackGroundScrollScript.cs Line: 26)

NullReferenceException: Object reference not set to an instance of an object
  at BackGroundScrollScript.Update () [0x00018] in C:\Users\thhon\UnityFiles\TlimFinalProj2Dshooter\Assets\Scripts\BackGroundScrollScript.cs:26 

(Filename: Assets/Scripts/BackGroundScrollScript.cs Line: 26)

NullReferenceException: Object reference not set to an instance of an object
  at BackGroundScrollScript.Update () [0x00018] in C:\Users\thhon\UnityFiles\TlimFinalProj2Dshooter\Assets\Scripts\BackGroundScrollScript.cs:26 

(Filename: Assets/Scripts/BackGroundScrollScript.cs Line: 26)

NullReferenceException: Object reference not set to an instance of an object
  at BackGroundScrollScript.Update () [0x00018] in C:\Users\thhon\UnityFiles\TlimFinalProj2Dshooter\Assets\Scripts\BackGroundScrollScript.cs:26 

(Filename: Assets/Scripts/BackGroundScrollScript.cs Line: 26)

NullReferenceException: Object reference not set to an instance of an object
  at BackGroundScrollScript.Update () [0x00018] in C:\Users\thhon\UnityFiles\TlimFinalProj2Dshooter\Assets\Scripts\BackGroundScrollScript.cs:26 

(Filename: Assets/Scripts/BackGroundScrollScript.cs Line: 26)

NullReferenceException: Object reference not set to an instance of an object
  at BackGroundScrollScript.Update () [0x00018] in C:\Users\thhon\UnityFiles\TlimFinalProj2Dshooter\Assets\Scripts\BackGroundScrollScript.cs:26 

(Filename: Assets/Scripts/BackGroundScrollScript.cs Line: 26)

NullReferenceException: Object reference not set to an instance of an object
  at BackGroundScrollScript.Update () [0x00018] in C:\Users\thhon\UnityFiles\TlimFinalProj2Dshooter\Assets\Scripts\BackGroundScrollScript.cs:26 

(Filename: Assets/Scripts/BackGroundScrollScript.cs Line: 26)

NullReferenceException: Object reference not set to an instance of an object
  at BackGroundScrollScript.Update () [0x00018] in C:\Users\thhon\UnityFiles\TlimFinalProj2Dshooter\Assets\Scripts\BackGroundScrollScript.cs:26 

(Filename: Assets/Scripts/BackGroundScrollScript.cs Line: 26)

NullReferenceException: Object reference not set to an instance of an object
  at BackGroundScrollScript.Update () [0x00018] in C:\Users\thhon\UnityFiles\TlimFinalProj2Dshooter\Assets\Scripts\BackGroundScrollScript.cs:26 

(Filename: Assets/Scripts/BackGroundScrollScript.cs Line: 26)

NullReferenceException: Object reference not set to an instance of an object
  at BackGroundScrollScript.Update () [0x00018] in C:\Users\thhon\UnityFiles\TlimFinalProj2Dshooter\Assets\Scripts\BackGroundScrollScript.cs:26 

(Filename: Assets/Scripts/BackGroundScrollScript.cs Line: 26)

NullReferenceException: Object reference not set to an instance of an object
  at BackGroundScrollScript.Update () [0x00018] in C:\Users\thhon\UnityFiles\TlimFinalProj2Dshooter\Assets\Scripts\BackGroundScrollScript.cs:26 

(Filename: Assets/Scripts/BackGroundScrollScript.cs Line: 26)

NullReferenceException: Object reference not set to an instance of an object
  at BackGroundScrollScript.Update () [0x00018] in C:\Users\thhon\UnityFiles\TlimFinalProj2Dshooter\Assets\Scripts\BackGroundScrollScript.cs:26 

(Filename: Assets/Scripts/BackGroundScrollScript.cs Line: 26)

NullReferenceException: Object reference not set to an instance of an object
  at BackGroundScrollScript.Update () [0x00018] in C:\Users\thhon\UnityFiles\TlimFinalProj2Dshooter\Assets\Scripts\BackGroundScrollScript.cs:26 

(Filename: Assets/Scripts/BackGroundScrollScript.cs Line: 26)

NullReferenceException: Object reference not set to an instance of an object
  at BackGroundScrollScript.Update () [0x00018] in C:\Users\thhon\UnityFiles\TlimFinalProj2Dshooter\Assets\Scripts\BackGroundScrollScript.cs:26 

(Filename: Assets/Scripts/BackGroundScrollScript.cs Line: 26)

NullReferenceException: Object reference not set to an instance of an object
  at BackGroundScrollScript.Update () [0x00018] in C:\Users\thhon\UnityFiles\TlimFinalProj2Dshooter\Assets\Scripts\BackGroundScrollScript.cs:26 

(Filename: Assets/Scripts/BackGroundScrollScript.cs Line: 26)

NullReferenceException: Object reference not set to an instance of an object
  at BackGroundScrollScript.Update () [0x00018] in C:\Users\thhon\UnityFiles\TlimFinalProj2Dshooter\Assets\Scripts\BackGroundScrollScript.cs:26 

(Filename: Assets/Scripts/BackGroundScrollScript.cs Line: 26)

NullReferenceException: Object reference not set to an instance of an object
  at BackGroundScrollScript.Update () [0x00018] in C:\Users\thhon\UnityFiles\TlimFinalProj2Dshooter\Assets\Scripts\BackGroundScrollScript.cs:26 

(Filename: Assets/Scripts/BackGroundScrollScript.cs Line: 26)

NullReferenceException: Object reference not set to an instance of an object
  at BackGroundScrollScript.Update () [0x00018] in C:\Users\thhon\UnityFiles\TlimFinalProj2Dshooter\Assets\Scripts\BackGroundScrollScript.cs:26 

(Filename: Assets/Scripts/BackGroundScrollScript.cs Line: 26)

NullReferenceException: Object reference not set to an instance of an object
  at BackGroundScrollScript.Update () [0x00018] in C:\Users\thhon\UnityFiles\TlimFinalProj2Dshooter\Assets\Scripts\BackGroundScrollScript.cs:26 

(Filename: Assets/Scripts/BackGroundScrollScript.cs Line: 26)

NullReferenceException: Object reference not set to an instance of an object
  at BackGroundScrollScript.Update () [0x00018] in C:\Users\thhon\UnityFiles\TlimFinalProj2Dshooter\Assets\Scripts\BackGroundScrollScript.cs:26 

(Filename: Assets/Scripts/BackGroundScrollScript.cs Line: 26)

NullReferenceException: Object reference not set to an instance of an object
  at BackGroundScrollScript.Update () [0x00018] in C:\Users\thhon\UnityFiles\TlimFinalProj2Dshooter\Assets\Scripts\BackGroundScrollScript.cs:26 

(Filename: Assets/Scripts/BackGroundScrollScript.cs Line: 26)

NullReferenceException: Object reference not set to an instance of an object
  at BackGroundScrollScript.Update () [0x00018] in C:\Users\thhon\UnityFiles\TlimFinalProj2Dshooter\Assets\Scripts\BackGroundScrollScript.cs:26 

(Filename: Assets/Scripts/BackGroundScrollScript.cs Line: 26)

NullReferenceException: Object reference not set to an instance of an object
  at BackGroundScrollScript.Update () [0x00018] in C:\Users\thhon\UnityFiles\TlimFinalProj2Dshooter\Assets\Scripts\BackGroundScrollScript.cs:26 

(Filename: Assets/Scripts/BackGroundScrollScript.cs Line: 26)

NullReferenceException: Object reference not set to an instance of an object
  at BackGroundScrollScript.Update () [0x00018] in C:\Users\thhon\UnityFiles\TlimFinalProj2Dshooter\Assets\Scripts\BackGroundScrollScript.cs:26 

(Filename: Assets/Scripts/BackGroundScrollScript.cs Line: 26)

NullReferenceException: Object reference not set to an instance of an object
  at BackGroundScrollScript.Update () [0x00018] in C:\Users\thhon\UnityFiles\TlimFinalProj2Dshooter\Assets\Scripts\BackGroundScrollScript.cs:26 

(Filename: Assets/Scripts/BackGroundScrollScript.cs Line: 26)

NullReferenceException: Object reference not set to an instance of an object
  at BackGroundScrollScript.Update () [0x00018] in C:\Users\thhon\UnityFiles\TlimFinalProj2Dshooter\Assets\Scripts\BackGroundScrollScript.cs:26 

(Filename: Assets/Scripts/BackGroundScrollScript.cs Line: 26)

NullReferenceException: Object reference not set to an instance of an object
  at BackGroundScrollScript.Update () [0x00018] in C:\Users\thhon\UnityFiles\TlimFinalProj2Dshooter\Assets\Scripts\BackGroundScrollScript.cs:26 

(Filename: Assets/Scripts/BackGroundScrollScript.cs Line: 26)

NullReferenceException: Object reference not set to an instance of an object
  at BackGroundScrollScript.Update () [0x00018] in C:\Users\thhon\UnityFiles\TlimFinalProj2Dshooter\Assets\Scripts\BackGroundScrollScript.cs:26 

(Filename: Assets/Scripts/BackGroundScrollScript.cs Line: 26)

NullReferenceException: Object reference not set to an instance of an object
  at BackGroundScrollScript.Update () [0x00018] in C:\Users\thhon\UnityFiles\TlimFinalProj2Dshooter\Assets\Scripts\BackGroundScrollScript.cs:26 

(Filename: Assets/Scripts/BackGroundScrollScript.cs Line: 26)

NullReferenceException: Object reference not set to an instance of an object
  at BackGroundScrollScript.Update () [0x00018] in C:\Users\thhon\UnityFiles\TlimFinalProj2Dshooter\Assets\Scripts\BackGroundScrollScript.cs:26 

(Filename: Assets/Scripts/BackGroundScrollScript.cs Line: 26)

NullReferenceException: Object reference not set to an instance of an object
  at BackGroundScrollScript.Update () [0x00018] in C:\Users\thhon\UnityFiles\TlimFinalProj2Dshooter\Assets\Scripts\BackGroundScrollScript.cs:26 

(Filename: Assets/Scripts/BackGroundScrollScript.cs Line: 26)

NullReferenceException: Object reference not set to an instance of an object
  at BackGroundScrollScript.Update () [0x00018] in C:\Users\thhon\UnityFiles\TlimFinalProj2Dshooter\Assets\Scripts\BackGroundScrollScript.cs:26 

(Filename: Assets/Scripts/BackGroundScrollScript.cs Line: 26)

NullReferenceException: Object reference not set to an instance of an object
  at BackGroundScrollScript.Update () [0x00018] in C:\Users\thhon\UnityFiles\TlimFinalProj2Dshooter\Assets\Scripts\BackGroundScrollScript.cs:26 

(Filename: Assets/Scripts/BackGroundScrollScript.cs Line: 26)

NullReferenceException: Object reference not set to an instance of an object
  at BackGroundScrollScript.Update () [0x00018] in C:\Users\thhon\UnityFiles\TlimFinalProj2Dshooter\Assets\Scripts\BackGroundScrollScript.cs:26 

(Filename: Assets/Scripts/BackGroundScrollScript.cs Line: 26)

NullReferenceException: Object reference not set to an instance of an object
  at BackGroundScrollScript.Update () [0x00018] in C:\Users\thhon\UnityFiles\TlimFinalProj2Dshooter\Assets\Scripts\BackGroundScrollScript.cs:26 

(Filename: Assets/Scripts/BackGroundScrollScript.cs Line: 26)

NullReferenceException: Object reference not set to an instance of an object
  at BackGroundScrollScript.Update () [0x00018] in C:\Users\thhon\UnityFiles\TlimFinalProj2Dshooter\Assets\Scripts\BackGroundScrollScript.cs:26 

(Filename: Assets/Scripts/BackGroundScrollScript.cs Line: 26)

NullReferenceException: Object reference not set to an instance of an object
  at BackGroundScrollScript.Update () [0x00018] in C:\Users\thhon\UnityFiles\TlimFinalProj2Dshooter\Assets\Scripts\BackGroundScrollScript.cs:26 

(Filename: Assets/Scripts/BackGroundScrollScript.cs Line: 26)

NullReferenceException: Object reference not set to an instance of an object
  at BackGroundScrollScript.Update () [0x00018] in C:\Users\thhon\UnityFiles\TlimFinalProj2Dshooter\Assets\Scripts\BackGroundScrollScript.cs:26 

(Filename: Assets/Scripts/BackGroundScrollScript.cs Line: 26)

NullReferenceException: Object reference not set to an instance of an object
  at BackGroundScrollScript.Update () [0x00018] in C:\Users\thhon\UnityFiles\TlimFinalProj2Dshooter\Assets\Scripts\BackGroundScrollScript.cs:26 

(Filename: Assets/Scripts/BackGroundScrollScript.cs Line: 26)

NullReferenceException: Object reference not set to an instance of an object
  at BackGroundScrollScript.Update () [0x00018] in C:\Users\thhon\UnityFiles\TlimFinalProj2Dshooter\Assets\Scripts\BackGroundScrollScript.cs:26 

(Filename: Assets/Scripts/BackGroundScrollScript.cs Line: 26)

NullReferenceException: Object reference not set to an instance of an object
  at BackGroundScrollScript.Update () [0x00018] in C:\Users\thhon\UnityFiles\TlimFinalProj2Dshooter\Assets\Scripts\BackGroundScrollScript.cs:26 

(Filename: Assets/Scripts/BackGroundScrollScript.cs Line: 26)

NullReferenceException: Object reference not set to an instance of an object
  at BackGroundScrollScript.Update () [0x00018] in C:\Users\thhon\UnityFiles\TlimFinalProj2Dshooter\Assets\Scripts\BackGroundScrollScript.cs:26 

(Filename: Assets/Scripts/BackGroundScrollScript.cs Line: 26)

NullReferenceException: Object reference not set to an instance of an object
  at BackGroundScrollScript.Update () [0x00018] in C:\Users\thhon\UnityFiles\TlimFinalProj2Dshooter\Assets\Scripts\BackGroundScrollScript.cs:26 

(Filename: Assets/Scripts/BackGroundScrollScript.cs Line: 26)

NullReferenceException: Object reference not set to an instance of an object
  at BackGroundScrollScript.Update () [0x00018] in C:\Users\thhon\UnityFiles\TlimFinalProj2Dshooter\Assets\Scripts\BackGroundScrollScript.cs:26 

(Filename: Assets/Scripts/BackGroundScrollScript.cs Line: 26)

NullReferenceException: Object reference not set to an instance of an object
  at BackGroundScrollScript.Update () [0x00018] in C:\Users\thhon\UnityFiles\TlimFinalProj2Dshooter\Assets\Scripts\BackGroundScrollScript.cs:26 

(Filename: Assets/Scripts/BackGroundScrollScript.cs Line: 26)

NullReferenceException: Object reference not set to an instance of an object
  at BackGroundScrollScript.Update () [0x00018] in C:\Users\thhon\UnityFiles\TlimFinalProj2Dshooter\Assets\Scripts\BackGroundScrollScript.cs:26 

(Filename: Assets/Scripts/BackGroundScrollScript.cs Line: 26)

NullReferenceException: Object reference not set to an instance of an object
  at BackGroundScrollScript.Update () [0x00018] in C:\Users\thhon\UnityFiles\TlimFinalProj2Dshooter\Assets\Scripts\BackGroundScrollScript.cs:26 

(Filename: Assets/Scripts/BackGroundScrollScript.cs Line: 26)

NullReferenceException: Object reference not set to an instance of an object
  at BackGroundScrollScript.Update () [0x00018] in C:\Users\thhon\UnityFiles\TlimFinalProj2Dshooter\Assets\Scripts\BackGroundScrollScript.cs:26 

(Filename: Assets/Scripts/BackGroundScrollScript.cs Line: 26)

NullReferenceException: Object reference not set to an instance of an object
  at BackGroundScrollScript.Update () [0x00018] in C:\Users\thhon\UnityFiles\TlimFinalProj2Dshooter\Assets\Scripts\BackGroundScrollScript.cs:26 

(Filename: Assets/Scripts/BackGroundScrollScript.cs Line: 26)

NullReferenceException: Object reference not set to an instance of an object
  at BackGroundScrollScript.Update () [0x00018] in C:\Users\thhon\UnityFiles\TlimFinalProj2Dshooter\Assets\Scripts\BackGroundScrollScript.cs:26 

(Filename: Assets/Scripts/BackGroundScrollScript.cs Line: 26)

NullReferenceException: Object reference not set to an instance of an object
  at BackGroundScrollScript.Update () [0x00018] in C:\Users\thhon\UnityFiles\TlimFinalProj2Dshooter\Assets\Scripts\BackGroundScrollScript.cs:26 

(Filename: Assets/Scripts/BackGroundScrollScript.cs Line: 26)

NullReferenceException: Object reference not set to an instance of an object
  at BackGroundScrollScript.Update () [0x00018] in C:\Users\thhon\UnityFiles\TlimFinalProj2Dshooter\Assets\Scripts\BackGroundScrollScript.cs:26 

(Filename: Assets/Scripts/BackGroundScrollScript.cs Line: 26)

NullReferenceException: Object reference not set to an instance of an object
  at BackGroundScrollScript.Update () [0x00018] in C:\Users\thhon\UnityFiles\TlimFinalProj2Dshooter\Assets\Scripts\BackGroundScrollScript.cs:26 

(Filename: Assets/Scripts/BackGroundScrollScript.cs Line: 26)

NullReferenceException: Object reference not set to an instance of an object
  at BackGroundScrollScript.Update () [0x00018] in C:\Users\thhon\UnityFiles\TlimFinalProj2Dshooter\Assets\Scripts\BackGroundScrollScript.cs:26 

(Filename: Assets/Scripts/BackGroundScrollScript.cs Line: 26)

NullReferenceException: Object reference not set to an instance of an object
  at BackGroundScrollScript.Update () [0x00018] in C:\Users\thhon\UnityFiles\TlimFinalProj2Dshooter\Assets\Scripts\BackGroundScrollScript.cs:26 

(Filename: Assets/Scripts/BackGroundScrollScript.cs Line: 26)

NullReferenceException: Object reference not set to an instance of an object
  at BackGroundScrollScript.Update () [0x00018] in C:\Users\thhon\UnityFiles\TlimFinalProj2Dshooter\Assets\Scripts\BackGroundScrollScript.cs:26 

(Filename: Assets/Scripts/BackGroundScrollScript.cs Line: 26)

NullReferenceException: Object reference not set to an instance of an object
  at BackGroundScrollScript.Update () [0x00018] in C:\Users\thhon\UnityFiles\TlimFinalProj2Dshooter\Assets\Scripts\BackGroundScrollScript.cs:26 

(Filename: Assets/Scripts/BackGroundScrollScript.cs Line: 26)

NullReferenceException: Object reference not set to an instance of an object
  at BackGroundScrollScript.Update () [0x00018] in C:\Users\thhon\UnityFiles\TlimFinalProj2Dshooter\Assets\Scripts\BackGroundScrollScript.cs:26 

(Filename: Assets/Scripts/BackGroundScrollScript.cs Line: 26)

NullReferenceException: Object reference not set to an instance of an object
  at BackGroundScrollScript.Update () [0x00018] in C:\Users\thhon\UnityFiles\TlimFinalProj2Dshooter\Assets\Scripts\BackGroundScrollScript.cs:26 

(Filename: Assets/Scripts/BackGroundScrollScript.cs Line: 26)

NullReferenceException: Object reference not set to an instance of an object
  at BackGroundScrollScript.Update () [0x00018] in C:\Users\thhon\UnityFiles\TlimFinalProj2Dshooter\Assets\Scripts\BackGroundScrollScript.cs:26 

(Filename: Assets/Scripts/BackGroundScrollScript.cs Line: 26)

NullReferenceException: Object reference not set to an instance of an object
  at BackGroundScrollScript.Update () [0x00018] in C:\Users\thhon\UnityFiles\TlimFinalProj2Dshooter\Assets\Scripts\BackGroundScrollScript.cs:26 

(Filename: Assets/Scripts/BackGroundScrollScript.cs Line: 26)

NullReferenceException: Object reference not set to an instance of an object
  at BackGroundScrollScript.Update () [0x00018] in C:\Users\thhon\UnityFiles\TlimFinalProj2Dshooter\Assets\Scripts\BackGroundScrollScript.cs:26 

(Filename: Assets/Scripts/BackGroundScrollScript.cs Line: 26)

NullReferenceException: Object reference not set to an instance of an object
  at BackGroundScrollScript.Update () [0x00018] in C:\Users\thhon\UnityFiles\TlimFinalProj2Dshooter\Assets\Scripts\BackGroundScrollScript.cs:26 

(Filename: Assets/Scripts/BackGroundScrollScript.cs Line: 26)

NullReferenceException: Object reference not set to an instance of an object
  at BackGroundScrollScript.Update () [0x00018] in C:\Users\thhon\UnityFiles\TlimFinalProj2Dshooter\Assets\Scripts\BackGroundScrollScript.cs:26 

(Filename: Assets/Scripts/BackGroundScrollScript.cs Line: 26)

NullReferenceException: Object reference not set to an instance of an object
  at BackGroundScrollScript.Update () [0x00018] in C:\Users\thhon\UnityFiles\TlimFinalProj2Dshooter\Assets\Scripts\BackGroundScrollScript.cs:26 

(Filename: Assets/Scripts/BackGroundScrollScript.cs Line: 26)

NullReferenceException: Object reference not set to an instance of an object
  at BackGroundScrollScript.Update () [0x00018] in C:\Users\thhon\UnityFiles\TlimFinalProj2Dshooter\Assets\Scripts\BackGroundScrollScript.cs:26 

(Filename: Assets/Scripts/BackGroundScrollScript.cs Line: 26)

NullReferenceException: Object reference not set to an instance of an object
  at BackGroundScrollScript.Update () [0x00018] in C:\Users\thhon\UnityFiles\TlimFinalProj2Dshooter\Assets\Scripts\BackGroundScrollScript.cs:26 

(Filename: Assets/Scripts/BackGroundScrollScript.cs Line: 26)

NullReferenceException: Object reference not set to an instance of an object
  at BackGroundScrollScript.Update () [0x00018] in C:\Users\thhon\UnityFiles\TlimFinalProj2Dshooter\Assets\Scripts\BackGroundScrollScript.cs:26 

(Filename: Assets/Scripts/BackGroundScrollScript.cs Line: 26)

NullReferenceException: Object reference not set to an instance of an object
  at BackGroundScrollScript.Update () [0x00018] in C:\Users\thhon\UnityFiles\TlimFinalProj2Dshooter\Assets\Scripts\BackGroundScrollScript.cs:26 

(Filename: Assets/Scripts/BackGroundScrollScript.cs Line: 26)

NullReferenceException: Object reference not set to an instance of an object
  at BackGroundScrollScript.Update () [0x00018] in C:\Users\thhon\UnityFiles\TlimFinalProj2Dshooter\Assets\Scripts\BackGroundScrollScript.cs:26 

(Filename: Assets/Scripts/BackGroundScrollScript.cs Line: 26)

NullReferenceException: Object reference not set to an instance of an object
  at BackGroundScrollScript.Update () [0x00018] in C:\Users\thhon\UnityFiles\TlimFinalProj2Dshooter\Assets\Scripts\BackGroundScrollScript.cs:26 

(Filename: Assets/Scripts/BackGroundScrollScript.cs Line: 26)

NullReferenceException: Object reference not set to an instance of an object
  at BackGroundScrollScript.Update () [0x00018] in C:\Users\thhon\UnityFiles\TlimFinalProj2Dshooter\Assets\Scripts\BackGroundScrollScript.cs:26 

(Filename: Assets/Scripts/BackGroundScrollScript.cs Line: 26)

NullReferenceException: Object reference not set to an instance of an object
  at BackGroundScrollScript.Update () [0x00018] in C:\Users\thhon\UnityFiles\TlimFinalProj2Dshooter\Assets\Scripts\BackGroundScrollScript.cs:26 

(Filename: Assets/Scripts/BackGroundScrollScript.cs Line: 26)

NullReferenceException: Object reference not set to an instance of an object
  at BackGroundScrollScript.Update () [0x00018] in C:\Users\thhon\UnityFiles\TlimFinalProj2Dshooter\Assets\Scripts\BackGroundScrollScript.cs:26 

(Filename: Assets/Scripts/BackGroundScrollScript.cs Line: 26)

NullReferenceException: Object reference not set to an instance of an object
  at BackGroundScrollScript.Update () [0x00018] in C:\Users\thhon\UnityFiles\TlimFinalProj2Dshooter\Assets\Scripts\BackGroundScrollScript.cs:26 

(Filename: Assets/Scripts/BackGroundScrollScript.cs Line: 26)

NullReferenceException: Object reference not set to an instance of an object
  at BackGroundScrollScript.Update () [0x00018] in C:\Users\thhon\UnityFiles\TlimFinalProj2Dshooter\Assets\Scripts\BackGroundScrollScript.cs:26 

(Filename: Assets/Scripts/BackGroundScrollScript.cs Line: 26)

NullReferenceException: Object reference not set to an instance of an object
  at BackGroundScrollScript.Update () [0x00018] in C:\Users\thhon\UnityFiles\TlimFinalProj2Dshooter\Assets\Scripts\BackGroundScrollScript.cs:26 

(Filename: Assets/Scripts/BackGroundScrollScript.cs Line: 26)

NullReferenceException: Object reference not set to an instance of an object
  at BackGroundScrollScript.Update () [0x00018] in C:\Users\thhon\UnityFiles\TlimFinalProj2Dshooter\Assets\Scripts\BackGroundScrollScript.cs:26 

(Filename: Assets/Scripts/BackGroundScrollScript.cs Line: 26)

NullReferenceException: Object reference not set to an instance of an object
  at BackGroundScrollScript.Update () [0x00018] in C:\Users\thhon\UnityFiles\TlimFinalProj2Dshooter\Assets\Scripts\BackGroundScrollScript.cs:26 

(Filename: Assets/Scripts/BackGroundScrollScript.cs Line: 26)

NullReferenceException: Object reference not set to an instance of an object
  at BackGroundScrollScript.Update () [0x00018] in C:\Users\thhon\UnityFiles\TlimFinalProj2Dshooter\Assets\Scripts\BackGroundScrollScript.cs:26 

(Filename: Assets/Scripts/BackGroundScrollScript.cs Line: 26)

NullReferenceException: Object reference not set to an instance of an object
  at BackGroundScrollScript.Update () [0x00018] in C:\Users\thhon\UnityFiles\TlimFinalProj2Dshooter\Assets\Scripts\BackGroundScrollScript.cs:26 

(Filename: Assets/Scripts/BackGroundScrollScript.cs Line: 26)

NullReferenceException: Object reference not set to an instance of an object
  at BackGroundScrollScript.Update () [0x00018] in C:\Users\thhon\UnityFiles\TlimFinalProj2Dshooter\Assets\Scripts\BackGroundScrollScript.cs:26 

(Filename: Assets/Scripts/BackGroundScrollScript.cs Line: 26)

NullReferenceException: Object reference not set to an instance of an object
  at BackGroundScrollScript.Update () [0x00018] in C:\Users\thhon\UnityFiles\TlimFinalProj2Dshooter\Assets\Scripts\BackGroundScrollScript.cs:26 

(Filename: Assets/Scripts/BackGroundScrollScript.cs Line: 26)

NullReferenceException: Object reference not set to an instance of an object
  at BackGroundScrollScript.Update () [0x00018] in C:\Users\thhon\UnityFiles\TlimFinalProj2Dshooter\Assets\Scripts\BackGroundScrollScript.cs:26 

(Filename: Assets/Scripts/BackGroundScrollScript.cs Line: 26)

NullReferenceException: Object reference not set to an instance of an object
  at BackGroundScrollScript.Update () [0x00018] in C:\Users\thhon\UnityFiles\TlimFinalProj2Dshooter\Assets\Scripts\BackGroundScrollScript.cs:26 

(Filename: Assets/Scripts/BackGroundScrollScript.cs Line: 26)

NullReferenceException: Object reference not set to an instance of an object
  at BackGroundScrollScript.Update () [0x00018] in C:\Users\thhon\UnityFiles\TlimFinalProj2Dshooter\Assets\Scripts\BackGroundScrollScript.cs:26 

(Filename: Assets/Scripts/BackGroundScrollScript.cs Line: 26)

NullReferenceException: Object reference not set to an instance of an object
  at BackGroundScrollScript.Update () [0x00018] in C:\Users\thhon\UnityFiles\TlimFinalProj2Dshooter\Assets\Scripts\BackGroundScrollScript.cs:26 

(Filename: Assets/Scripts/BackGroundScrollScript.cs Line: 26)

NullReferenceException: Object reference not set to an instance of an object
  at BackGroundScrollScript.Update () [0x00018] in C:\Users\thhon\UnityFiles\TlimFinalProj2Dshooter\Assets\Scripts\BackGroundScrollScript.cs:26 

(Filename: Assets/Scripts/BackGroundScrollScript.cs Line: 26)

NullReferenceException: Object reference not set to an instance of an object
  at BackGroundScrollScript.Update () [0x00018] in C:\Users\thhon\UnityFiles\TlimFinalProj2Dshooter\Assets\Scripts\BackGroundScrollScript.cs:26 

(Filename: Assets/Scripts/BackGroundScrollScript.cs Line: 26)

NullReferenceException: Object reference not set to an instance of an object
  at BackGroundScrollScript.Update () [0x00018] in C:\Users\thhon\UnityFiles\TlimFinalProj2Dshooter\Assets\Scripts\BackGroundScrollScript.cs:26 

(Filename: Assets/Scripts/BackGroundScrollScript.cs Line: 26)

NullReferenceException: Object reference not set to an instance of an object
  at BackGroundScrollScript.Update () [0x00018] in C:\Users\thhon\UnityFiles\TlimFinalProj2Dshooter\Assets\Scripts\BackGroundScrollScript.cs:26 

(Filename: Assets/Scripts/BackGroundScrollScript.cs Line: 26)

NullReferenceException: Object reference not set to an instance of an object
  at BackGroundScrollScript.Update () [0x00018] in C:\Users\thhon\UnityFiles\TlimFinalProj2Dshooter\Assets\Scripts\BackGroundScrollScript.cs:26 

(Filename: Assets/Scripts/BackGroundScrollScript.cs Line: 26)

NullReferenceException: Object reference not set to an instance of an object
  at BackGroundScrollScript.Update () [0x00018] in C:\Users\thhon\UnityFiles\TlimFinalProj2Dshooter\Assets\Scripts\BackGroundScrollScript.cs:26 

(Filename: Assets/Scripts/BackGroundScrollScript.cs Line: 26)

NullReferenceException: Object reference not set to an instance of an object
  at BackGroundScrollScript.Update () [0x00018] in C:\Users\thhon\UnityFiles\TlimFinalProj2Dshooter\Assets\Scripts\BackGroundScrollScript.cs:26 

(Filename: Assets/Scripts/BackGroundScrollScript.cs Line: 26)

NullReferenceException: Object reference not set to an instance of an object
  at BackGroundScrollScript.Update () [0x00018] in C:\Users\thhon\UnityFiles\TlimFinalProj2Dshooter\Assets\Scripts\BackGroundScrollScript.cs:26 

(Filename: Assets/Scripts/BackGroundScrollScript.cs Line: 26)

NullReferenceException: Object reference not set to an instance of an object
  at BackGroundScrollScript.Update () [0x00018] in C:\Users\thhon\UnityFiles\TlimFinalProj2Dshooter\Assets\Scripts\BackGroundScrollScript.cs:26 

(Filename: Assets/Scripts/BackGroundScrollScript.cs Line: 26)

NullReferenceException: Object reference not set to an instance of an object
  at BackGroundScrollScript.Update () [0x00018] in C:\Users\thhon\UnityFiles\TlimFinalProj2Dshooter\Assets\Scripts\BackGroundScrollScript.cs:26 

(Filename: Assets/Scripts/BackGroundScrollScript.cs Line: 26)

NullReferenceException: Object reference not set to an instance of an object
  at BackGroundScrollScript.Update () [0x00018] in C:\Users\thhon\UnityFiles\TlimFinalProj2Dshooter\Assets\Scripts\BackGroundScrollScript.cs:26 

(Filename: Assets/Scripts/BackGroundScrollScript.cs Line: 26)

NullReferenceException: Object reference not set to an instance of an object
  at BackGroundScrollScript.Update () [0x00018] in C:\Users\thhon\UnityFiles\TlimFinalProj2Dshooter\Assets\Scripts\BackGroundScrollScript.cs:26 

(Filename: Assets/Scripts/BackGroundScrollScript.cs Line: 26)

NullReferenceException: Object reference not set to an instance of an object
  at BackGroundScrollScript.Update () [0x00018] in C:\Users\thhon\UnityFiles\TlimFinalProj2Dshooter\Assets\Scripts\BackGroundScrollScript.cs:26 

(Filename: Assets/Scripts/BackGroundScrollScript.cs Line: 26)

NullReferenceException: Object reference not set to an instance of an object
  at BackGroundScrollScript.Update () [0x00018] in C:\Users\thhon\UnityFiles\TlimFinalProj2Dshooter\Assets\Scripts\BackGroundScrollScript.cs:26 

(Filename: Assets/Scripts/BackGroundScrollScript.cs Line: 26)

NullReferenceException: Object reference not set to an instance of an object
  at BackGroundScrollScript.Update () [0x00018] in C:\Users\thhon\UnityFiles\TlimFinalProj2Dshooter\Assets\Scripts\BackGroundScrollScript.cs:26 

(Filename: Assets/Scripts/BackGroundScrollScript.cs Line: 26)

NullReferenceException: Object reference not set to an instance of an object
  at BackGroundScrollScript.Update () [0x00018] in C:\Users\thhon\UnityFiles\TlimFinalProj2Dshooter\Assets\Scripts\BackGroundScrollScript.cs:26 

(Filename: Assets/Scripts/BackGroundScrollScript.cs Line: 26)

NullReferenceException: Object reference not set to an instance of an object
  at BackGroundScrollScript.Update () [0x00018] in C:\Users\thhon\UnityFiles\TlimFinalProj2Dshooter\Assets\Scripts\BackGroundScrollScript.cs:26 

(Filename: Assets/Scripts/BackGroundScrollScript.cs Line: 26)

NullReferenceException: Object reference not set to an instance of an object
  at BackGroundScrollScript.Update () [0x00018] in C:\Users\thhon\UnityFiles\TlimFinalProj2Dshooter\Assets\Scripts\BackGroundScrollScript.cs:26 

(Filename: Assets/Scripts/BackGroundScrollScript.cs Line: 26)

NullReferenceException: Object reference not set to an instance of an object
  at BackGroundScrollScript.Update () [0x00018] in C:\Users\thhon\UnityFiles\TlimFinalProj2Dshooter\Assets\Scripts\BackGroundScrollScript.cs:26 

(Filename: Assets/Scripts/BackGroundScrollScript.cs Line: 26)

NullReferenceException: Object reference not set to an instance of an object
  at BackGroundScrollScript.Update () [0x00018] in C:\Users\thhon\UnityFiles\TlimFinalProj2Dshooter\Assets\Scripts\BackGroundScrollScript.cs:26 

(Filename: Assets/Scripts/BackGroundScrollScript.cs Line: 26)

NullReferenceException: Object reference not set to an instance of an object
  at BackGroundScrollScript.Update () [0x00018] in C:\Users\thhon\UnityFiles\TlimFinalProj2Dshooter\Assets\Scripts\BackGroundScrollScript.cs:26 

(Filename: Assets/Scripts/BackGroundScrollScript.cs Line: 26)

NullReferenceException: Object reference not set to an instance of an object
  at BackGroundScrollScript.Update () [0x00018] in C:\Users\thhon\UnityFiles\TlimFinalProj2Dshooter\Assets\Scripts\BackGroundScrollScript.cs:26 

(Filename: Assets/Scripts/BackGroundScrollScript.cs Line: 26)

NullReferenceException: Object reference not set to an instance of an object
  at BackGroundScrollScript.Update () [0x00018] in C:\Users\thhon\UnityFiles\TlimFinalProj2Dshooter\Assets\Scripts\BackGroundScrollScript.cs:26 

(Filename: Assets/Scripts/BackGroundScrollScript.cs Line: 26)

NullReferenceException: Object reference not set to an instance of an object
  at BackGroundScrollScript.Update () [0x00018] in C:\Users\thhon\UnityFiles\TlimFinalProj2Dshooter\Assets\Scripts\BackGroundScrollScript.cs:26 

(Filename: Assets/Scripts/BackGroundScrollScript.cs Line: 26)

NullReferenceException: Object reference not set to an instance of an object
  at BackGroundScrollScript.Update () [0x00018] in C:\Users\thhon\UnityFiles\TlimFinalProj2Dshooter\Assets\Scripts\BackGroundScrollScript.cs:26 

(Filename: Assets/Scripts/BackGroundScrollScript.cs Line: 26)

NullReferenceException: Object reference not set to an instance of an object
  at BackGroundScrollScript.Update () [0x00018] in C:\Users\thhon\UnityFiles\TlimFinalProj2Dshooter\Assets\Scripts\BackGroundScrollScript.cs:26 

(Filename: Assets/Scripts/BackGroundScrollScript.cs Line: 26)

NullReferenceException: Object reference not set to an instance of an object
  at BackGroundScrollScript.Update () [0x00018] in C:\Users\thhon\UnityFiles\TlimFinalProj2Dshooter\Assets\Scripts\BackGroundScrollScript.cs:26 

(Filename: Assets/Scripts/BackGroundScrollScript.cs Line: 26)

NullReferenceException: Object reference not set to an instance of an object
  at BackGroundScrollScript.Update () [0x00018] in C:\Users\thhon\UnityFiles\TlimFinalProj2Dshooter\Assets\Scripts\BackGroundScrollScript.cs:26 

(Filename: Assets/Scripts/BackGroundScrollScript.cs Line: 26)

NullReferenceException: Object reference not set to an instance of an object
  at BackGroundScrollScript.Update () [0x00018] in C:\Users\thhon\UnityFiles\TlimFinalProj2Dshooter\Assets\Scripts\BackGroundScrollScript.cs:26 

(Filename: Assets/Scripts/BackGroundScrollScript.cs Line: 26)

NullReferenceException: Object reference not set to an instance of an object
  at BackGroundScrollScript.Update () [0x00018] in C:\Users\thhon\UnityFiles\TlimFinalProj2Dshooter\Assets\Scripts\BackGroundScrollScript.cs:26 

(Filename: Assets/Scripts/BackGroundScrollScript.cs Line: 26)

NullReferenceException: Object reference not set to an instance of an object
  at BackGroundScrollScript.Update () [0x00018] in C:\Users\thhon\UnityFiles\TlimFinalProj2Dshooter\Assets\Scripts\BackGroundScrollScript.cs:26 

(Filename: Assets/Scripts/BackGroundScrollScript.cs Line: 26)

NullReferenceException: Object reference not set to an instance of an object
  at BackGroundScrollScript.Update () [0x00018] in C:\Users\thhon\UnityFiles\TlimFinalProj2Dshooter\Assets\Scripts\BackGroundScrollScript.cs:26 

(Filename: Assets/Scripts/BackGroundScrollScript.cs Line: 26)

NullReferenceException: Object reference not set to an instance of an object
  at BackGroundScrollScript.Update () [0x00018] in C:\Users\thhon\UnityFiles\TlimFinalProj2Dshooter\Assets\Scripts\BackGroundScrollScript.cs:26 

(Filename: Assets/Scripts/BackGroundScrollScript.cs Line: 26)

NullReferenceException: Object reference not set to an instance of an object
  at BackGroundScrollScript.Update () [0x00018] in C:\Users\thhon\UnityFiles\TlimFinalProj2Dshooter\Assets\Scripts\BackGroundScrollScript.cs:26 

(Filename: Assets/Scripts/BackGroundScrollScript.cs Line: 26)

NullReferenceException: Object reference not set to an instance of an object
  at BackGroundScrollScript.Update () [0x00018] in C:\Users\thhon\UnityFiles\TlimFinalProj2Dshooter\Assets\Scripts\BackGroundScrollScript.cs:26 

(Filename: Assets/Scripts/BackGroundScrollScript.cs Line: 26)

NullReferenceException: Object reference not set to an instance of an object
  at BackGroundScrollScript.Update () [0x00018] in C:\Users\thhon\UnityFiles\TlimFinalProj2Dshooter\Assets\Scripts\BackGroundScrollScript.cs:26 

(Filename: Assets/Scripts/BackGroundScrollScript.cs Line: 26)

NullReferenceException: Object reference not set to an instance of an object
  at BackGroundScrollScript.Update () [0x00018] in C:\Users\thhon\UnityFiles\TlimFinalProj2Dshooter\Assets\Scripts\BackGroundScrollScript.cs:26 

(Filename: Assets/Scripts/BackGroundScrollScript.cs Line: 26)

NullReferenceException: Object reference not set to an instance of an object
  at BackGroundScrollScript.Update () [0x00018] in C:\Users\thhon\UnityFiles\TlimFinalProj2Dshooter\Assets\Scripts\BackGroundScrollScript.cs:26 

(Filename: Assets/Scripts/BackGroundScrollScript.cs Line: 26)

NullReferenceException: Object reference not set to an instance of an object
  at BackGroundScrollScript.Update () [0x00018] in C:\Users\thhon\UnityFiles\TlimFinalProj2Dshooter\Assets\Scripts\BackGroundScrollScript.cs:26 

(Filename: Assets/Scripts/BackGroundScrollScript.cs Line: 26)

NullReferenceException: Object reference not set to an instance of an object
  at BackGroundScrollScript.Update () [0x00018] in C:\Users\thhon\UnityFiles\TlimFinalProj2Dshooter\Assets\Scripts\BackGroundScrollScript.cs:26 

(Filename: Assets/Scripts/BackGroundScrollScript.cs Line: 26)

NullReferenceException: Object reference not set to an instance of an object
  at BackGroundScrollScript.Update () [0x00018] in C:\Users\thhon\UnityFiles\TlimFinalProj2Dshooter\Assets\Scripts\BackGroundScrollScript.cs:26 

(Filename: Assets/Scripts/BackGroundScrollScript.cs Line: 26)

NullReferenceException: Object reference not set to an instance of an object
  at BackGroundScrollScript.Update () [0x00018] in C:\Users\thhon\UnityFiles\TlimFinalProj2Dshooter\Assets\Scripts\BackGroundScrollScript.cs:26 

(Filename: Assets/Scripts/BackGroundScrollScript.cs Line: 26)

NullReferenceException: Object reference not set to an instance of an object
  at BackGroundScrollScript.Update () [0x00018] in C:\Users\thhon\UnityFiles\TlimFinalProj2Dshooter\Assets\Scripts\BackGroundScrollScript.cs:26 

(Filename: Assets/Scripts/BackGroundScrollScript.cs Line: 26)

NullReferenceException: Object reference not set to an instance of an object
  at BackGroundScrollScript.Update () [0x00018] in C:\Users\thhon\UnityFiles\TlimFinalProj2Dshooter\Assets\Scripts\BackGroundScrollScript.cs:26 

(Filename: Assets/Scripts/BackGroundScrollScript.cs Line: 26)

NullReferenceException: Object reference not set to an instance of an object
  at BackGroundScrollScript.Update () [0x00018] in C:\Users\thhon\UnityFiles\TlimFinalProj2Dshooter\Assets\Scripts\BackGroundScrollScript.cs:26 

(Filename: Assets/Scripts/BackGroundScrollScript.cs Line: 26)

NullReferenceException: Object reference not set to an instance of an object
  at BackGroundScrollScript.Update () [0x00018] in C:\Users\thhon\UnityFiles\TlimFinalProj2Dshooter\Assets\Scripts\BackGroundScrollScript.cs:26 

(Filename: Assets/Scripts/BackGroundScrollScript.cs Line: 26)

NullReferenceException: Object reference not set to an instance of an object
  at BackGroundScrollScript.Update () [0x00018] in C:\Users\thhon\UnityFiles\TlimFinalProj2Dshooter\Assets\Scripts\BackGroundScrollScript.cs:26 

(Filename: Assets/Scripts/BackGroundScrollScript.cs Line: 26)

NullReferenceException: Object reference not set to an instance of an object
  at BackGroundScrollScript.Update () [0x00018] in C:\Users\thhon\UnityFiles\TlimFinalProj2Dshooter\Assets\Scripts\BackGroundScrollScript.cs:26 

(Filename: Assets/Scripts/BackGroundScrollScript.cs Line: 26)

NullReferenceException: Object reference not set to an instance of an object
  at BackGroundScrollScript.Update () [0x00018] in C:\Users\thhon\UnityFiles\TlimFinalProj2Dshooter\Assets\Scripts\BackGroundScrollScript.cs:26 

(Filename: Assets/Scripts/BackGroundScrollScript.cs Line: 26)

NullReferenceException: Object reference not set to an instance of an object
  at BackGroundScrollScript.Update () [0x00018] in C:\Users\thhon\UnityFiles\TlimFinalProj2Dshooter\Assets\Scripts\BackGroundScrollScript.cs:26 

(Filename: Assets/Scripts/BackGroundScrollScript.cs Line: 26)

NullReferenceException: Object reference not set to an instance of an object
  at BackGroundScrollScript.Update () [0x00018] in C:\Users\thhon\UnityFiles\TlimFinalProj2Dshooter\Assets\Scripts\BackGroundScrollScript.cs:26 

(Filename: Assets/Scripts/BackGroundScrollScript.cs Line: 26)

NullReferenceException: Object reference not set to an instance of an object
  at BackGroundScrollScript.Update () [0x00018] in C:\Users\thhon\UnityFiles\TlimFinalProj2Dshooter\Assets\Scripts\BackGroundScrollScript.cs:26 

(Filename: Assets/Scripts/BackGroundScrollScript.cs Line: 26)

NullReferenceException: Object reference not set to an instance of an object
  at BackGroundScrollScript.Update () [0x00018] in C:\Users\thhon\UnityFiles\TlimFinalProj2Dshooter\Assets\Scripts\BackGroundScrollScript.cs:26 

(Filename: Assets/Scripts/BackGroundScrollScript.cs Line: 26)

NullReferenceException: Object reference not set to an instance of an object
  at BackGroundScrollScript.Update () [0x00018] in C:\Users\thhon\UnityFiles\TlimFinalProj2Dshooter\Assets\Scripts\BackGroundScrollScript.cs:26 

(Filename: Assets/Scripts/BackGroundScrollScript.cs Line: 26)

NullReferenceException: Object reference not set to an instance of an object
  at BackGroundScrollScript.Update () [0x00018] in C:\Users\thhon\UnityFiles\TlimFinalProj2Dshooter\Assets\Scripts\BackGroundScrollScript.cs:26 

(Filename: Assets/Scripts/BackGroundScrollScript.cs Line: 26)

NullReferenceException: Object reference not set to an instance of an object
  at BackGroundScrollScript.Update () [0x00018] in C:\Users\thhon\UnityFiles\TlimFinalProj2Dshooter\Assets\Scripts\BackGroundScrollScript.cs:26 

(Filename: Assets/Scripts/BackGroundScrollScript.cs Line: 26)

NullReferenceException: Object reference not set to an instance of an object
  at BackGroundScrollScript.Update () [0x00018] in C:\Users\thhon\UnityFiles\TlimFinalProj2Dshooter\Assets\Scripts\BackGroundScrollScript.cs:26 

(Filename: Assets/Scripts/BackGroundScrollScript.cs Line: 26)

NullReferenceException: Object reference not set to an instance of an object
  at BackGroundScrollScript.Update () [0x00018] in C:\Users\thhon\UnityFiles\TlimFinalProj2Dshooter\Assets\Scripts\BackGroundScrollScript.cs:26 

(Filename: Assets/Scripts/BackGroundScrollScript.cs Line: 26)

NullReferenceException: Object reference not set to an instance of an object
  at BackGroundScrollScript.Update () [0x00018] in C:\Users\thhon\UnityFiles\TlimFinalProj2Dshooter\Assets\Scripts\BackGroundScrollScript.cs:26 

(Filename: Assets/Scripts/BackGroundScrollScript.cs Line: 26)

NullReferenceException: Object reference not set to an instance of an object
  at BackGroundScrollScript.Update () [0x00018] in C:\Users\thhon\UnityFiles\TlimFinalProj2Dshooter\Assets\Scripts\BackGroundScrollScript.cs:26 

(Filename: Assets/Scripts/BackGroundScrollScript.cs Line: 26)

NullReferenceException: Object reference not set to an instance of an object
  at BackGroundScrollScript.Update () [0x00018] in C:\Users\thhon\UnityFiles\TlimFinalProj2Dshooter\Assets\Scripts\BackGroundScrollScript.cs:26 

(Filename: Assets/Scripts/BackGroundScrollScript.cs Line: 26)

NullReferenceException: Object reference not set to an instance of an object
  at BackGroundScrollScript.Update () [0x00018] in C:\Users\thhon\UnityFiles\TlimFinalProj2Dshooter\Assets\Scripts\BackGroundScrollScript.cs:26 

(Filename: Assets/Scripts/BackGroundScrollScript.cs Line: 26)

NullReferenceException: Object reference not set to an instance of an object
  at BackGroundScrollScript.Update () [0x00018] in C:\Users\thhon\UnityFiles\TlimFinalProj2Dshooter\Assets\Scripts\BackGroundScrollScript.cs:26 

(Filename: Assets/Scripts/BackGroundScrollScript.cs Line: 26)

NullReferenceException: Object reference not set to an instance of an object
  at BackGroundScrollScript.Update () [0x00018] in C:\Users\thhon\UnityFiles\TlimFinalProj2Dshooter\Assets\Scripts\BackGroundScrollScript.cs:26 

(Filename: Assets/Scripts/BackGroundScrollScript.cs Line: 26)

NullReferenceException: Object reference not set to an instance of an object
  at BackGroundScrollScript.Update () [0x00018] in C:\Users\thhon\UnityFiles\TlimFinalProj2Dshooter\Assets\Scripts\BackGroundScrollScript.cs:26 

(Filename: Assets/Scripts/BackGroundScrollScript.cs Line: 26)

NullReferenceException: Object reference not set to an instance of an object
  at BackGroundScrollScript.Update () [0x00018] in C:\Users\thhon\UnityFiles\TlimFinalProj2Dshooter\Assets\Scripts\BackGroundScrollScript.cs:26 

(Filename: Assets/Scripts/BackGroundScrollScript.cs Line: 26)

NullReferenceException: Object reference not set to an instance of an object
  at BackGroundScrollScript.Update () [0x00018] in C:\Users\thhon\UnityFiles\TlimFinalProj2Dshooter\Assets\Scripts\BackGroundScrollScript.cs:26 

(Filename: Assets/Scripts/BackGroundScrollScript.cs Line: 26)

NullReferenceException: Object reference not set to an instance of an object
  at BackGroundScrollScript.Update () [0x00018] in C:\Users\thhon\UnityFiles\TlimFinalProj2Dshooter\Assets\Scripts\BackGroundScrollScript.cs:26 

(Filename: Assets/Scripts/BackGroundScrollScript.cs Line: 26)

NullReferenceException: Object reference not set to an instance of an object
  at BackGroundScrollScript.Update () [0x00018] in C:\Users\thhon\UnityFiles\TlimFinalProj2Dshooter\Assets\Scripts\BackGroundScrollScript.cs:26 

(Filename: Assets/Scripts/BackGroundScrollScript.cs Line: 26)

NullReferenceException: Object reference not set to an instance of an object
  at BackGroundScrollScript.Update () [0x00018] in C:\Users\thhon\UnityFiles\TlimFinalProj2Dshooter\Assets\Scripts\BackGroundScrollScript.cs:26 

(Filename: Assets/Scripts/BackGroundScrollScript.cs Line: 26)

NullReferenceException: Object reference not set to an instance of an object
  at BackGroundScrollScript.Update () [0x00018] in C:\Users\thhon\UnityFiles\TlimFinalProj2Dshooter\Assets\Scripts\BackGroundScrollScript.cs:26 

(Filename: Assets/Scripts/BackGroundScrollScript.cs Line: 26)

NullReferenceException: Object reference not set to an instance of an object
  at BackGroundScrollScript.Update () [0x00018] in C:\Users\thhon\UnityFiles\TlimFinalProj2Dshooter\Assets\Scripts\BackGroundScrollScript.cs:26 

(Filename: Assets/Scripts/BackGroundScrollScript.cs Line: 26)

NullReferenceException: Object reference not set to an instance of an object
  at BackGroundScrollScript.Update () [0x00018] in C:\Users\thhon\UnityFiles\TlimFinalProj2Dshooter\Assets\Scripts\BackGroundScrollScript.cs:26 

(Filename: Assets/Scripts/BackGroundScrollScript.cs Line: 26)

NullReferenceException: Object reference not set to an instance of an object
  at BackGroundScrollScript.Update () [0x00018] in C:\Users\thhon\UnityFiles\TlimFinalProj2Dshooter\Assets\Scripts\BackGroundScrollScript.cs:26 

(Filename: Assets/Scripts/BackGroundScrollScript.cs Line: 26)

NullReferenceException: Object reference not set to an instance of an object
  at BackGroundScrollScript.Update () [0x00018] in C:\Users\thhon\UnityFiles\TlimFinalProj2Dshooter\Assets\Scripts\BackGroundScrollScript.cs:26 

(Filename: Assets/Scripts/BackGroundScrollScript.cs Line: 26)

NullReferenceException: Object reference not set to an instance of an object
  at BackGroundScrollScript.Update () [0x00018] in C:\Users\thhon\UnityFiles\TlimFinalProj2Dshooter\Assets\Scripts\BackGroundScrollScript.cs:26 

(Filename: Assets/Scripts/BackGroundScrollScript.cs Line: 26)

NullReferenceException: Object reference not set to an instance of an object
  at BackGroundScrollScript.Update () [0x00018] in C:\Users\thhon\UnityFiles\TlimFinalProj2Dshooter\Assets\Scripts\BackGroundScrollScript.cs:26 

(Filename: Assets/Scripts/BackGroundScrollScript.cs Line: 26)

NullReferenceException: Object reference not set to an instance of an object
  at BackGroundScrollScript.Update () [0x00018] in C:\Users\thhon\UnityFiles\TlimFinalProj2Dshooter\Assets\Scripts\BackGroundScrollScript.cs:26 

(Filename: Assets/Scripts/BackGroundScrollScript.cs Line: 26)

NullReferenceException: Object reference not set to an instance of an object
  at BackGroundScrollScript.Update () [0x00018] in C:\Users\thhon\UnityFiles\TlimFinalProj2Dshooter\Assets\Scripts\BackGroundScrollScript.cs:26 

(Filename: Assets/Scripts/BackGroundScrollScript.cs Line: 26)

NullReferenceException: Object reference not set to an instance of an object
  at BackGroundScrollScript.Update () [0x00018] in C:\Users\thhon\UnityFiles\TlimFinalProj2Dshooter\Assets\Scripts\BackGroundScrollScript.cs:26 

(Filename: Assets/Scripts/BackGroundScrollScript.cs Line: 26)

NullReferenceException: Object reference not set to an instance of an object
  at BackGroundScrollScript.Update () [0x00018] in C:\Users\thhon\UnityFiles\TlimFinalProj2Dshooter\Assets\Scripts\BackGroundScrollScript.cs:26 

(Filename: Assets/Scripts/BackGroundScrollScript.cs Line: 26)

NullReferenceException: Object reference not set to an instance of an object
  at BackGroundScrollScript.Update () [0x00018] in C:\Users\thhon\UnityFiles\TlimFinalProj2Dshooter\Assets\Scripts\BackGroundScrollScript.cs:26 

(Filename: Assets/Scripts/BackGroundScrollScript.cs Line: 26)

NullReferenceException: Object reference not set to an instance of an object
  at BackGroundScrollScript.Update () [0x00018] in C:\Users\thhon\UnityFiles\TlimFinalProj2Dshooter\Assets\Scripts\BackGroundScrollScript.cs:26 

(Filename: Assets/Scripts/BackGroundScrollScript.cs Line: 26)

NullReferenceException: Object reference not set to an instance of an object
  at BackGroundScrollScript.Update () [0x00018] in C:\Users\thhon\UnityFiles\TlimFinalProj2Dshooter\Assets\Scripts\BackGroundScrollScript.cs:26 

(Filename: Assets/Scripts/BackGroundScrollScript.cs Line: 26)

NullReferenceException: Object reference not set to an instance of an object
  at BackGroundScrollScript.Update () [0x00018] in C:\Users\thhon\UnityFiles\TlimFinalProj2Dshooter\Assets\Scripts\BackGroundScrollScript.cs:26 

(Filename: Assets/Scripts/BackGroundScrollScript.cs Line: 26)

NullReferenceException: Object reference not set to an instance of an object
  at BackGroundScrollScript.Update () [0x00018] in C:\Users\thhon\UnityFiles\TlimFinalProj2Dshooter\Assets\Scripts\BackGroundScrollScript.cs:26 

(Filename: Assets/Scripts/BackGroundScrollScript.cs Line: 26)

NullReferenceException: Object reference not set to an instance of an object
  at BackGroundScrollScript.Update () [0x00018] in C:\Users\thhon\UnityFiles\TlimFinalProj2Dshooter\Assets\Scripts\BackGroundScrollScript.cs:26 

(Filename: Assets/Scripts/BackGroundScrollScript.cs Line: 26)

NullReferenceException: Object reference not set to an instance of an object
  at BackGroundScrollScript.Update () [0x00018] in C:\Users\thhon\UnityFiles\TlimFinalProj2Dshooter\Assets\Scripts\BackGroundScrollScript.cs:26 

(Filename: Assets/Scripts/BackGroundScrollScript.cs Line: 26)

NullReferenceException: Object reference not set to an instance of an object
  at BackGroundScrollScript.Update () [0x00018] in C:\Users\thhon\UnityFiles\TlimFinalProj2Dshooter\Assets\Scripts\BackGroundScrollScript.cs:26 

(Filename: Assets/Scripts/BackGroundScrollScript.cs Line: 26)

NullReferenceException: Object reference not set to an instance of an object
  at BackGroundScrollScript.Update () [0x00018] in C:\Users\thhon\UnityFiles\TlimFinalProj2Dshooter\Assets\Scripts\BackGroundScrollScript.cs:26 

(Filename: Assets/Scripts/BackGroundScrollScript.cs Line: 26)

NullReferenceException: Object reference not set to an instance of an object
  at BackGroundScrollScript.Update () [0x00018] in C:\Users\thhon\UnityFiles\TlimFinalProj2Dshooter\Assets\Scripts\BackGroundScrollScript.cs:26 

(Filename: Assets/Scripts/BackGroundScrollScript.cs Line: 26)

NullReferenceException: Object reference not set to an instance of an object
  at BackGroundScrollScript.Update () [0x00018] in C:\Users\thhon\UnityFiles\TlimFinalProj2Dshooter\Assets\Scripts\BackGroundScrollScript.cs:26 

(Filename: Assets/Scripts/BackGroundScrollScript.cs Line: 26)

NullReferenceException: Object reference not set to an instance of an object
  at BackGroundScrollScript.Update () [0x00018] in C:\Users\thhon\UnityFiles\TlimFinalProj2Dshooter\Assets\Scripts\BackGroundScrollScript.cs:26 

(Filename: Assets/Scripts/BackGroundScrollScript.cs Line: 26)

NullReferenceException: Object reference not set to an instance of an object
  at BackGroundScrollScript.Update () [0x00018] in C:\Users\thhon\UnityFiles\TlimFinalProj2Dshooter\Assets\Scripts\BackGroundScrollScript.cs:26 

(Filename: Assets/Scripts/BackGroundScrollScript.cs Line: 26)

NullReferenceException: Object reference not set to an instance of an object
  at BackGroundScrollScript.Update () [0x00018] in C:\Users\thhon\UnityFiles\TlimFinalProj2Dshooter\Assets\Scripts\BackGroundScrollScript.cs:26 

(Filename: Assets/Scripts/BackGroundScrollScript.cs Line: 26)

NullReferenceException: Object reference not set to an instance of an object
  at BackGroundScrollScript.Update () [0x00018] in C:\Users\thhon\UnityFiles\TlimFinalProj2Dshooter\Assets\Scripts\BackGroundScrollScript.cs:26 

(Filename: Assets/Scripts/BackGroundScrollScript.cs Line: 26)

NullReferenceException: Object reference not set to an instance of an object
  at BackGroundScrollScript.Update () [0x00018] in C:\Users\thhon\UnityFiles\TlimFinalProj2Dshooter\Assets\Scripts\BackGroundScrollScript.cs:26 

(Filename: Assets/Scripts/BackGroundScrollScript.cs Line: 26)

NullReferenceException: Object reference not set to an instance of an object
  at BackGroundScrollScript.Update () [0x00018] in C:\Users\thhon\UnityFiles\TlimFinalProj2Dshooter\Assets\Scripts\BackGroundScrollScript.cs:26 

(Filename: Assets/Scripts/BackGroundScrollScript.cs Line: 26)

NullReferenceException: Object reference not set to an instance of an object
  at BackGroundScrollScript.Update () [0x00018] in C:\Users\thhon\UnityFiles\TlimFinalProj2Dshooter\Assets\Scripts\BackGroundScrollScript.cs:26 

(Filename: Assets/Scripts/BackGroundScrollScript.cs Line: 26)

NullReferenceException: Object reference not set to an instance of an object
  at BackGroundScrollScript.Update () [0x00018] in C:\Users\thhon\UnityFiles\TlimFinalProj2Dshooter\Assets\Scripts\BackGroundScrollScript.cs:26 

(Filename: Assets/Scripts/BackGroundScrollScript.cs Line: 26)

NullReferenceException: Object reference not set to an instance of an object
  at BackGroundScrollScript.Update () [0x00018] in C:\Users\thhon\UnityFiles\TlimFinalProj2Dshooter\Assets\Scripts\BackGroundScrollScript.cs:26 

(Filename: Assets/Scripts/BackGroundScrollScript.cs Line: 26)

NullReferenceException: Object reference not set to an instance of an object
  at BackGroundScrollScript.Update () [0x00018] in C:\Users\thhon\UnityFiles\TlimFinalProj2Dshooter\Assets\Scripts\BackGroundScrollScript.cs:26 

(Filename: Assets/Scripts/BackGroundScrollScript.cs Line: 26)

NullReferenceException: Object reference not set to an instance of an object
  at BackGroundScrollScript.Update () [0x00018] in C:\Users\thhon\UnityFiles\TlimFinalProj2Dshooter\Assets\Scripts\BackGroundScrollScript.cs:26 

(Filename: Assets/Scripts/BackGroundScrollScript.cs Line: 26)

NullReferenceException: Object reference not set to an instance of an object
  at BackGroundScrollScript.Update () [0x00018] in C:\Users\thhon\UnityFiles\TlimFinalProj2Dshooter\Assets\Scripts\BackGroundScrollScript.cs:26 

(Filename: Assets/Scripts/BackGroundScrollScript.cs Line: 26)

NullReferenceException: Object reference not set to an instance of an object
  at BackGroundScrollScript.Update () [0x00018] in C:\Users\thhon\UnityFiles\TlimFinalProj2Dshooter\Assets\Scripts\BackGroundScrollScript.cs:26 

(Filename: Assets/Scripts/BackGroundScrollScript.cs Line: 26)

NullReferenceException: Object reference not set to an instance of an object
  at BackGroundScrollScript.Update () [0x00018] in C:\Users\thhon\UnityFiles\TlimFinalProj2Dshooter\Assets\Scripts\BackGroundScrollScript.cs:26 

(Filename: Assets/Scripts/BackGroundScrollScript.cs Line: 26)

NullReferenceException: Object reference not set to an instance of an object
  at BackGroundScrollScript.Update () [0x00018] in C:\Users\thhon\UnityFiles\TlimFinalProj2Dshooter\Assets\Scripts\BackGroundScrollScript.cs:26 

(Filename: Assets/Scripts/BackGroundScrollScript.cs Line: 26)

NullReferenceException: Object reference not set to an instance of an object
  at BackGroundScrollScript.Update () [0x00018] in C:\Users\thhon\UnityFiles\TlimFinalProj2Dshooter\Assets\Scripts\BackGroundScrollScript.cs:26 

(Filename: Assets/Scripts/BackGroundScrollScript.cs Line: 26)

NullReferenceException: Object reference not set to an instance of an object
  at BackGroundScrollScript.Update () [0x00018] in C:\Users\thhon\UnityFiles\TlimFinalProj2Dshooter\Assets\Scripts\BackGroundScrollScript.cs:26 

(Filename: Assets/Scripts/BackGroundScrollScript.cs Line: 26)

NullReferenceException: Object reference not set to an instance of an object
  at BackGroundScrollScript.Update () [0x00018] in C:\Users\thhon\UnityFiles\TlimFinalProj2Dshooter\Assets\Scripts\BackGroundScrollScript.cs:26 

(Filename: Assets/Scripts/BackGroundScrollScript.cs Line: 26)

NullReferenceException: Object reference not set to an instance of an object
  at BackGroundScrollScript.Update () [0x00018] in C:\Users\thhon\UnityFiles\TlimFinalProj2Dshooter\Assets\Scripts\BackGroundScrollScript.cs:26 

(Filename: Assets/Scripts/BackGroundScrollScript.cs Line: 26)

NullReferenceException: Object reference not set to an instance of an object
  at BackGroundScrollScript.Update () [0x00018] in C:\Users\thhon\UnityFiles\TlimFinalProj2Dshooter\Assets\Scripts\BackGroundScrollScript.cs:26 

(Filename: Assets/Scripts/BackGroundScrollScript.cs Line: 26)

NullReferenceException: Object reference not set to an instance of an object
  at BackGroundScrollScript.Update () [0x00018] in C:\Users\thhon\UnityFiles\TlimFinalProj2Dshooter\Assets\Scripts\BackGroundScrollScript.cs:26 

(Filename: Assets/Scripts/BackGroundScrollScript.cs Line: 26)

NullReferenceException: Object reference not set to an instance of an object
  at BackGroundScrollScript.Update () [0x00018] in C:\Users\thhon\UnityFiles\TlimFinalProj2Dshooter\Assets\Scripts\BackGroundScrollScript.cs:26 

(Filename: Assets/Scripts/BackGroundScrollScript.cs Line: 26)

NullReferenceException: Object reference not set to an instance of an object
  at BackGroundScrollScript.Update () [0x00018] in C:\Users\thhon\UnityFiles\TlimFinalProj2Dshooter\Assets\Scripts\BackGroundScrollScript.cs:26 

(Filename: Assets/Scripts/BackGroundScrollScript.cs Line: 26)

NullReferenceException: Object reference not set to an instance of an object
  at BackGroundScrollScript.Update () [0x00018] in C:\Users\thhon\UnityFiles\TlimFinalProj2Dshooter\Assets\Scripts\BackGroundScrollScript.cs:26 

(Filename: Assets/Scripts/BackGroundScrollScript.cs Line: 26)

NullReferenceException: Object reference not set to an instance of an object
  at BackGroundScrollScript.Update () [0x00018] in C:\Users\thhon\UnityFiles\TlimFinalProj2Dshooter\Assets\Scripts\BackGroundScrollScript.cs:26 

(Filename: Assets/Scripts/BackGroundScrollScript.cs Line: 26)

NullReferenceException: Object reference not set to an instance of an object
  at BackGroundScrollScript.Update () [0x00018] in C:\Users\thhon\UnityFiles\TlimFinalProj2Dshooter\Assets\Scripts\BackGroundScrollScript.cs:26 

(Filename: Assets/Scripts/BackGroundScrollScript.cs Line: 26)

NullReferenceException: Object reference not set to an instance of an object
  at BackGroundScrollScript.Update () [0x00018] in C:\Users\thhon\UnityFiles\TlimFinalProj2Dshooter\Assets\Scripts\BackGroundScrollScript.cs:26 

(Filename: Assets/Scripts/BackGroundScrollScript.cs Line: 26)

NullReferenceException: Object reference not set to an instance of an object
  at BackGroundScrollScript.Update () [0x00018] in C:\Users\thhon\UnityFiles\TlimFinalProj2Dshooter\Assets\Scripts\BackGroundScrollScript.cs:26 

(Filename: Assets/Scripts/BackGroundScrollScript.cs Line: 26)

NullReferenceException: Object reference not set to an instance of an object
  at BackGroundScrollScript.Update () [0x00018] in C:\Users\thhon\UnityFiles\TlimFinalProj2Dshooter\Assets\Scripts\BackGroundScrollScript.cs:26 

(Filename: Assets/Scripts/BackGroundScrollScript.cs Line: 26)

NullReferenceException: Object reference not set to an instance of an object
  at BackGroundScrollScript.Update () [0x00018] in C:\Users\thhon\UnityFiles\TlimFinalProj2Dshooter\Assets\Scripts\BackGroundScrollScript.cs:26 

(Filename: Assets/Scripts/BackGroundScrollScript.cs Line: 26)

NullReferenceException: Object reference not set to an instance of an object
  at BackGroundScrollScript.Update () [0x00018] in C:\Users\thhon\UnityFiles\TlimFinalProj2Dshooter\Assets\Scripts\BackGroundScrollScript.cs:26 

(Filename: Assets/Scripts/BackGroundScrollScript.cs Line: 26)

NullReferenceException: Object reference not set to an instance of an object
  at BackGroundScrollScript.Update () [0x00018] in C:\Users\thhon\UnityFiles\TlimFinalProj2Dshooter\Assets\Scripts\BackGroundScrollScript.cs:26 

(Filename: Assets/Scripts/BackGroundScrollScript.cs Line: 26)

NullReferenceException: Object reference not set to an instance of an object
  at BackGroundScrollScript.Update () [0x00018] in C:\Users\thhon\UnityFiles\TlimFinalProj2Dshooter\Assets\Scripts\BackGroundScrollScript.cs:26 

(Filename: Assets/Scripts/BackGroundScrollScript.cs Line: 26)

NullReferenceException: Object reference not set to an instance of an object
  at BackGroundScrollScript.Update () [0x00018] in C:\Users\thhon\UnityFiles\TlimFinalProj2Dshooter\Assets\Scripts\BackGroundScrollScript.cs:26 

(Filename: Assets/Scripts/BackGroundScrollScript.cs Line: 26)

NullReferenceException: Object reference not set to an instance of an object
  at BackGroundScrollScript.Update () [0x00018] in C:\Users\thhon\UnityFiles\TlimFinalProj2Dshooter\Assets\Scripts\BackGroundScrollScript.cs:26 

(Filename: Assets/Scripts/BackGroundScrollScript.cs Line: 26)

NullReferenceException: Object reference not set to an instance of an object
  at BackGroundScrollScript.Update () [0x00018] in C:\Users\thhon\UnityFiles\TlimFinalProj2Dshooter\Assets\Scripts\BackGroundScrollScript.cs:26 

(Filename: Assets/Scripts/BackGroundScrollScript.cs Line: 26)

NullReferenceException: Object reference not set to an instance of an object
  at BackGroundScrollScript.Update () [0x00018] in C:\Users\thhon\UnityFiles\TlimFinalProj2Dshooter\Assets\Scripts\BackGroundScrollScript.cs:26 

(Filename: Assets/Scripts/BackGroundScrollScript.cs Line: 26)

NullReferenceException: Object reference not set to an instance of an object
  at BackGroundScrollScript.Update () [0x00018] in C:\Users\thhon\UnityFiles\TlimFinalProj2Dshooter\Assets\Scripts\BackGroundScrollScript.cs:26 

(Filename: Assets/Scripts/BackGroundScrollScript.cs Line: 26)

NullReferenceException: Object reference not set to an instance of an object
  at BackGroundScrollScript.Update () [0x00018] in C:\Users\thhon\UnityFiles\TlimFinalProj2Dshooter\Assets\Scripts\BackGroundScrollScript.cs:26 

(Filename: Assets/Scripts/BackGroundScrollScript.cs Line: 26)

NullReferenceException: Object reference not set to an instance of an object
  at BackGroundScrollScript.Update () [0x00018] in C:\Users\thhon\UnityFiles\TlimFinalProj2Dshooter\Assets\Scripts\BackGroundScrollScript.cs:26 

(Filename: Assets/Scripts/BackGroundScrollScript.cs Line: 26)

NullReferenceException: Object reference not set to an instance of an object
  at BackGroundScrollScript.Update () [0x00018] in C:\Users\thhon\UnityFiles\TlimFinalProj2Dshooter\Assets\Scripts\BackGroundScrollScript.cs:26 

(Filename: Assets/Scripts/BackGroundScrollScript.cs Line: 26)

NullReferenceException: Object reference not set to an instance of an object
  at BackGroundScrollScript.Update () [0x00018] in C:\Users\thhon\UnityFiles\TlimFinalProj2Dshooter\Assets\Scripts\BackGroundScrollScript.cs:26 

(Filename: Assets/Scripts/BackGroundScrollScript.cs Line: 26)

NullReferenceException: Object reference not set to an instance of an object
  at BackGroundScrollScript.Update () [0x00018] in C:\Users\thhon\UnityFiles\TlimFinalProj2Dshooter\Assets\Scripts\BackGroundScrollScript.cs:26 

(Filename: Assets/Scripts/BackGroundScrollScript.cs Line: 26)

NullReferenceException: Object reference not set to an instance of an object
  at BackGroundScrollScript.Update () [0x00018] in C:\Users\thhon\UnityFiles\TlimFinalProj2Dshooter\Assets\Scripts\BackGroundScrollScript.cs:26 

(Filename: Assets/Scripts/BackGroundScrollScript.cs Line: 26)

NullReferenceException: Object reference not set to an instance of an object
  at BackGroundScrollScript.Update () [0x00018] in C:\Users\thhon\UnityFiles\TlimFinalProj2Dshooter\Assets\Scripts\BackGroundScrollScript.cs:26 

(Filename: Assets/Scripts/BackGroundScrollScript.cs Line: 26)

NullReferenceException: Object reference not set to an instance of an object
  at BackGroundScrollScript.Update () [0x00018] in C:\Users\thhon\UnityFiles\TlimFinalProj2Dshooter\Assets\Scripts\BackGroundScrollScript.cs:26 

(Filename: Assets/Scripts/BackGroundScrollScript.cs Line: 26)

NullReferenceException: Object reference not set to an instance of an object
  at BackGroundScrollScript.Update () [0x00018] in C:\Users\thhon\UnityFiles\TlimFinalProj2Dshooter\Assets\Scripts\BackGroundScrollScript.cs:26 

(Filename: Assets/Scripts/BackGroundScrollScript.cs Line: 26)

NullReferenceException: Object reference not set to an instance of an object
  at BackGroundScrollScript.Update () [0x00018] in C:\Users\thhon\UnityFiles\TlimFinalProj2Dshooter\Assets\Scripts\BackGroundScrollScript.cs:26 

(Filename: Assets/Scripts/BackGroundScrollScript.cs Line: 26)

NullReferenceException: Object reference not set to an instance of an object
  at BackGroundScrollScript.Update () [0x00018] in C:\Users\thhon\UnityFiles\TlimFinalProj2Dshooter\Assets\Scripts\BackGroundScrollScript.cs:26 

(Filename: Assets/Scripts/BackGroundScrollScript.cs Line: 26)

NullReferenceException: Object reference not set to an instance of an object
  at BackGroundScrollScript.Update () [0x00018] in C:\Users\thhon\UnityFiles\TlimFinalProj2Dshooter\Assets\Scripts\BackGroundScrollScript.cs:26 

(Filename: Assets/Scripts/BackGroundScrollScript.cs Line: 26)

NullReferenceException: Object reference not set to an instance of an object
  at BackGroundScrollScript.Update () [0x00018] in C:\Users\thhon\UnityFiles\TlimFinalProj2Dshooter\Assets\Scripts\BackGroundScrollScript.cs:26 

(Filename: Assets/Scripts/BackGroundScrollScript.cs Line: 26)

NullReferenceException: Object reference not set to an instance of an object
  at BackGroundScrollScript.Update () [0x00018] in C:\Users\thhon\UnityFiles\TlimFinalProj2Dshooter\Assets\Scripts\BackGroundScrollScript.cs:26 

(Filename: Assets/Scripts/BackGroundScrollScript.cs Line: 26)

NullReferenceException: Object reference not set to an instance of an object
  at BackGroundScrollScript.Update () [0x00018] in C:\Users\thhon\UnityFiles\TlimFinalProj2Dshooter\Assets\Scripts\BackGroundScrollScript.cs:26 

(Filename: Assets/Scripts/BackGroundScrollScript.cs Line: 26)

NullReferenceException: Object reference not set to an instance of an object
  at BackGroundScrollScript.Update () [0x00018] in C:\Users\thhon\UnityFiles\TlimFinalProj2Dshooter\Assets\Scripts\BackGroundScrollScript.cs:26 

(Filename: Assets/Scripts/BackGroundScrollScript.cs Line: 26)

NullReferenceException: Object reference not set to an instance of an object
  at BackGroundScrollScript.Update () [0x00018] in C:\Users\thhon\UnityFiles\TlimFinalProj2Dshooter\Assets\Scripts\BackGroundScrollScript.cs:26 

(Filename: Assets/Scripts/BackGroundScrollScript.cs Line: 26)

NullReferenceException: Object reference not set to an instance of an object
  at BackGroundScrollScript.Update () [0x00018] in C:\Users\thhon\UnityFiles\TlimFinalProj2Dshooter\Assets\Scripts\BackGroundScrollScript.cs:26 

(Filename: Assets/Scripts/BackGroundScrollScript.cs Line: 26)

NullReferenceException: Object reference not set to an instance of an object
  at BackGroundScrollScript.Update () [0x00018] in C:\Users\thhon\UnityFiles\TlimFinalProj2Dshooter\Assets\Scripts\BackGroundScrollScript.cs:26 

(Filename: Assets/Scripts/BackGroundScrollScript.cs Line: 26)

NullReferenceException: Object reference not set to an instance of an object
  at BackGroundScrollScript.Update () [0x00018] in C:\Users\thhon\UnityFiles\TlimFinalProj2Dshooter\Assets\Scripts\BackGroundScrollScript.cs:26 

(Filename: Assets/Scripts/BackGroundScrollScript.cs Line: 26)

NullReferenceException: Object reference not set to an instance of an object
  at BackGroundScrollScript.Update () [0x00018] in C:\Users\thhon\UnityFiles\TlimFinalProj2Dshooter\Assets\Scripts\BackGroundScrollScript.cs:26 

(Filename: Assets/Scripts/BackGroundScrollScript.cs Line: 26)

NullReferenceException: Object reference not set to an instance of an object
  at BackGroundScrollScript.Update () [0x00018] in C:\Users\thhon\UnityFiles\TlimFinalProj2Dshooter\Assets\Scripts\BackGroundScrollScript.cs:26 

(Filename: Assets/Scripts/BackGroundScrollScript.cs Line: 26)

NullReferenceException: Object reference not set to an instance of an object
  at BackGroundScrollScript.Update () [0x00018] in C:\Users\thhon\UnityFiles\TlimFinalProj2Dshooter\Assets\Scripts\BackGroundScrollScript.cs:26 

(Filename: Assets/Scripts/BackGroundScrollScript.cs Line: 26)

NullReferenceException: Object reference not set to an instance of an object
  at BackGroundScrollScript.Update () [0x00018] in C:\Users\thhon\UnityFiles\TlimFinalProj2Dshooter\Assets\Scripts\BackGroundScrollScript.cs:26 

(Filename: Assets/Scripts/BackGroundScrollScript.cs Line: 26)

NullReferenceException: Object reference not set to an instance of an object
  at BackGroundScrollScript.Update () [0x00018] in C:\Users\thhon\UnityFiles\TlimFinalProj2Dshooter\Assets\Scripts\BackGroundScrollScript.cs:26 

(Filename: Assets/Scripts/BackGroundScrollScript.cs Line: 26)

NullReferenceException: Object reference not set to an instance of an object
  at BackGroundScrollScript.Update () [0x00018] in C:\Users\thhon\UnityFiles\TlimFinalProj2Dshooter\Assets\Scripts\BackGroundScrollScript.cs:26 

(Filename: Assets/Scripts/BackGroundScrollScript.cs Line: 26)

NullReferenceException: Object reference not set to an instance of an object
  at BackGroundScrollScript.Update () [0x00018] in C:\Users\thhon\UnityFiles\TlimFinalProj2Dshooter\Assets\Scripts\BackGroundScrollScript.cs:26 

(Filename: Assets/Scripts/BackGroundScrollScript.cs Line: 26)

NullReferenceException: Object reference not set to an instance of an object
  at BackGroundScrollScript.Update () [0x00018] in C:\Users\thhon\UnityFiles\TlimFinalProj2Dshooter\Assets\Scripts\BackGroundScrollScript.cs:26 

(Filename: Assets/Scripts/BackGroundScrollScript.cs Line: 26)

NullReferenceException: Object reference not set to an instance of an object
  at BackGroundScrollScript.Update () [0x00018] in C:\Users\thhon\UnityFiles\TlimFinalProj2Dshooter\Assets\Scripts\BackGroundScrollScript.cs:26 

(Filename: Assets/Scripts/BackGroundScrollScript.cs Line: 26)

NullReferenceException: Object reference not set to an instance of an object
  at BackGroundScrollScript.Update () [0x00018] in C:\Users\thhon\UnityFiles\TlimFinalProj2Dshooter\Assets\Scripts\BackGroundScrollScript.cs:26 

(Filename: Assets/Scripts/BackGroundScrollScript.cs Line: 26)

NullReferenceException: Object reference not set to an instance of an object
  at BackGroundScrollScript.Update () [0x00018] in C:\Users\thhon\UnityFiles\TlimFinalProj2Dshooter\Assets\Scripts\BackGroundScrollScript.cs:26 

(Filename: Assets/Scripts/BackGroundScrollScript.cs Line: 26)

NullReferenceException: Object reference not set to an instance of an object
  at BackGroundScrollScript.Update () [0x00018] in C:\Users\thhon\UnityFiles\TlimFinalProj2Dshooter\Assets\Scripts\BackGroundScrollScript.cs:26 

(Filename: Assets/Scripts/BackGroundScrollScript.cs Line: 26)

NullReferenceException: Object reference not set to an instance of an object
  at BackGroundScrollScript.Update () [0x00018] in C:\Users\thhon\UnityFiles\TlimFinalProj2Dshooter\Assets\Scripts\BackGroundScrollScript.cs:26 

(Filename: Assets/Scripts/BackGroundScrollScript.cs Line: 26)

NullReferenceException: Object reference not set to an instance of an object
  at BackGroundScrollScript.Update () [0x00018] in C:\Users\thhon\UnityFiles\TlimFinalProj2Dshooter\Assets\Scripts\BackGroundScrollScript.cs:26 

(Filename: Assets/Scripts/BackGroundScrollScript.cs Line: 26)

NullReferenceException: Object reference not set to an instance of an object
  at BackGroundScrollScript.Update () [0x00018] in C:\Users\thhon\UnityFiles\TlimFinalProj2Dshooter\Assets\Scripts\BackGroundScrollScript.cs:26 

(Filename: Assets/Scripts/BackGroundScrollScript.cs Line: 26)

NullReferenceException: Object reference not set to an instance of an object
  at BackGroundScrollScript.Update () [0x00018] in C:\Users\thhon\UnityFiles\TlimFinalProj2Dshooter\Assets\Scripts\BackGroundScrollScript.cs:26 

(Filename: Assets/Scripts/BackGroundScrollScript.cs Line: 26)

NullReferenceException: Object reference not set to an instance of an object
  at BackGroundScrollScript.Update () [0x00018] in C:\Users\thhon\UnityFiles\TlimFinalProj2Dshooter\Assets\Scripts\BackGroundScrollScript.cs:26 

(Filename: Assets/Scripts/BackGroundScrollScript.cs Line: 26)

NullReferenceException: Object reference not set to an instance of an object
  at BackGroundScrollScript.Update () [0x00018] in C:\Users\thhon\UnityFiles\TlimFinalProj2Dshooter\Assets\Scripts\BackGroundScrollScript.cs:26 

(Filename: Assets/Scripts/BackGroundScrollScript.cs Line: 26)

NullReferenceException: Object reference not set to an instance of an object
  at BackGroundScrollScript.Update () [0x00018] in C:\Users\thhon\UnityFiles\TlimFinalProj2Dshooter\Assets\Scripts\BackGroundScrollScript.cs:26 

(Filename: Assets/Scripts/BackGroundScrollScript.cs Line: 26)

NullReferenceException: Object reference not set to an instance of an object
  at BackGroundScrollScript.Update () [0x00018] in C:\Users\thhon\UnityFiles\TlimFinalProj2Dshooter\Assets\Scripts\BackGroundScrollScript.cs:26 

(Filename: Assets/Scripts/BackGroundScrollScript.cs Line: 26)

NullReferenceException: Object reference not set to an instance of an object
  at BackGroundScrollScript.Update () [0x00018] in C:\Users\thhon\UnityFiles\TlimFinalProj2Dshooter\Assets\Scripts\BackGroundScrollScript.cs:26 

(Filename: Assets/Scripts/BackGroundScrollScript.cs Line: 26)

NullReferenceException: Object reference not set to an instance of an object
  at BackGroundScrollScript.Update () [0x00018] in C:\Users\thhon\UnityFiles\TlimFinalProj2Dshooter\Assets\Scripts\BackGroundScrollScript.cs:26 

(Filename: Assets/Scripts/BackGroundScrollScript.cs Line: 26)

NullReferenceException: Object reference not set to an instance of an object
  at BackGroundScrollScript.Update () [0x00018] in C:\Users\thhon\UnityFiles\TlimFinalProj2Dshooter\Assets\Scripts\BackGroundScrollScript.cs:26 

(Filename: Assets/Scripts/BackGroundScrollScript.cs Line: 26)

NullReferenceException: Object reference not set to an instance of an object
  at BackGroundScrollScript.Update () [0x00018] in C:\Users\thhon\UnityFiles\TlimFinalProj2Dshooter\Assets\Scripts\BackGroundScrollScript.cs:26 

(Filename: Assets/Scripts/BackGroundScrollScript.cs Line: 26)

NullReferenceException: Object reference not set to an instance of an object
  at BackGroundScrollScript.Update () [0x00018] in C:\Users\thhon\UnityFiles\TlimFinalProj2Dshooter\Assets\Scripts\BackGroundScrollScript.cs:26 

(Filename: Assets/Scripts/BackGroundScrollScript.cs Line: 26)

NullReferenceException: Object reference not set to an instance of an object
  at BackGroundScrollScript.Update () [0x00018] in C:\Users\thhon\UnityFiles\TlimFinalProj2Dshooter\Assets\Scripts\BackGroundScrollScript.cs:26 

(Filename: Assets/Scripts/BackGroundScrollScript.cs Line: 26)

NullReferenceException: Object reference not set to an instance of an object
  at BackGroundScrollScript.Update () [0x00018] in C:\Users\thhon\UnityFiles\TlimFinalProj2Dshooter\Assets\Scripts\BackGroundScrollScript.cs:26 

(Filename: Assets/Scripts/BackGroundScrollScript.cs Line: 26)

NullReferenceException: Object reference not set to an instance of an object
  at BackGroundScrollScript.Update () [0x00018] in C:\Users\thhon\UnityFiles\TlimFinalProj2Dshooter\Assets\Scripts\BackGroundScrollScript.cs:26 

(Filename: Assets/Scripts/BackGroundScrollScript.cs Line: 26)

NullReferenceException: Object reference not set to an instance of an object
  at BackGroundScrollScript.Update () [0x00018] in C:\Users\thhon\UnityFiles\TlimFinalProj2Dshooter\Assets\Scripts\BackGroundScrollScript.cs:26 

(Filename: Assets/Scripts/BackGroundScrollScript.cs Line: 26)

NullReferenceException: Object reference not set to an instance of an object
  at BackGroundScrollScript.Update () [0x00018] in C:\Users\thhon\UnityFiles\TlimFinalProj2Dshooter\Assets\Scripts\BackGroundScrollScript.cs:26 

(Filename: Assets/Scripts/BackGroundScrollScript.cs Line: 26)

NullReferenceException: Object reference not set to an instance of an object
  at BackGroundScrollScript.Update () [0x00018] in C:\Users\thhon\UnityFiles\TlimFinalProj2Dshooter\Assets\Scripts\BackGroundScrollScript.cs:26 

(Filename: Assets/Scripts/BackGroundScrollScript.cs Line: 26)

NullReferenceException: Object reference not set to an instance of an object
  at BackGroundScrollScript.Update () [0x00018] in C:\Users\thhon\UnityFiles\TlimFinalProj2Dshooter\Assets\Scripts\BackGroundScrollScript.cs:26 

(Filename: Assets/Scripts/BackGroundScrollScript.cs Line: 26)

NullReferenceException: Object reference not set to an instance of an object
  at BackGroundScrollScript.Update () [0x00018] in C:\Users\thhon\UnityFiles\TlimFinalProj2Dshooter\Assets\Scripts\BackGroundScrollScript.cs:26 

(Filename: Assets/Scripts/BackGroundScrollScript.cs Line: 26)

NullReferenceException: Object reference not set to an instance of an object
  at BackGroundScrollScript.Update () [0x00018] in C:\Users\thhon\UnityFiles\TlimFinalProj2Dshooter\Assets\Scripts\BackGroundScrollScript.cs:26 

(Filename: Assets/Scripts/BackGroundScrollScript.cs Line: 26)

NullReferenceException: Object reference not set to an instance of an object
  at BackGroundScrollScript.Update () [0x00018] in C:\Users\thhon\UnityFiles\TlimFinalProj2Dshooter\Assets\Scripts\BackGroundScrollScript.cs:26 

(Filename: Assets/Scripts/BackGroundScrollScript.cs Line: 26)

NullReferenceException: Object reference not set to an instance of an object
  at BackGroundScrollScript.Update () [0x00018] in C:\Users\thhon\UnityFiles\TlimFinalProj2Dshooter\Assets\Scripts\BackGroundScrollScript.cs:26 

(Filename: Assets/Scripts/BackGroundScrollScript.cs Line: 26)

NullReferenceException: Object reference not set to an instance of an object
  at BackGroundScrollScript.Update () [0x00018] in C:\Users\thhon\UnityFiles\TlimFinalProj2Dshooter\Assets\Scripts\BackGroundScrollScript.cs:26 

(Filename: Assets/Scripts/BackGroundScrollScript.cs Line: 26)

NullReferenceException: Object reference not set to an instance of an object
  at BackGroundScrollScript.Update () [0x00018] in C:\Users\thhon\UnityFiles\TlimFinalProj2Dshooter\Assets\Scripts\BackGroundScrollScript.cs:26 

(Filename: Assets/Scripts/BackGroundScrollScript.cs Line: 26)

NullReferenceException: Object reference not set to an instance of an object
  at BackGroundScrollScript.Update () [0x00018] in C:\Users\thhon\UnityFiles\TlimFinalProj2Dshooter\Assets\Scripts\BackGroundScrollScript.cs:26 

(Filename: Assets/Scripts/BackGroundScrollScript.cs Line: 26)

NullReferenceException: Object reference not set to an instance of an object
  at BackGroundScrollScript.Update () [0x00018] in C:\Users\thhon\UnityFiles\TlimFinalProj2Dshooter\Assets\Scripts\BackGroundScrollScript.cs:26 

(Filename: Assets/Scripts/BackGroundScrollScript.cs Line: 26)

NullReferenceException: Object reference not set to an instance of an object
  at BackGroundScrollScript.Update () [0x00018] in C:\Users\thhon\UnityFiles\TlimFinalProj2Dshooter\Assets\Scripts\BackGroundScrollScript.cs:26 

(Filename: Assets/Scripts/BackGroundScrollScript.cs Line: 26)

NullReferenceException: Object reference not set to an instance of an object
  at BackGroundScrollScript.Update () [0x00018] in C:\Users\thhon\UnityFiles\TlimFinalProj2Dshooter\Assets\Scripts\BackGroundScrollScript.cs:26 

(Filename: Assets/Scripts/BackGroundScrollScript.cs Line: 26)

NullReferenceException: Object reference not set to an instance of an object
  at BackGroundScrollScript.Update () [0x00018] in C:\Users\thhon\UnityFiles\TlimFinalProj2Dshooter\Assets\Scripts\BackGroundScrollScript.cs:26 

(Filename: Assets/Scripts/BackGroundScrollScript.cs Line: 26)

NullReferenceException: Object reference not set to an instance of an object
  at BackGroundScrollScript.Update () [0x00018] in C:\Users\thhon\UnityFiles\TlimFinalProj2Dshooter\Assets\Scripts\BackGroundScrollScript.cs:26 

(Filename: Assets/Scripts/BackGroundScrollScript.cs Line: 26)

NullReferenceException: Object reference not set to an instance of an object
  at BackGroundScrollScript.Update () [0x00018] in C:\Users\thhon\UnityFiles\TlimFinalProj2Dshooter\Assets\Scripts\BackGroundScrollScript.cs:26 

(Filename: Assets/Scripts/BackGroundScrollScript.cs Line: 26)

NullReferenceException: Object reference not set to an instance of an object
  at BackGroundScrollScript.Update () [0x00018] in C:\Users\thhon\UnityFiles\TlimFinalProj2Dshooter\Assets\Scripts\BackGroundScrollScript.cs:26 

(Filename: Assets/Scripts/BackGroundScrollScript.cs Line: 26)

NullReferenceException: Object reference not set to an instance of an object
  at BackGroundScrollScript.Update () [0x00018] in C:\Users\thhon\UnityFiles\TlimFinalProj2Dshooter\Assets\Scripts\BackGroundScrollScript.cs:26 

(Filename: Assets/Scripts/BackGroundScrollScript.cs Line: 26)

NullReferenceException: Object reference not set to an instance of an object
  at BackGroundScrollScript.Update () [0x00018] in C:\Users\thhon\UnityFiles\TlimFinalProj2Dshooter\Assets\Scripts\BackGroundScrollScript.cs:26 

(Filename: Assets/Scripts/BackGroundScrollScript.cs Line: 26)

NullReferenceException: Object reference not set to an instance of an object
  at BackGroundScrollScript.Update () [0x00018] in C:\Users\thhon\UnityFiles\TlimFinalProj2Dshooter\Assets\Scripts\BackGroundScrollScript.cs:26 

(Filename: Assets/Scripts/BackGroundScrollScript.cs Line: 26)

NullReferenceException: Object reference not set to an instance of an object
  at BackGroundScrollScript.Update () [0x00018] in C:\Users\thhon\UnityFiles\TlimFinalProj2Dshooter\Assets\Scripts\BackGroundScrollScript.cs:26 

(Filename: Assets/Scripts/BackGroundScrollScript.cs Line: 26)

NullReferenceException: Object reference not set to an instance of an object
  at BackGroundScrollScript.Update () [0x00018] in C:\Users\thhon\UnityFiles\TlimFinalProj2Dshooter\Assets\Scripts\BackGroundScrollScript.cs:26 

(Filename: Assets/Scripts/BackGroundScrollScript.cs Line: 26)

NullReferenceException: Object reference not set to an instance of an object
  at BackGroundScrollScript.Update () [0x00018] in C:\Users\thhon\UnityFiles\TlimFinalProj2Dshooter\Assets\Scripts\BackGroundScrollScript.cs:26 

(Filename: Assets/Scripts/BackGroundScrollScript.cs Line: 26)

NullReferenceException: Object reference not set to an instance of an object
  at BackGroundScrollScript.Update () [0x00018] in C:\Users\thhon\UnityFiles\TlimFinalProj2Dshooter\Assets\Scripts\BackGroundScrollScript.cs:26 

(Filename: Assets/Scripts/BackGroundScrollScript.cs Line: 26)

NullReferenceException: Object reference not set to an instance of an object
  at BackGroundScrollScript.Update () [0x00018] in C:\Users\thhon\UnityFiles\TlimFinalProj2Dshooter\Assets\Scripts\BackGroundScrollScript.cs:26 

(Filename: Assets/Scripts/BackGroundScrollScript.cs Line: 26)

NullReferenceException: Object reference not set to an instance of an object
  at BackGroundScrollScript.Update () [0x00018] in C:\Users\thhon\UnityFiles\TlimFinalProj2Dshooter\Assets\Scripts\BackGroundScrollScript.cs:26 

(Filename: Assets/Scripts/BackGroundScrollScript.cs Line: 26)

NullReferenceException: Object reference not set to an instance of an object
  at BackGroundScrollScript.Update () [0x00018] in C:\Users\thhon\UnityFiles\TlimFinalProj2Dshooter\Assets\Scripts\BackGroundScrollScript.cs:26 

(Filename: Assets/Scripts/BackGroundScrollScript.cs Line: 26)

NullReferenceException: Object reference not set to an instance of an object
  at BackGroundScrollScript.Update () [0x00018] in C:\Users\thhon\UnityFiles\TlimFinalProj2Dshooter\Assets\Scripts\BackGroundScrollScript.cs:26 

(Filename: Assets/Scripts/BackGroundScrollScript.cs Line: 26)

NullReferenceException: Object reference not set to an instance of an object
  at BackGroundScrollScript.Update () [0x00018] in C:\Users\thhon\UnityFiles\TlimFinalProj2Dshooter\Assets\Scripts\BackGroundScrollScript.cs:26 

(Filename: Assets/Scripts/BackGroundScrollScript.cs Line: 26)

NullReferenceException: Object reference not set to an instance of an object
  at BackGroundScrollScript.Update () [0x00018] in C:\Users\thhon\UnityFiles\TlimFinalProj2Dshooter\Assets\Scripts\BackGroundScrollScript.cs:26 

(Filename: Assets/Scripts/BackGroundScrollScript.cs Line: 26)

NullReferenceException: Object reference not set to an instance of an object
  at BackGroundScrollScript.Update () [0x00018] in C:\Users\thhon\UnityFiles\TlimFinalProj2Dshooter\Assets\Scripts\BackGroundScrollScript.cs:26 

(Filename: Assets/Scripts/BackGroundScrollScript.cs Line: 26)

NullReferenceException: Object reference not set to an instance of an object
  at BackGroundScrollScript.Update () [0x00018] in C:\Users\thhon\UnityFiles\TlimFinalProj2Dshooter\Assets\Scripts\BackGroundScrollScript.cs:26 

(Filename: Assets/Scripts/BackGroundScrollScript.cs Line: 26)

NullReferenceException: Object reference not set to an instance of an object
  at BackGroundScrollScript.Update () [0x00018] in C:\Users\thhon\UnityFiles\TlimFinalProj2Dshooter\Assets\Scripts\BackGroundScrollScript.cs:26 

(Filename: Assets/Scripts/BackGroundScrollScript.cs Line: 26)

NullReferenceException: Object reference not set to an instance of an object
  at BackGroundScrollScript.Update () [0x00018] in C:\Users\thhon\UnityFiles\TlimFinalProj2Dshooter\Assets\Scripts\BackGroundScrollScript.cs:26 

(Filename: Assets/Scripts/BackGroundScrollScript.cs Line: 26)

NullReferenceException: Object reference not set to an instance of an object
  at BackGroundScrollScript.Update () [0x00018] in C:\Users\thhon\UnityFiles\TlimFinalProj2Dshooter\Assets\Scripts\BackGroundScrollScript.cs:26 

(Filename: Assets/Scripts/BackGroundScrollScript.cs Line: 26)

NullReferenceException: Object reference not set to an instance of an object
  at BackGroundScrollScript.Update () [0x00018] in C:\Users\thhon\UnityFiles\TlimFinalProj2Dshooter\Assets\Scripts\BackGroundScrollScript.cs:26 

(Filename: Assets/Scripts/BackGroundScrollScript.cs Line: 26)

NullReferenceException: Object reference not set to an instance of an object
  at BackGroundScrollScript.Update () [0x00018] in C:\Users\thhon\UnityFiles\TlimFinalProj2Dshooter\Assets\Scripts\BackGroundScrollScript.cs:26 

(Filename: Assets/Scripts/BackGroundScrollScript.cs Line: 26)

NullReferenceException: Object reference not set to an instance of an object
  at BackGroundScrollScript.Update () [0x00018] in C:\Users\thhon\UnityFiles\TlimFinalProj2Dshooter\Assets\Scripts\BackGroundScrollScript.cs:26 

(Filename: Assets/Scripts/BackGroundScrollScript.cs Line: 26)

NullReferenceException: Object reference not set to an instance of an object
  at BackGroundScrollScript.Update () [0x00018] in C:\Users\thhon\UnityFiles\TlimFinalProj2Dshooter\Assets\Scripts\BackGroundScrollScript.cs:26 

(Filename: Assets/Scripts/BackGroundScrollScript.cs Line: 26)

NullReferenceException: Object reference not set to an instance of an object
  at BackGroundScrollScript.Update () [0x00018] in C:\Users\thhon\UnityFiles\TlimFinalProj2Dshooter\Assets\Scripts\BackGroundScrollScript.cs:26 

(Filename: Assets/Scripts/BackGroundScrollScript.cs Line: 26)

NullReferenceException: Object reference not set to an instance of an object
  at BackGroundScrollScript.Update () [0x00018] in C:\Users\thhon\UnityFiles\TlimFinalProj2Dshooter\Assets\Scripts\BackGroundScrollScript.cs:26 

(Filename: Assets/Scripts/BackGroundScrollScript.cs Line: 26)

NullReferenceException: Object reference not set to an instance of an object
  at BackGroundScrollScript.Update () [0x00018] in C:\Users\thhon\UnityFiles\TlimFinalProj2Dshooter\Assets\Scripts\BackGroundScrollScript.cs:26 

(Filename: Assets/Scripts/BackGroundScrollScript.cs Line: 26)

NullReferenceException: Object reference not set to an instance of an object
  at BackGroundScrollScript.Update () [0x00018] in C:\Users\thhon\UnityFiles\TlimFinalProj2Dshooter\Assets\Scripts\BackGroundScrollScript.cs:26 

(Filename: Assets/Scripts/BackGroundScrollScript.cs Line: 26)

NullReferenceException: Object reference not set to an instance of an object
  at BackGroundScrollScript.Update () [0x00018] in C:\Users\thhon\UnityFiles\TlimFinalProj2Dshooter\Assets\Scripts\BackGroundScrollScript.cs:26 

(Filename: Assets/Scripts/BackGroundScrollScript.cs Line: 26)

NullReferenceException: Object reference not set to an instance of an object
  at BackGroundScrollScript.Update () [0x00018] in C:\Users\thhon\UnityFiles\TlimFinalProj2Dshooter\Assets\Scripts\BackGroundScrollScript.cs:26 

(Filename: Assets/Scripts/BackGroundScrollScript.cs Line: 26)

NullReferenceException: Object reference not set to an instance of an object
  at BackGroundScrollScript.Update () [0x00018] in C:\Users\thhon\UnityFiles\TlimFinalProj2Dshooter\Assets\Scripts\BackGroundScrollScript.cs:26 

(Filename: Assets/Scripts/BackGroundScrollScript.cs Line: 26)

NullReferenceException: Object reference not set to an instance of an object
  at BackGroundScrollScript.Update () [0x00018] in C:\Users\thhon\UnityFiles\TlimFinalProj2Dshooter\Assets\Scripts\BackGroundScrollScript.cs:26 

(Filename: Assets/Scripts/BackGroundScrollScript.cs Line: 26)

NullReferenceException: Object reference not set to an instance of an object
  at BackGroundScrollScript.Update () [0x00018] in C:\Users\thhon\UnityFiles\TlimFinalProj2Dshooter\Assets\Scripts\BackGroundScrollScript.cs:26 

(Filename: Assets/Scripts/BackGroundScrollScript.cs Line: 26)

NullReferenceException: Object reference not set to an instance of an object
  at BackGroundScrollScript.Update () [0x00018] in C:\Users\thhon\UnityFiles\TlimFinalProj2Dshooter\Assets\Scripts\BackGroundScrollScript.cs:26 

(Filename: Assets/Scripts/BackGroundScrollScript.cs Line: 26)

NullReferenceException: Object reference not set to an instance of an object
  at BackGroundScrollScript.Update () [0x00018] in C:\Users\thhon\UnityFiles\TlimFinalProj2Dshooter\Assets\Scripts\BackGroundScrollScript.cs:26 

(Filename: Assets/Scripts/BackGroundScrollScript.cs Line: 26)

NullReferenceException: Object reference not set to an instance of an object
  at BackGroundScrollScript.Update () [0x00018] in C:\Users\thhon\UnityFiles\TlimFinalProj2Dshooter\Assets\Scripts\BackGroundScrollScript.cs:26 

(Filename: Assets/Scripts/BackGroundScrollScript.cs Line: 26)

NullReferenceException: Object reference not set to an instance of an object
  at BackGroundScrollScript.Update () [0x00018] in C:\Users\thhon\UnityFiles\TlimFinalProj2Dshooter\Assets\Scripts\BackGroundScrollScript.cs:26 

(Filename: Assets/Scripts/BackGroundScrollScript.cs Line: 26)

NullReferenceException: Object reference not set to an instance of an object
  at BackGroundScrollScript.Update () [0x00018] in C:\Users\thhon\UnityFiles\TlimFinalProj2Dshooter\Assets\Scripts\BackGroundScrollScript.cs:26 

(Filename: Assets/Scripts/BackGroundScrollScript.cs Line: 26)

NullReferenceException: Object reference not set to an instance of an object
  at BackGroundScrollScript.Update () [0x00018] in C:\Users\thhon\UnityFiles\TlimFinalProj2Dshooter\Assets\Scripts\BackGroundScrollScript.cs:26 

(Filename: Assets/Scripts/BackGroundScrollScript.cs Line: 26)

NullReferenceException: Object reference not set to an instance of an object
  at BackGroundScrollScript.Update () [0x00018] in C:\Users\thhon\UnityFiles\TlimFinalProj2Dshooter\Assets\Scripts\BackGroundScrollScript.cs:26 

(Filename: Assets/Scripts/BackGroundScrollScript.cs Line: 26)

NullReferenceException: Object reference not set to an instance of an object
  at BackGroundScrollScript.Update () [0x00018] in C:\Users\thhon\UnityFiles\TlimFinalProj2Dshooter\Assets\Scripts\BackGroundScrollScript.cs:26 

(Filename: Assets/Scripts/BackGroundScrollScript.cs Line: 26)

NullReferenceException: Object reference not set to an instance of an object
  at BackGroundScrollScript.Update () [0x00018] in C:\Users\thhon\UnityFiles\TlimFinalProj2Dshooter\Assets\Scripts\BackGroundScrollScript.cs:26 

(Filename: Assets/Scripts/BackGroundScrollScript.cs Line: 26)

NullReferenceException: Object reference not set to an instance of an object
  at BackGroundScrollScript.Update () [0x00018] in C:\Users\thhon\UnityFiles\TlimFinalProj2Dshooter\Assets\Scripts\BackGroundScrollScript.cs:26 

(Filename: Assets/Scripts/BackGroundScrollScript.cs Line: 26)

NullReferenceException: Object reference not set to an instance of an object
  at BackGroundScrollScript.Update () [0x00018] in C:\Users\thhon\UnityFiles\TlimFinalProj2Dshooter\Assets\Scripts\BackGroundScrollScript.cs:26 

(Filename: Assets/Scripts/BackGroundScrollScript.cs Line: 26)

NullReferenceException: Object reference not set to an instance of an object
  at BackGroundScrollScript.Update () [0x00018] in C:\Users\thhon\UnityFiles\TlimFinalProj2Dshooter\Assets\Scripts\BackGroundScrollScript.cs:26 

(Filename: Assets/Scripts/BackGroundScrollScript.cs Line: 26)

NullReferenceException: Object reference not set to an instance of an object
  at BackGroundScrollScript.Update () [0x00018] in C:\Users\thhon\UnityFiles\TlimFinalProj2Dshooter\Assets\Scripts\BackGroundScrollScript.cs:26 

(Filename: Assets/Scripts/BackGroundScrollScript.cs Line: 26)

NullReferenceException: Object reference not set to an instance of an object
  at BackGroundScrollScript.Update () [0x00018] in C:\Users\thhon\UnityFiles\TlimFinalProj2Dshooter\Assets\Scripts\BackGroundScrollScript.cs:26 

(Filename: Assets/Scripts/BackGroundScrollScript.cs Line: 26)

NullReferenceException: Object reference not set to an instance of an object
  at BackGroundScrollScript.Update () [0x00018] in C:\Users\thhon\UnityFiles\TlimFinalProj2Dshooter\Assets\Scripts\BackGroundScrollScript.cs:26 

(Filename: Assets/Scripts/BackGroundScrollScript.cs Line: 26)

NullReferenceException: Object reference not set to an instance of an object
  at BackGroundScrollScript.Update () [0x00018] in C:\Users\thhon\UnityFiles\TlimFinalProj2Dshooter\Assets\Scripts\BackGroundScrollScript.cs:26 

(Filename: Assets/Scripts/BackGroundScrollScript.cs Line: 26)

NullReferenceException: Object reference not set to an instance of an object
  at BackGroundScrollScript.Update () [0x00018] in C:\Users\thhon\UnityFiles\TlimFinalProj2Dshooter\Assets\Scripts\BackGroundScrollScript.cs:26 

(Filename: Assets/Scripts/BackGroundScrollScript.cs Line: 26)

NullReferenceException: Object reference not set to an instance of an object
  at BackGroundScrollScript.Update () [0x00018] in C:\Users\thhon\UnityFiles\TlimFinalProj2Dshooter\Assets\Scripts\BackGroundScrollScript.cs:26 

(Filename: Assets/Scripts/BackGroundScrollScript.cs Line: 26)

NullReferenceException: Object reference not set to an instance of an object
  at BackGroundScrollScript.Update () [0x00018] in C:\Users\thhon\UnityFiles\TlimFinalProj2Dshooter\Assets\Scripts\BackGroundScrollScript.cs:26 

(Filename: Assets/Scripts/BackGroundScrollScript.cs Line: 26)

NullReferenceException: Object reference not set to an instance of an object
  at BackGroundScrollScript.Update () [0x00018] in C:\Users\thhon\UnityFiles\TlimFinalProj2Dshooter\Assets\Scripts\BackGroundScrollScript.cs:26 

(Filename: Assets/Scripts/BackGroundScrollScript.cs Line: 26)

NullReferenceException: Object reference not set to an instance of an object
  at BackGroundScrollScript.Update () [0x00018] in C:\Users\thhon\UnityFiles\TlimFinalProj2Dshooter\Assets\Scripts\BackGroundScrollScript.cs:26 

(Filename: Assets/Scripts/BackGroundScrollScript.cs Line: 26)

NullReferenceException: Object reference not set to an instance of an object
  at BackGroundScrollScript.Update () [0x00018] in C:\Users\thhon\UnityFiles\TlimFinalProj2Dshooter\Assets\Scripts\BackGroundScrollScript.cs:26 

(Filename: Assets/Scripts/BackGroundScrollScript.cs Line: 26)

NullReferenceException: Object reference not set to an instance of an object
  at BackGroundScrollScript.Update () [0x00018] in C:\Users\thhon\UnityFiles\TlimFinalProj2Dshooter\Assets\Scripts\BackGroundScrollScript.cs:26 

(Filename: Assets/Scripts/BackGroundScrollScript.cs Line: 26)

NullReferenceException: Object reference not set to an instance of an object
  at BackGroundScrollScript.Update () [0x00018] in C:\Users\thhon\UnityFiles\TlimFinalProj2Dshooter\Assets\Scripts\BackGroundScrollScript.cs:26 

(Filename: Assets/Scripts/BackGroundScrollScript.cs Line: 26)

NullReferenceException: Object reference not set to an instance of an object
  at BackGroundScrollScript.Update () [0x00018] in C:\Users\thhon\UnityFiles\TlimFinalProj2Dshooter\Assets\Scripts\BackGroundScrollScript.cs:26 

(Filename: Assets/Scripts/BackGroundScrollScript.cs Line: 26)

NullReferenceException: Object reference not set to an instance of an object
  at BackGroundScrollScript.Update () [0x00018] in C:\Users\thhon\UnityFiles\TlimFinalProj2Dshooter\Assets\Scripts\BackGroundScrollScript.cs:26 

(Filename: Assets/Scripts/BackGroundScrollScript.cs Line: 26)

NullReferenceException: Object reference not set to an instance of an object
  at BackGroundScrollScript.Update () [0x00018] in C:\Users\thhon\UnityFiles\TlimFinalProj2Dshooter\Assets\Scripts\BackGroundScrollScript.cs:26 

(Filename: Assets/Scripts/BackGroundScrollScript.cs Line: 26)

NullReferenceException: Object reference not set to an instance of an object
  at BackGroundScrollScript.Update () [0x00018] in C:\Users\thhon\UnityFiles\TlimFinalProj2Dshooter\Assets\Scripts\BackGroundScrollScript.cs:26 

(Filename: Assets/Scripts/BackGroundScrollScript.cs Line: 26)

NullReferenceException: Object reference not set to an instance of an object
  at BackGroundScrollScript.Update () [0x00018] in C:\Users\thhon\UnityFiles\TlimFinalProj2Dshooter\Assets\Scripts\BackGroundScrollScript.cs:26 

(Filename: Assets/Scripts/BackGroundScrollScript.cs Line: 26)

NullReferenceException: Object reference not set to an instance of an object
  at BackGroundScrollScript.Update () [0x00018] in C:\Users\thhon\UnityFiles\TlimFinalProj2Dshooter\Assets\Scripts\BackGroundScrollScript.cs:26 

(Filename: Assets/Scripts/BackGroundScrollScript.cs Line: 26)

NullReferenceException: Object reference not set to an instance of an object
  at BackGroundScrollScript.Update () [0x00018] in C:\Users\thhon\UnityFiles\TlimFinalProj2Dshooter\Assets\Scripts\BackGroundScrollScript.cs:26 

(Filename: Assets/Scripts/BackGroundScrollScript.cs Line: 26)

NullReferenceException: Object reference not set to an instance of an object
  at BackGroundScrollScript.Update () [0x00018] in C:\Users\thhon\UnityFiles\TlimFinalProj2Dshooter\Assets\Scripts\BackGroundScrollScript.cs:26 

(Filename: Assets/Scripts/BackGroundScrollScript.cs Line: 26)

NullReferenceException: Object reference not set to an instance of an object
  at BackGroundScrollScript.Update () [0x00018] in C:\Users\thhon\UnityFiles\TlimFinalProj2Dshooter\Assets\Scripts\BackGroundScrollScript.cs:26 

(Filename: Assets/Scripts/BackGroundScrollScript.cs Line: 26)

NullReferenceException: Object reference not set to an instance of an object
  at BackGroundScrollScript.Update () [0x00018] in C:\Users\thhon\UnityFiles\TlimFinalProj2Dshooter\Assets\Scripts\BackGroundScrollScript.cs:26 

(Filename: Assets/Scripts/BackGroundScrollScript.cs Line: 26)

NullReferenceException: Object reference not set to an instance of an object
  at BackGroundScrollScript.Update () [0x00018] in C:\Users\thhon\UnityFiles\TlimFinalProj2Dshooter\Assets\Scripts\BackGroundScrollScript.cs:26 

(Filename: Assets/Scripts/BackGroundScrollScript.cs Line: 26)

NullReferenceException: Object reference not set to an instance of an object
  at BackGroundScrollScript.Update () [0x00018] in C:\Users\thhon\UnityFiles\TlimFinalProj2Dshooter\Assets\Scripts\BackGroundScrollScript.cs:26 

(Filename: Assets/Scripts/BackGroundScrollScript.cs Line: 26)

NullReferenceException: Object reference not set to an instance of an object
  at BackGroundScrollScript.Update () [0x00018] in C:\Users\thhon\UnityFiles\TlimFinalProj2Dshooter\Assets\Scripts\BackGroundScrollScript.cs:26 

(Filename: Assets/Scripts/BackGroundScrollScript.cs Line: 26)

NullReferenceException: Object reference not set to an instance of an object
  at BackGroundScrollScript.Update () [0x00018] in C:\Users\thhon\UnityFiles\TlimFinalProj2Dshooter\Assets\Scripts\BackGroundScrollScript.cs:26 

(Filename: Assets/Scripts/BackGroundScrollScript.cs Line: 26)

NullReferenceException: Object reference not set to an instance of an object
  at BackGroundScrollScript.Update () [0x00018] in C:\Users\thhon\UnityFiles\TlimFinalProj2Dshooter\Assets\Scripts\BackGroundScrollScript.cs:26 

(Filename: Assets/Scripts/BackGroundScrollScript.cs Line: 26)

NullReferenceException: Object reference not set to an instance of an object
  at BackGroundScrollScript.Update () [0x00018] in C:\Users\thhon\UnityFiles\TlimFinalProj2Dshooter\Assets\Scripts\BackGroundScrollScript.cs:26 

(Filename: Assets/Scripts/BackGroundScrollScript.cs Line: 26)

NullReferenceException: Object reference not set to an instance of an object
  at BackGroundScrollScript.Update () [0x00018] in C:\Users\thhon\UnityFiles\TlimFinalProj2Dshooter\Assets\Scripts\BackGroundScrollScript.cs:26 

(Filename: Assets/Scripts/BackGroundScrollScript.cs Line: 26)

NullReferenceException: Object reference not set to an instance of an object
  at BackGroundScrollScript.Update () [0x00018] in C:\Users\thhon\UnityFiles\TlimFinalProj2Dshooter\Assets\Scripts\BackGroundScrollScript.cs:26 

(Filename: Assets/Scripts/BackGroundScrollScript.cs Line: 26)

NullReferenceException: Object reference not set to an instance of an object
  at BackGroundScrollScript.Update () [0x00018] in C:\Users\thhon\UnityFiles\TlimFinalProj2Dshooter\Assets\Scripts\BackGroundScrollScript.cs:26 

(Filename: Assets/Scripts/BackGroundScrollScript.cs Line: 26)

NullReferenceException: Object reference not set to an instance of an object
  at BackGroundScrollScript.Update () [0x00018] in C:\Users\thhon\UnityFiles\TlimFinalProj2Dshooter\Assets\Scripts\BackGroundScrollScript.cs:26 

(Filename: Assets/Scripts/BackGroundScrollScript.cs Line: 26)

NullReferenceException: Object reference not set to an instance of an object
  at BackGroundScrollScript.Update () [0x00018] in C:\Users\thhon\UnityFiles\TlimFinalProj2Dshooter\Assets\Scripts\BackGroundScrollScript.cs:26 

(Filename: Assets/Scripts/BackGroundScrollScript.cs Line: 26)

NullReferenceException: Object reference not set to an instance of an object
  at BackGroundScrollScript.Update () [0x00018] in C:\Users\thhon\UnityFiles\TlimFinalProj2Dshooter\Assets\Scripts\BackGroundScrollScript.cs:26 

(Filename: Assets/Scripts/BackGroundScrollScript.cs Line: 26)

NullReferenceException: Object reference not set to an instance of an object
  at BackGroundScrollScript.Update () [0x00018] in C:\Users\thhon\UnityFiles\TlimFinalProj2Dshooter\Assets\Scripts\BackGroundScrollScript.cs:26 

(Filename: Assets/Scripts/BackGroundScrollScript.cs Line: 26)

NullReferenceException: Object reference not set to an instance of an object
  at BackGroundScrollScript.Update () [0x00018] in C:\Users\thhon\UnityFiles\TlimFinalProj2Dshooter\Assets\Scripts\BackGroundScrollScript.cs:26 

(Filename: Assets/Scripts/BackGroundScrollScript.cs Line: 26)

NullReferenceException: Object reference not set to an instance of an object
  at BackGroundScrollScript.Update () [0x00018] in C:\Users\thhon\UnityFiles\TlimFinalProj2Dshooter\Assets\Scripts\BackGroundScrollScript.cs:26 

(Filename: Assets/Scripts/BackGroundScrollScript.cs Line: 26)

NullReferenceException: Object reference not set to an instance of an object
  at BackGroundScrollScript.Update () [0x00018] in C:\Users\thhon\UnityFiles\TlimFinalProj2Dshooter\Assets\Scripts\BackGroundScrollScript.cs:26 

(Filename: Assets/Scripts/BackGroundScrollScript.cs Line: 26)

NullReferenceException: Object reference not set to an instance of an object
  at BackGroundScrollScript.Update () [0x00018] in C:\Users\thhon\UnityFiles\TlimFinalProj2Dshooter\Assets\Scripts\BackGroundScrollScript.cs:26 

(Filename: Assets/Scripts/BackGroundScrollScript.cs Line: 26)

NullReferenceException: Object reference not set to an instance of an object
  at BackGroundScrollScript.Update () [0x00018] in C:\Users\thhon\UnityFiles\TlimFinalProj2Dshooter\Assets\Scripts\BackGroundScrollScript.cs:26 

(Filename: Assets/Scripts/BackGroundScrollScript.cs Line: 26)

NullReferenceException: Object reference not set to an instance of an object
  at BackGroundScrollScript.Update () [0x00018] in C:\Users\thhon\UnityFiles\TlimFinalProj2Dshooter\Assets\Scripts\BackGroundScrollScript.cs:26 

(Filename: Assets/Scripts/BackGroundScrollScript.cs Line: 26)

NullReferenceException: Object reference not set to an instance of an object
  at BackGroundScrollScript.Update () [0x00018] in C:\Users\thhon\UnityFiles\TlimFinalProj2Dshooter\Assets\Scripts\BackGroundScrollScript.cs:26 

(Filename: Assets/Scripts/BackGroundScrollScript.cs Line: 26)

NullReferenceException: Object reference not set to an instance of an object
  at BackGroundScrollScript.Update () [0x00018] in C:\Users\thhon\UnityFiles\TlimFinalProj2Dshooter\Assets\Scripts\BackGroundScrollScript.cs:26 

(Filename: Assets/Scripts/BackGroundScrollScript.cs Line: 26)

NullReferenceException: Object reference not set to an instance of an object
  at BackGroundScrollScript.Update () [0x00018] in C:\Users\thhon\UnityFiles\TlimFinalProj2Dshooter\Assets\Scripts\BackGroundScrollScript.cs:26 

(Filename: Assets/Scripts/BackGroundScrollScript.cs Line: 26)

NullReferenceException: Object reference not set to an instance of an object
  at BackGroundScrollScript.Update () [0x00018] in C:\Users\thhon\UnityFiles\TlimFinalProj2Dshooter\Assets\Scripts\BackGroundScrollScript.cs:26 

(Filename: Assets/Scripts/BackGroundScrollScript.cs Line: 26)

NullReferenceException: Object reference not set to an instance of an object
  at BackGroundScrollScript.Update () [0x00018] in C:\Users\thhon\UnityFiles\TlimFinalProj2Dshooter\Assets\Scripts\BackGroundScrollScript.cs:26 

(Filename: Assets/Scripts/BackGroundScrollScript.cs Line: 26)

NullReferenceException: Object reference not set to an instance of an object
  at BackGroundScrollScript.Update () [0x00018] in C:\Users\thhon\UnityFiles\TlimFinalProj2Dshooter\Assets\Scripts\BackGroundScrollScript.cs:26 

(Filename: Assets/Scripts/BackGroundScrollScript.cs Line: 26)

NullReferenceException: Object reference not set to an instance of an object
  at BackGroundScrollScript.Update () [0x00018] in C:\Users\thhon\UnityFiles\TlimFinalProj2Dshooter\Assets\Scripts\BackGroundScrollScript.cs:26 

(Filename: Assets/Scripts/BackGroundScrollScript.cs Line: 26)

NullReferenceException: Object reference not set to an instance of an object
  at BackGroundScrollScript.Update () [0x00018] in C:\Users\thhon\UnityFiles\TlimFinalProj2Dshooter\Assets\Scripts\BackGroundScrollScript.cs:26 

(Filename: Assets/Scripts/BackGroundScrollScript.cs Line: 26)

NullReferenceException: Object reference not set to an instance of an object
  at BackGroundScrollScript.Update () [0x00018] in C:\Users\thhon\UnityFiles\TlimFinalProj2Dshooter\Assets\Scripts\BackGroundScrollScript.cs:26 

(Filename: Assets/Scripts/BackGroundScrollScript.cs Line: 26)

NullReferenceException: Object reference not set to an instance of an object
  at BackGroundScrollScript.Update () [0x00018] in C:\Users\thhon\UnityFiles\TlimFinalProj2Dshooter\Assets\Scripts\BackGroundScrollScript.cs:26 

(Filename: Assets/Scripts/BackGroundScrollScript.cs Line: 26)

NullReferenceException: Object reference not set to an instance of an object
  at BackGroundScrollScript.Update () [0x00018] in C:\Users\thhon\UnityFiles\TlimFinalProj2Dshooter\Assets\Scripts\BackGroundScrollScript.cs:26 

(Filename: Assets/Scripts/BackGroundScrollScript.cs Line: 26)

NullReferenceException: Object reference not set to an instance of an object
  at BackGroundScrollScript.Update () [0x00018] in C:\Users\thhon\UnityFiles\TlimFinalProj2Dshooter\Assets\Scripts\BackGroundScrollScript.cs:26 

(Filename: Assets/Scripts/BackGroundScrollScript.cs Line: 26)

NullReferenceException: Object reference not set to an instance of an object
  at BackGroundScrollScript.Update () [0x00018] in C:\Users\thhon\UnityFiles\TlimFinalProj2Dshooter\Assets\Scripts\BackGroundScrollScript.cs:26 

(Filename: Assets/Scripts/BackGroundScrollScript.cs Line: 26)

NullReferenceException: Object reference not set to an instance of an object
  at BackGroundScrollScript.Update () [0x00018] in C:\Users\thhon\UnityFiles\TlimFinalProj2Dshooter\Assets\Scripts\BackGroundScrollScript.cs:26 

(Filename: Assets/Scripts/BackGroundScrollScript.cs Line: 26)

NullReferenceException: Object reference not set to an instance of an object
  at BackGroundScrollScript.Update () [0x00018] in C:\Users\thhon\UnityFiles\TlimFinalProj2Dshooter\Assets\Scripts\BackGroundScrollScript.cs:26 

(Filename: Assets/Scripts/BackGroundScrollScript.cs Line: 26)

NullReferenceException: Object reference not set to an instance of an object
  at BackGroundScrollScript.Update () [0x00018] in C:\Users\thhon\UnityFiles\TlimFinalProj2Dshooter\Assets\Scripts\BackGroundScrollScript.cs:26 

(Filename: Assets/Scripts/BackGroundScrollScript.cs Line: 26)

NullReferenceException: Object reference not set to an instance of an object
  at BackGroundScrollScript.Update () [0x00018] in C:\Users\thhon\UnityFiles\TlimFinalProj2Dshooter\Assets\Scripts\BackGroundScrollScript.cs:26 

(Filename: Assets/Scripts/BackGroundScrollScript.cs Line: 26)

NullReferenceException: Object reference not set to an instance of an object
  at BackGroundScrollScript.Update () [0x00018] in C:\Users\thhon\UnityFiles\TlimFinalProj2Dshooter\Assets\Scripts\BackGroundScrollScript.cs:26 

(Filename: Assets/Scripts/BackGroundScrollScript.cs Line: 26)

NullReferenceException: Object reference not set to an instance of an object
  at BackGroundScrollScript.Update () [0x00018] in C:\Users\thhon\UnityFiles\TlimFinalProj2Dshooter\Assets\Scripts\BackGroundScrollScript.cs:26 

(Filename: Assets/Scripts/BackGroundScrollScript.cs Line: 26)

NullReferenceException: Object reference not set to an instance of an object
  at BackGroundScrollScript.Update () [0x00018] in C:\Users\thhon\UnityFiles\TlimFinalProj2Dshooter\Assets\Scripts\BackGroundScrollScript.cs:26 

(Filename: Assets/Scripts/BackGroundScrollScript.cs Line: 26)

NullReferenceException: Object reference not set to an instance of an object
  at BackGroundScrollScript.Update () [0x00018] in C:\Users\thhon\UnityFiles\TlimFinalProj2Dshooter\Assets\Scripts\BackGroundScrollScript.cs:26 

(Filename: Assets/Scripts/BackGroundScrollScript.cs Line: 26)

NullReferenceException: Object reference not set to an instance of an object
  at BackGroundScrollScript.Update () [0x00018] in C:\Users\thhon\UnityFiles\TlimFinalProj2Dshooter\Assets\Scripts\BackGroundScrollScript.cs:26 

(Filename: Assets/Scripts/BackGroundScrollScript.cs Line: 26)

NullReferenceException: Object reference not set to an instance of an object
  at BackGroundScrollScript.Update () [0x00018] in C:\Users\thhon\UnityFiles\TlimFinalProj2Dshooter\Assets\Scripts\BackGroundScrollScript.cs:26 

(Filename: Assets/Scripts/BackGroundScrollScript.cs Line: 26)

NullReferenceException: Object reference not set to an instance of an object
  at BackGroundScrollScript.Update () [0x00018] in C:\Users\thhon\UnityFiles\TlimFinalProj2Dshooter\Assets\Scripts\BackGroundScrollScript.cs:26 

(Filename: Assets/Scripts/BackGroundScrollScript.cs Line: 26)

NullReferenceException: Object reference not set to an instance of an object
  at BackGroundScrollScript.Update () [0x00018] in C:\Users\thhon\UnityFiles\TlimFinalProj2Dshooter\Assets\Scripts\BackGroundScrollScript.cs:26 

(Filename: Assets/Scripts/BackGroundScrollScript.cs Line: 26)

NullReferenceException: Object reference not set to an instance of an object
  at BackGroundScrollScript.Update () [0x00018] in C:\Users\thhon\UnityFiles\TlimFinalProj2Dshooter\Assets\Scripts\BackGroundScrollScript.cs:26 

(Filename: Assets/Scripts/BackGroundScrollScript.cs Line: 26)

NullReferenceException: Object reference not set to an instance of an object
  at BackGroundScrollScript.Update () [0x00018] in C:\Users\thhon\UnityFiles\TlimFinalProj2Dshooter\Assets\Scripts\BackGroundScrollScript.cs:26 

(Filename: Assets/Scripts/BackGroundScrollScript.cs Line: 26)

NullReferenceException: Object reference not set to an instance of an object
  at BackGroundScrollScript.Update () [0x00018] in C:\Users\thhon\UnityFiles\TlimFinalProj2Dshooter\Assets\Scripts\BackGroundScrollScript.cs:26 

(Filename: Assets/Scripts/BackGroundScrollScript.cs Line: 26)

NullReferenceException: Object reference not set to an instance of an object
  at BackGroundScrollScript.Update () [0x00018] in C:\Users\thhon\UnityFiles\TlimFinalProj2Dshooter\Assets\Scripts\BackGroundScrollScript.cs:26 

(Filename: Assets/Scripts/BackGroundScrollScript.cs Line: 26)

NullReferenceException: Object reference not set to an instance of an object
  at BackGroundScrollScript.Update () [0x00018] in C:\Users\thhon\UnityFiles\TlimFinalProj2Dshooter\Assets\Scripts\BackGroundScrollScript.cs:26 

(Filename: Assets/Scripts/BackGroundScrollScript.cs Line: 26)

NullReferenceException: Object reference not set to an instance of an object
  at BackGroundScrollScript.Update () [0x00018] in C:\Users\thhon\UnityFiles\TlimFinalProj2Dshooter\Assets\Scripts\BackGroundScrollScript.cs:26 

(Filename: Assets/Scripts/BackGroundScrollScript.cs Line: 26)

NullReferenceException: Object reference not set to an instance of an object
  at BackGroundScrollScript.Update () [0x00018] in C:\Users\thhon\UnityFiles\TlimFinalProj2Dshooter\Assets\Scripts\BackGroundScrollScript.cs:26 

(Filename: Assets/Scripts/BackGroundScrollScript.cs Line: 26)

NullReferenceException: Object reference not set to an instance of an object
  at BackGroundScrollScript.Update () [0x00018] in C:\Users\thhon\UnityFiles\TlimFinalProj2Dshooter\Assets\Scripts\BackGroundScrollScript.cs:26 

(Filename: Assets/Scripts/BackGroundScrollScript.cs Line: 26)

NullReferenceException: Object reference not set to an instance of an object
  at BackGroundScrollScript.Update () [0x00018] in C:\Users\thhon\UnityFiles\TlimFinalProj2Dshooter\Assets\Scripts\BackGroundScrollScript.cs:26 

(Filename: Assets/Scripts/BackGroundScrollScript.cs Line: 26)

NullReferenceException: Object reference not set to an instance of an object
  at BackGroundScrollScript.Update () [0x00018] in C:\Users\thhon\UnityFiles\TlimFinalProj2Dshooter\Assets\Scripts\BackGroundScrollScript.cs:26 

(Filename: Assets/Scripts/BackGroundScrollScript.cs Line: 26)

NullReferenceException: Object reference not set to an instance of an object
  at BackGroundScrollScript.Update () [0x00018] in C:\Users\thhon\UnityFiles\TlimFinalProj2Dshooter\Assets\Scripts\BackGroundScrollScript.cs:26 

(Filename: Assets/Scripts/BackGroundScrollScript.cs Line: 26)

NullReferenceException: Object reference not set to an instance of an object
  at BackGroundScrollScript.Update () [0x00018] in C:\Users\thhon\UnityFiles\TlimFinalProj2Dshooter\Assets\Scripts\BackGroundScrollScript.cs:26 

(Filename: Assets/Scripts/BackGroundScrollScript.cs Line: 26)

NullReferenceException: Object reference not set to an instance of an object
  at BackGroundScrollScript.Update () [0x00018] in C:\Users\thhon\UnityFiles\TlimFinalProj2Dshooter\Assets\Scripts\BackGroundScrollScript.cs:26 

(Filename: Assets/Scripts/BackGroundScrollScript.cs Line: 26)

NullReferenceException: Object reference not set to an instance of an object
  at BackGroundScrollScript.Update () [0x00018] in C:\Users\thhon\UnityFiles\TlimFinalProj2Dshooter\Assets\Scripts\BackGroundScrollScript.cs:26 

(Filename: Assets/Scripts/BackGroundScrollScript.cs Line: 26)

NullReferenceException: Object reference not set to an instance of an object
  at BackGroundScrollScript.Update () [0x00018] in C:\Users\thhon\UnityFiles\TlimFinalProj2Dshooter\Assets\Scripts\BackGroundScrollScript.cs:26 

(Filename: Assets/Scripts/BackGroundScrollScript.cs Line: 26)

NullReferenceException: Object reference not set to an instance of an object
  at BackGroundScrollScript.Update () [0x00018] in C:\Users\thhon\UnityFiles\TlimFinalProj2Dshooter\Assets\Scripts\BackGroundScrollScript.cs:26 

(Filename: Assets/Scripts/BackGroundScrollScript.cs Line: 26)

NullReferenceException: Object reference not set to an instance of an object
  at BackGroundScrollScript.Update () [0x00018] in C:\Users\thhon\UnityFiles\TlimFinalProj2Dshooter\Assets\Scripts\BackGroundScrollScript.cs:26 

(Filename: Assets/Scripts/BackGroundScrollScript.cs Line: 26)

NullReferenceException: Object reference not set to an instance of an object
  at BackGroundScrollScript.Update () [0x00018] in C:\Users\thhon\UnityFiles\TlimFinalProj2Dshooter\Assets\Scripts\BackGroundScrollScript.cs:26 

(Filename: Assets/Scripts/BackGroundScrollScript.cs Line: 26)

NullReferenceException: Object reference not set to an instance of an object
  at BackGroundScrollScript.Update () [0x00018] in C:\Users\thhon\UnityFiles\TlimFinalProj2Dshooter\Assets\Scripts\BackGroundScrollScript.cs:26 

(Filename: Assets/Scripts/BackGroundScrollScript.cs Line: 26)

NullReferenceException: Object reference not set to an instance of an object
  at BackGroundScrollScript.Update () [0x00018] in C:\Users\thhon\UnityFiles\TlimFinalProj2Dshooter\Assets\Scripts\BackGroundScrollScript.cs:26 

(Filename: Assets/Scripts/BackGroundScrollScript.cs Line: 26)

NullReferenceException: Object reference not set to an instance of an object
  at BackGroundScrollScript.Update () [0x00018] in C:\Users\thhon\UnityFiles\TlimFinalProj2Dshooter\Assets\Scripts\BackGroundScrollScript.cs:26 

(Filename: Assets/Scripts/BackGroundScrollScript.cs Line: 26)

NullReferenceException: Object reference not set to an instance of an object
  at BackGroundScrollScript.Update () [0x00018] in C:\Users\thhon\UnityFiles\TlimFinalProj2Dshooter\Assets\Scripts\BackGroundScrollScript.cs:26 

(Filename: Assets/Scripts/BackGroundScrollScript.cs Line: 26)

NullReferenceException: Object reference not set to an instance of an object
  at BackGroundScrollScript.Update () [0x00018] in C:\Users\thhon\UnityFiles\TlimFinalProj2Dshooter\Assets\Scripts\BackGroundScrollScript.cs:26 

(Filename: Assets/Scripts/BackGroundScrollScript.cs Line: 26)

NullReferenceException: Object reference not set to an instance of an object
  at BackGroundScrollScript.Update () [0x00018] in C:\Users\thhon\UnityFiles\TlimFinalProj2Dshooter\Assets\Scripts\BackGroundScrollScript.cs:26 

(Filename: Assets/Scripts/BackGroundScrollScript.cs Line: 26)

NullReferenceException: Object reference not set to an instance of an object
  at BackGroundScrollScript.Update () [0x00018] in C:\Users\thhon\UnityFiles\TlimFinalProj2Dshooter\Assets\Scripts\BackGroundScrollScript.cs:26 

(Filename: Assets/Scripts/BackGroundScrollScript.cs Line: 26)

NullReferenceException: Object reference not set to an instance of an object
  at BackGroundScrollScript.Update () [0x00018] in C:\Users\thhon\UnityFiles\TlimFinalProj2Dshooter\Assets\Scripts\BackGroundScrollScript.cs:26 

(Filename: Assets/Scripts/BackGroundScrollScript.cs Line: 26)

NullReferenceException: Object reference not set to an instance of an object
  at BackGroundScrollScript.Update () [0x00018] in C:\Users\thhon\UnityFiles\TlimFinalProj2Dshooter\Assets\Scripts\BackGroundScrollScript.cs:26 

(Filename: Assets/Scripts/BackGroundScrollScript.cs Line: 26)

NullReferenceException: Object reference not set to an instance of an object
  at BackGroundScrollScript.Update () [0x00018] in C:\Users\thhon\UnityFiles\TlimFinalProj2Dshooter\Assets\Scripts\BackGroundScrollScript.cs:26 

(Filename: Assets/Scripts/BackGroundScrollScript.cs Line: 26)

NullReferenceException: Object reference not set to an instance of an object
  at BackGroundScrollScript.Update () [0x00018] in C:\Users\thhon\UnityFiles\TlimFinalProj2Dshooter\Assets\Scripts\BackGroundScrollScript.cs:26 

(Filename: Assets/Scripts/BackGroundScrollScript.cs Line: 26)

NullReferenceException: Object reference not set to an instance of an object
  at BackGroundScrollScript.Update () [0x00018] in C:\Users\thhon\UnityFiles\TlimFinalProj2Dshooter\Assets\Scripts\BackGroundScrollScript.cs:26 

(Filename: Assets/Scripts/BackGroundScrollScript.cs Line: 26)

NullReferenceException: Object reference not set to an instance of an object
  at BackGroundScrollScript.Update () [0x00018] in C:\Users\thhon\UnityFiles\TlimFinalProj2Dshooter\Assets\Scripts\BackGroundScrollScript.cs:26 

(Filename: Assets/Scripts/BackGroundScrollScript.cs Line: 26)

NullReferenceException: Object reference not set to an instance of an object
  at BackGroundScrollScript.Update () [0x00018] in C:\Users\thhon\UnityFiles\TlimFinalProj2Dshooter\Assets\Scripts\BackGroundScrollScript.cs:26 

(Filename: Assets/Scripts/BackGroundScrollScript.cs Line: 26)

NullReferenceException: Object reference not set to an instance of an object
  at BackGroundScrollScript.Update () [0x00018] in C:\Users\thhon\UnityFiles\TlimFinalProj2Dshooter\Assets\Scripts\BackGroundScrollScript.cs:26 

(Filename: Assets/Scripts/BackGroundScrollScript.cs Line: 26)

NullReferenceException: Object reference not set to an instance of an object
  at BackGroundScrollScript.Update () [0x00018] in C:\Users\thhon\UnityFiles\TlimFinalProj2Dshooter\Assets\Scripts\BackGroundScrollScript.cs:26 

(Filename: Assets/Scripts/BackGroundScrollScript.cs Line: 26)

NullReferenceException: Object reference not set to an instance of an object
  at BackGroundScrollScript.Update () [0x00018] in C:\Users\thhon\UnityFiles\TlimFinalProj2Dshooter\Assets\Scripts\BackGroundScrollScript.cs:26 

(Filename: Assets/Scripts/BackGroundScrollScript.cs Line: 26)

NullReferenceException: Object reference not set to an instance of an object
  at BackGroundScrollScript.Update () [0x00018] in C:\Users\thhon\UnityFiles\TlimFinalProj2Dshooter\Assets\Scripts\BackGroundScrollScript.cs:26 

(Filename: Assets/Scripts/BackGroundScrollScript.cs Line: 26)

NullReferenceException: Object reference not set to an instance of an object
  at BackGroundScrollScript.Update () [0x00018] in C:\Users\thhon\UnityFiles\TlimFinalProj2Dshooter\Assets\Scripts\BackGroundScrollScript.cs:26 

(Filename: Assets/Scripts/BackGroundScrollScript.cs Line: 26)

NullReferenceException: Object reference not set to an instance of an object
  at BackGroundScrollScript.Update () [0x00018] in C:\Users\thhon\UnityFiles\TlimFinalProj2Dshooter\Assets\Scripts\BackGroundScrollScript.cs:26 

(Filename: Assets/Scripts/BackGroundScrollScript.cs Line: 26)

NullReferenceException: Object reference not set to an instance of an object
  at BackGroundScrollScript.Update () [0x00018] in C:\Users\thhon\UnityFiles\TlimFinalProj2Dshooter\Assets\Scripts\BackGroundScrollScript.cs:26 

(Filename: Assets/Scripts/BackGroundScrollScript.cs Line: 26)

NullReferenceException: Object reference not set to an instance of an object
  at BackGroundScrollScript.Update () [0x00018] in C:\Users\thhon\UnityFiles\TlimFinalProj2Dshooter\Assets\Scripts\BackGroundScrollScript.cs:26 

(Filename: Assets/Scripts/BackGroundScrollScript.cs Line: 26)

NullReferenceException: Object reference not set to an instance of an object
  at BackGroundScrollScript.Update () [0x00018] in C:\Users\thhon\UnityFiles\TlimFinalProj2Dshooter\Assets\Scripts\BackGroundScrollScript.cs:26 

(Filename: Assets/Scripts/BackGroundScrollScript.cs Line: 26)

NullReferenceException: Object reference not set to an instance of an object
  at BackGroundScrollScript.Update () [0x00018] in C:\Users\thhon\UnityFiles\TlimFinalProj2Dshooter\Assets\Scripts\BackGroundScrollScript.cs:26 

(Filename: Assets/Scripts/BackGroundScrollScript.cs Line: 26)

NullReferenceException: Object reference not set to an instance of an object
  at BackGroundScrollScript.Update () [0x00018] in C:\Users\thhon\UnityFiles\TlimFinalProj2Dshooter\Assets\Scripts\BackGroundScrollScript.cs:26 

(Filename: Assets/Scripts/BackGroundScrollScript.cs Line: 26)

NullReferenceException: Object reference not set to an instance of an object
  at BackGroundScrollScript.Update () [0x00018] in C:\Users\thhon\UnityFiles\TlimFinalProj2Dshooter\Assets\Scripts\BackGroundScrollScript.cs:26 

(Filename: Assets/Scripts/BackGroundScrollScript.cs Line: 26)

NullReferenceException: Object reference not set to an instance of an object
  at BackGroundScrollScript.Update () [0x00018] in C:\Users\thhon\UnityFiles\TlimFinalProj2Dshooter\Assets\Scripts\BackGroundScrollScript.cs:26 

(Filename: Assets/Scripts/BackGroundScrollScript.cs Line: 26)

NullReferenceException: Object reference not set to an instance of an object
  at BackGroundScrollScript.Update () [0x00018] in C:\Users\thhon\UnityFiles\TlimFinalProj2Dshooter\Assets\Scripts\BackGroundScrollScript.cs:26 

(Filename: Assets/Scripts/BackGroundScrollScript.cs Line: 26)

NullReferenceException: Object reference not set to an instance of an object
  at BackGroundScrollScript.Update () [0x00018] in C:\Users\thhon\UnityFiles\TlimFinalProj2Dshooter\Assets\Scripts\BackGroundScrollScript.cs:26 

(Filename: Assets/Scripts/BackGroundScrollScript.cs Line: 26)

NullReferenceException: Object reference not set to an instance of an object
  at BackGroundScrollScript.Update () [0x00018] in C:\Users\thhon\UnityFiles\TlimFinalProj2Dshooter\Assets\Scripts\BackGroundScrollScript.cs:26 

(Filename: Assets/Scripts/BackGroundScrollScript.cs Line: 26)

NullReferenceException: Object reference not set to an instance of an object
  at BackGroundScrollScript.Update () [0x00018] in C:\Users\thhon\UnityFiles\TlimFinalProj2Dshooter\Assets\Scripts\BackGroundScrollScript.cs:26 

(Filename: Assets/Scripts/BackGroundScrollScript.cs Line: 26)

NullReferenceException: Object reference not set to an instance of an object
  at BackGroundScrollScript.Update () [0x00018] in C:\Users\thhon\UnityFiles\TlimFinalProj2Dshooter\Assets\Scripts\BackGroundScrollScript.cs:26 

(Filename: Assets/Scripts/BackGroundScrollScript.cs Line: 26)

NullReferenceException: Object reference not set to an instance of an object
  at BackGroundScrollScript.Update () [0x00018] in C:\Users\thhon\UnityFiles\TlimFinalProj2Dshooter\Assets\Scripts\BackGroundScrollScript.cs:26 

(Filename: Assets/Scripts/BackGroundScrollScript.cs Line: 26)

NullReferenceException: Object reference not set to an instance of an object
  at BackGroundScrollScript.Update () [0x00018] in C:\Users\thhon\UnityFiles\TlimFinalProj2Dshooter\Assets\Scripts\BackGroundScrollScript.cs:26 

(Filename: Assets/Scripts/BackGroundScrollScript.cs Line: 26)

NullReferenceException: Object reference not set to an instance of an object
  at BackGroundScrollScript.Update () [0x00018] in C:\Users\thhon\UnityFiles\TlimFinalProj2Dshooter\Assets\Scripts\BackGroundScrollScript.cs:26 

(Filename: Assets/Scripts/BackGroundScrollScript.cs Line: 26)

NullReferenceException: Object reference not set to an instance of an object
  at BackGroundScrollScript.Update () [0x00018] in C:\Users\thhon\UnityFiles\TlimFinalProj2Dshooter\Assets\Scripts\BackGroundScrollScript.cs:26 

(Filename: Assets/Scripts/BackGroundScrollScript.cs Line: 26)

NullReferenceException: Object reference not set to an instance of an object
  at BackGroundScrollScript.Update () [0x00018] in C:\Users\thhon\UnityFiles\TlimFinalProj2Dshooter\Assets\Scripts\BackGroundScrollScript.cs:26 

(Filename: Assets/Scripts/BackGroundScrollScript.cs Line: 26)

NullReferenceException: Object reference not set to an instance of an object
  at BackGroundScrollScript.Update () [0x00018] in C:\Users\thhon\UnityFiles\TlimFinalProj2Dshooter\Assets\Scripts\BackGroundScrollScript.cs:26 

(Filename: Assets/Scripts/BackGroundScrollScript.cs Line: 26)

NullReferenceException: Object reference not set to an instance of an object
  at BackGroundScrollScript.Update () [0x00018] in C:\Users\thhon\UnityFiles\TlimFinalProj2Dshooter\Assets\Scripts\BackGroundScrollScript.cs:26 

(Filename: Assets/Scripts/BackGroundScrollScript.cs Line: 26)

NullReferenceException: Object reference not set to an instance of an object
  at BackGroundScrollScript.Update () [0x00018] in C:\Users\thhon\UnityFiles\TlimFinalProj2Dshooter\Assets\Scripts\BackGroundScrollScript.cs:26 

(Filename: Assets/Scripts/BackGroundScrollScript.cs Line: 26)

NullReferenceException: Object reference not set to an instance of an object
  at BackGroundScrollScript.Update () [0x00018] in C:\Users\thhon\UnityFiles\TlimFinalProj2Dshooter\Assets\Scripts\BackGroundScrollScript.cs:26 

(Filename: Assets/Scripts/BackGroundScrollScript.cs Line: 26)

NullReferenceException: Object reference not set to an instance of an object
  at BackGroundScrollScript.Update () [0x00018] in C:\Users\thhon\UnityFiles\TlimFinalProj2Dshooter\Assets\Scripts\BackGroundScrollScript.cs:26 

(Filename: Assets/Scripts/BackGroundScrollScript.cs Line: 26)

Unloading 4 Unused Serialized files (Serialized files now loaded: 0)
Loaded scene 'Temp/__Backupscenes/0.backup'
	Deserialize:            2.177 ms
	Integration:            258.404 ms
	Integration of assets:  0.007 ms
	Thread Wait Time:       0.080 ms
	Total Operation Time:   260.668 ms
Unloading 0 unused Assets / (341.6 KB). Loaded Objects now: 9404.
Memory consumption went from 0.62 GB to 0.62 GB.
Total: 32.673400 ms (FindLiveObjects: 0.658600 ms CreateObjectMapping: 2.140800 ms MarkObjects: 29.840900 ms  DeleteObjects: 0.031600 ms)

[ScriptCompilation] Requested script compilation because: AssetDatabase observed changes in script compilation related files
info: Microsoft.AspNetCore.Hosting.Diagnostics[1]
      Request starting HTTP/2 POST http://ilpp/UnityILPP.PostProcessing/Ping - application/grpc -
info: Microsoft.AspNetCore.Routing.EndpointMiddleware[0]
      Executing endpoint 'gRPC - /UnityILPP.PostProcessing/Ping'
info: Microsoft.AspNetCore.Routing.EndpointMiddleware[1]
      Executed endpoint 'gRPC - /UnityILPP.PostProcessing/Ping'
info: Microsoft.AspNetCore.Hosting.Diagnostics[2]
      Request finished HTTP/2 POST http://ilpp/UnityILPP.PostProcessing/Ping - 200 - application/grpc 0.5431ms
Starting: C:\Program Files\Unity\Hub\Editor\6000.5.2f1\Editor\Data\Tools\BuildPipeline\bee_backend.exe --ipc --defer-dag-verification --dagfile="Library/Bee/1900b0aE.dag" --continue-on-failure --profile="Library/Bee/backend1.traceevents" ScriptAssemblies
WorkingDir: C:/Users/thhon/UnityFiles/TlimFinalProj2Dshooter
info: Microsoft.AspNetCore.Hosting.Diagnostics[1]
      Request starting HTTP/2 POST http://ilpp/UnityILPP.PostProcessing/ConfigurePostProcessors - application/grpc -
info: Microsoft.AspNetCore.Routing.EndpointMiddleware[0]
      Executing endpoint 'gRPC - /UnityILPP.PostProcessing/ConfigurePostProcessors'
info: Unity.ILPP.Runner.PostProcessingAssemblyLoadContext[0]
      Current configuration matches the requested one, skipping
info: Microsoft.AspNetCore.Routing.EndpointMiddleware[1]
      Executed endpoint 'gRPC - /UnityILPP.PostProcessing/ConfigurePostProcessors'
info: Microsoft.AspNetCore.Hosting.Diagnostics[2]
      Request finished HTTP/2 POST http://ilpp/UnityILPP.PostProcessing/ConfigurePostProcessors - 200 - application/grpc 3.0092ms
info: Microsoft.AspNetCore.Hosting.Diagnostics[1]
      Request starting HTTP/2 POST http://ilpp/UnityILPP.PostProcessing/PostProcessAssembly - application/grpc -
info: Microsoft.AspNetCore.Routing.EndpointMiddleware[0]
      Executing endpoint 'gRPC - /UnityILPP.PostProcessing/PostProcessAssembly'
info: Unity.ILPP.Runner.PostProcessingPipeline[0]
      Processing assembly Library/Bee/artifacts/1900b0aE.dag/Assembly-CSharp.dll, with 142 defines and 353 references
info: Unity.ILPP.Runner.PostProcessingPipeline[0]
      processors: Unity.Jobs.CodeGen.JobsILPostProcessor, zzzUnity.Burst.CodeGen.BurstILPostProcessor
info: Unity.ILPP.Runner.PostProcessingPipeline[0]
      running Unity.Jobs.CodeGen.JobsILPostProcessor
info: Unity.ILPP.Runner.PostProcessingPipeline[0]
      running zzzUnity.Burst.CodeGen.BurstILPostProcessor
info: Microsoft.AspNetCore.Routing.EndpointMiddleware[1]
      Executed endpoint 'gRPC - /UnityILPP.PostProcessing/PostProcessAssembly'
info: Microsoft.AspNetCore.Hosting.Diagnostics[2]
      Request finished HTTP/2 POST http://ilpp/UnityILPP.PostProcessing/PostProcessAssembly - 200 - application/grpc 41.7228ms
ExitCode: 0 Duration: 1s100ms
[ 855/1100  0s] ILPP-Configuration Library/ilpp-configuration.nevergeneratedoutput
[1096/1100  0s] Csc Library/Bee/artifacts/1900b0aE.dag/Assembly-CSharp.dll (+2 others)
[1097/1100  0s] ILPostProcess Library/Bee/artifacts/1900b0aE.dag/post-processed/Assembly-CSharp.dll (+pdb)
Processing assembly Library/Bee/artifacts/1900b0aE.dag/Assembly-CSharp.dll, with 142 defines and 353 references

processors: Unity.Jobs.CodeGen.JobsILPostProcessor, zzzUnity.Burst.CodeGen.BurstILPostProcessor

running Unity.Jobs.CodeGen.JobsILPostProcessor

running zzzUnity.Burst.CodeGen.BurstILPostProcessor
[1098/1100  0s] CopyFiles Library/ScriptAssemblies/Assembly-CSharp.pdb
[1099/1100  0s] CopyFiles Library/ScriptAssemblies/Assembly-CSharp.dll
*** Tundra build success (1.05 seconds), 5 items updated, 1100 evaluated
Reloading assemblies after forced synchronous recompile.
Begin MonoManager ReloadAssembly
Refreshing native plugins compatible for Editor in 4.82 ms, found 5 plugins.
Native extension for WindowsStandalone target not found
[MODES] ModeService[none].Initialize
[MODES] ModeService[none].LoadModes
ScheduleIndexationOnStartup MainProcess:True IndexOnStartup:True
Mono: successfully reloaded assembly
- Finished resetting the current domain, in  2.102 seconds
Domain Reload Profiling: 4086ms
	BeginReloadAssembly (1392ms)
		DisableScriptedObjects (276ms)
		CreateAndSetChildDomain (555ms)
	RebuildCommonClasses (16ms)
	RebuildNativeTypeToScriptingClass (18ms)
	initialDomainReloadingComplete (98ms)
	LoadAllAssembliesAndSetupDomain (460ms)
		LoadAssemblies (240ms)
		AnalyzeDomain (242ms)
			TypeCache.Refresh (14ms)
			BuildScriptInfoCaches (219ms)
			ResolveRequiredComponents (8ms)
	FinalizeReload (2103ms)
		SetupLoadedEditorAssemblies (0ms)
			BeforeProcessingInitializeOnLoad (220ms)
			ProcessInitializeOnLoadAttributes (440ms)
			ProcessInitializeOnLoadMethodAttributes (247ms)
			AfterProcessingInitializeOnLoad (19ms)
		AwakeInstancesAfterBackupRestoration (633ms)
Refreshing native plugins compatible for Editor in 6.75 ms, found 5 plugins.

Asset Pipeline Refresh (id=182ba2a9a61a22a4e924dc967441a713): Total: 6.067 seconds - Initiated by RefreshV2(AllowForceSynchronousImport)
	(Values over 0.05ms)
	Summary:
		Imports: total=0 (actual=0, local cache=0, cache server=0)
		Asset DB Process Time: managed=0 ms, native=2328 ms
		Asset DB Callback time: managed=63 ms, native=14 ms
		Scripting: domain reloads=1, domain reload time=2236 ms, compile time=1423 ms, other=0 ms
		Project Asset Count: scripts=1564, non-scripts=3214
		Asset File Changes: new=0, changed=1, moved=0, deleted=0
		Scan Filter Count: 0
	InvokePackagesCallback: 8.996ms
	ApplyChangesToAssetFolders: 0.676ms
	Scan: 23.317ms
	Collect global state as custom dependencies: 5.597ms
	OnSourceAssetsModified: 0.811ms
	ProcessAssetsWithTransientArtifactChanges: 6.130ms
	CategorizeAssets: 63.307ms
	CompileScripts: 1423.201ms
	ImportOutOfDateAssets: 2161.416ms (2124.934ms without children)
		CollectScriptTypesHashes: 1.844ms
		ReloadNativeAssets: 1.105ms
		UnloadImportedAssets: 0.167ms
		EnsureUptoDateAssetsAreRegisteredWithGuidPM: 0.830ms
		ImportSchedulerStart: 34.349ms
	PostProcessAllAssets: 66.348ms
		PostProcessCallbackCreateDeferredMaterials 1.722ms
		XRBuildSystem.XRAssetImported 1.139ms
		MonoPostProcessAllAssets: 62.716ms
			UniversalRenderPipelineGlobalSettingsPostprocessor.OnPostprocessAllAssets 13.026ms
			AssetChangedListener.OnPostprocessAllAssets 7.186ms
			BuilderAssetPostprocessor.OnPostprocessAllAssets 5.655ms
			AssetPostprocessor.OnPostprocessAllAssets 4.039ms
			SpriteSlicePostprocessor.OnPostprocessAllAssets 2.563ms
			WindowAssetPostprocessingWatcher.OnPostprocessAllAssets 2.045ms
			SpeedTree9Postprocessor.OnPostprocessAllAssets 2.018ms
			ShaderGraphAssetPostProcessor.OnPostprocessAllAssets 1.558ms
			RetainedModeAssetPostprocessor.OnPostprocessAllAssets 1.419ms
			RenderPipelineGlobalSettingsPostprocessor.OnPostprocessAllAssets 1.022ms
			MaterialPostprocessor.OnPostprocessAllAssets 0.845ms
			TMPro_TexturePostProcessor.OnPostprocessAllAssets 0.718ms
			SpriteEditorTexturePostprocessor.OnPostprocessAllAssets 0.643ms
			SpriteShapeAssetPostProcessor.OnPostprocessAllAssets 0.597ms
			ArtifactBrowserPostProcessor.OnPostprocessAllAssets 0.529ms
			SampleDependencyImporterPostProcessor.OnPostprocessAllAssets 0.500ms
			InputActionAssetPostprocessor.OnPostprocessAllAssets 0.447ms
			ShaderReflectionAssetPostProcessor.OnPostprocessAllAssets 0.357ms
			ReferencedClipsPostProcessor.OnPostprocessAllAssets 0.355ms
			TextAssetPostProcessor.OnPostprocessAllAssets 0.349ms
			AudioMixerPostprocessor.OnPostprocessAllAssets 0.323ms
			InputActionJsonNameModifierAssetProcessor.OnPostprocessAllAssets 0.322ms
			UVCSAssetPostprocessor.OnPostprocessAllAssets 0.320ms
			SpriteLibraryAssetPostprocessor.OnPostprocessAllAssets 0.292ms
			AssetEvents.OnPostprocessAllAssets 0.276ms
			PostProcessor.OnPostprocessAllAssets 0.236ms
			StyleCatalogPostProcessor.OnPostprocessAllAssets 0.202ms
			SpeedTreePostProcessor.OnPostprocessAllAssets 0.178ms
			TerrainToolbarOverlayPostProcessor.OnPostprocessAllAssets 0.167ms
			PSDImportPostProcessor.OnPostprocessAllAssets 0.153ms
			ProjectSettingsPostprocessor.OnPostprocessAllAssets 0.153ms
			AssetDatabaseCallbacks.OnPostprocessAllAssets 0.151ms
			SyncVS.PostprocessSyncProject 0.150ms
			SamplePostprocessor.OnPostprocessAllAssets 0.148ms
			ConfigAssetsTracker.OnPostprocessAllAssets 0.139ms
			ScenarioDriftAssetsTracker.OnPostprocessAllAssets 0.112ms
			PSDImporterAssetPostProcessor.OnPostprocessAllAssets 0.104ms
			AudioContainerPostProcessor.OnPostprocessAllAssets 0.083ms
			AssetProcessor.OnPostprocessAllAssets 0.053ms
	PostAssetChangesProfiler: 7.642ms
	GatherAllCurrentPrimaryImportResultRevisions: 0.488ms
	PersistCurrentRevisions: 0.173ms
	GenerateScriptTypeHashes: 3.052ms
	GenerateScriptTypeSerializationHashes: 5.417ms
	Untracked: 2288.573ms

[Licensing::Client] Successfully resolved entitlement details
[Licensing::Client] Successfully resolved entitlement details
SpriteAtlasPacking completed in 0.008492 sec
Entering Playmode with Reload Domain disabled.
If you experience any issues, please disable "Enter Play Mode Options" in Editor Settings
Loaded scene 'Temp/__Backupscenes/0.backup'
	Deserialize:            100.085 ms
	Integration:            413.882 ms
	Integration of assets:  0.209 ms
	Thread Wait Time:       -0.099 ms
	Total Operation Time:   514.077 ms
Unloading 4 Unused Serialized files (Serialized files now loaded: 0)
UnloadTime: 8.294000 ms
Loaded scene 'Temp/__Backupscenes/0.backup'
	Deserialize:            4.538 ms
	Integration:            267.532 ms
	Integration of assets:  0.001 ms
	Thread Wait Time:       3.565 ms
	Total Operation Time:   275.637 ms
Unloading 18 unused Assets / (301.2 KB). Loaded Objects now: 9508.
Memory consumption went from 0.63 GB to 0.63 GB.
Total: 29.500400 ms (FindLiveObjects: 0.822900 ms CreateObjectMapping: 2.512500 ms MarkObjects: 26.095100 ms  DeleteObjects: 0.068400 ms)

Unloading 0 Unused Serialized files (Serialized files now loaded: 0)
Loaded scene 'Temp/__Backupscenes/0.backup'
	Deserialize:            4.097 ms
	Integration:            268.994 ms
	Integration of assets:  0.010 ms
	Thread Wait Time:       0.009 ms
	Total Operation Time:   273.109 ms
Unloading 0 unused Assets / (0 B). Loaded Objects now: 9408.
Memory consumption went from 0.62 GB to 0.62 GB.
Total: 20.498900 ms (FindLiveObjects: 0.519900 ms CreateObjectMapping: 1.180500 ms MarkObjects: 18.776600 ms  DeleteObjects: 0.020700 ms)

[Licensing::Client] Successfully resolved entitlement details
Asset Pipeline Refresh (id=850a3542659d7f94682393b949391ca2): Total: 0.032 seconds - Initiated by RefreshV2(AllowForceSynchronousImport)
Asset Pipeline Refresh (id=d00920215857c2647b22ba710acec295): Total: 0.010 seconds - Initiated by RefreshV2(AllowForceSynchronousImport)
Asset Pipeline Refresh (id=00210cdc87e182f48a81f34438eec3e7): Total: 0.014 seconds - Initiated by RefreshV2(AllowForceSynchronousImport)
[ScriptCompilation] Requested script compilation because: AssetDatabase observed changes in script compilation related files
[Licensing::Client] Successfully resolved entitlement details
info: Microsoft.AspNetCore.Hosting.Diagnostics[1]
      Request starting HTTP/2 POST http://ilpp/UnityILPP.PostProcessing/Ping - application/grpc -
info: Microsoft.AspNetCore.Routing.EndpointMiddleware[0]
      Executing endpoint 'gRPC - /UnityILPP.PostProcessing/Ping'
info: Microsoft.AspNetCore.Routing.EndpointMiddleware[1]
      Executed endpoint 'gRPC - /UnityILPP.PostProcessing/Ping'
info: Microsoft.AspNetCore.Hosting.Diagnostics[2]
      Request finished HTTP/2 POST http://ilpp/UnityILPP.PostProcessing/Ping - 200 - application/grpc 0.7567ms
Starting: C:\Program Files\Unity\Hub\Editor\6000.5.2f1\Editor\Data\Tools\BuildPipeline\bee_backend.exe --ipc --defer-dag-verification --dagfile="Library/Bee/1900b0aE.dag" --continue-on-failure --profile="Library/Bee/backend1.traceevents" ScriptAssemblies
WorkingDir: C:/Users/thhon/UnityFiles/TlimFinalProj2Dshooter
info: Microsoft.AspNetCore.Hosting.Diagnostics[1]
      Request starting HTTP/2 POST http://ilpp/UnityILPP.PostProcessing/ConfigurePostProcessors - application/grpc -
info: Microsoft.AspNetCore.Routing.EndpointMiddleware[0]
      Executing endpoint 'gRPC - /UnityILPP.PostProcessing/ConfigurePostProcessors'
info: Unity.ILPP.Runner.PostProcessingAssemblyLoadContext[0]
      Current configuration matches the requested one, skipping
info: Microsoft.AspNetCore.Routing.EndpointMiddleware[1]
      Executed endpoint 'gRPC - /UnityILPP.PostProcessing/ConfigurePostProcessors'
info: Microsoft.AspNetCore.Hosting.Diagnostics[2]
      Request finished HTTP/2 POST http://ilpp/UnityILPP.PostProcessing/ConfigurePostProcessors - 200 - application/grpc 3.5764ms
ExitCode: 3 Duration: 3s944ms
[ 855/1100  0s] ILPP-Configuration Library/ilpp-configuration.nevergeneratedoutput
[1096/1100  3s] Csc Library/Bee/artifacts/1900b0aE.dag/Assembly-CSharp.dll (+2 others)
##### CommandLine
"C:\Program Files\Unity\Hub\Editor\6000.5.2f1\Editor\Data\DotNetSdk\dotnet.exe" exec "C:/Program Files/Unity/Hub/Editor/6000.5.2f1/Editor/Data/DotNetSdk/sdk/8.0.318/Roslyn/bincore/csc.dll" /nostdlib /noconfig /shared "@Library/Bee/artifacts/1900b0aE.dag/Assembly-CSharp.rsp" "@Library/Bee/artifacts/1900b0aE.dag/Assembly-CSharp.rsp2"
##### Contents of Library\Bee\artifacts\1900b0aE.dag\Assembly-CSharp.rsp
-target:library
-out:"Library/Bee/artifacts/1900b0aE.dag/Assembly-CSharp.dll"
-refout:"Library/Bee/artifacts/1900b0aE.dag/Assembly-CSharp.ref.dll"
-define:UNITY_6000_5_2
-define:UNITY_6000_5
-define:UNITY_6000
-define:UNITY_5_3_OR_NEWER
-define:UNITY_5_4_OR_NEWER
-define:UNITY_5_5_OR_NEWER
-define:UNITY_5_6_OR_NEWER
-define:UNITY_2017_1_OR_NEWER
-define:UNITY_2017_2_OR_NEWER
-define:UNITY_2017_3_OR_NEWER
-define:UNITY_2017_4_OR_NEWER
-define:UNITY_2018_1_OR_NEWER
-define:UNITY_2018_2_OR_NEWER
-define:UNITY_2018_3_OR_NEWER
-define:UNITY_2018_4_OR_NEWER
-define:UNITY_2019_1_OR_NEWER
-define:UNITY_2019_2_OR_NEWER
-define:UNITY_2019_3_OR_NEWER
-define:UNITY_2019_4_OR_NEWER
-define:UNITY_2020_1_OR_NEWER
-define:UNITY_2020_2_OR_NEWER
-define:UNITY_2020_3_OR_NEWER
-define:UNITY_2021_1_OR_NEWER
-define:UNITY_2021_2_OR_NEWER
-define:UNITY_2021_3_OR_NEWER
-define:UNITY_2022_1_OR_NEWER
-define:UNITY_2022_2_OR_NEWER
-define:UNITY_2022_3_OR_NEWER
-define:UNITY_2023_1_OR_NEWER
-define:UNITY_2023_2_OR_NEWER
-define:UNITY_2023_3_OR_NEWER
-define:UNITY_6000_0_OR_NEWER
-define:UNITY_6000_1_OR_NEWER
-define:UNITY_6000_2_OR_NEWER
-define:UNITY_6000_3_OR_NEWER
-define:UNITY_6000_4_OR_NEWER
-define:UNITY_6000_5_OR_NEWER
-define:PLATFORM_ARCH_64
-define:UNITY_64
-define:UNITY_INCLUDE_TESTS
-define:UNITY_ENABLE_CLOUD_SERVICES_ENGINE_DIAGNOSTICS_MANAGED
-define:ENABLE_AR
-define:ENABLE_AUDIO
-define:ENABLE_AUDIO_SCRIPTABLE_PIPELINE
-define:ENABLE_CACHING
-define:ENABLE_CLOTH
-define:ENABLE_EVENT_QUEUE
-define:ENABLE_MICROPHONE
-define:ENABLE_MULTIPLE_DISPLAYS
-define:ENABLE_PHYSICS
-define:ENABLE_TEXTURE_STREAMING
-define:ENABLE_VIRTUALTEXTURING
-define:ENABLE_LZMA
-define:ENABLE_UNITYEVENTS
-define:ENABLE_VR
-define:ENABLE_WEBCAM
-define:ENABLE_UNITYWEBREQUEST
-define:ENABLE_WWW
-define:ENABLE_CLOUD_SERVICES
-define:ENABLE_CLOUD_SERVICES_ADS
-define:ENABLE_CLOUD_SERVICES_USE_WEBREQUEST
-define:ENABLE_UNITY_CONSENT
-define:ENABLE_UNITY_CLOUD_IDENTIFIERS
-define:ENABLE_CLOUD_SERVICES_CRASH_REPORTING
-define:ENABLE_CLOUD_SERVICES_NATIVE_CRASH_REPORTING
-define:ENABLE_CLOUD_SERVICES_PURCHASING
-define:ENABLE_CLOUD_SERVICES_ANALYTICS
-define:ENABLE_CLOUD_SERVICES_BUILD
-define:ENABLE_EDITOR_GAME_SERVICES
-define:ENABLE_UNITY_GAME_SERVICES_ANALYTICS_SUPPORT
-define:ENABLE_CLOUD_LICENSE
-define:ENABLE_EDITOR_HUB_LICENSE
-define:ENABLE_WEBSOCKET_CLIENT
-define:ENABLE_GENERATE_NATIVE_PLUGINS_FOR_ASSEMBLIES_API
-define:ENABLE_DIRECTOR_AUDIO
-define:ENABLE_DIRECTOR_TEXTURE
-define:ENABLE_MANAGED_JOBS
-define:ENABLE_MANAGED_TRANSFORM_JOBS
-define:ENABLE_MANAGED_ANIMATION_JOBS
-define:ENABLE_MANAGED_AUDIO_JOBS
-define:ENABLE_MANAGED_UNITYTLS
-define:INCLUDE_DYNAMIC_GI
-define:ENABLE_SCRIPTING_GC_WBARRIERS
-define:PLATFORM_SUPPORTS_MONO
-define:RENDER_SOFTWARE_CURSOR
-define:ENABLE_MARSHALLING_TESTS
-define:ENABLE_VIDEO
-define:ENABLE_NAVIGATION_OFFMESHLINK_TO_NAVMESHLINK
-define:ENABLE_ACCELERATOR_CLIENT_DEBUGGING
-define:ENABLE_ACCESSIBILITY_SCREEN_READER
-define:TEXTCORE_1_0_OR_NEWER
-define:EDITOR_ONLY_NAVMESH_BUILDER_DEPRECATED
-define:PLATFORM_STANDALONE_WIN
-define:PLATFORM_STANDALONE
-define:UNITY_STANDALONE_WIN
-define:UNITY_STANDALONE
-define:ENABLE_RUNTIME_GI
-define:ENABLE_MOVIES
-define:ENABLE_NETWORK
-define:ENABLE_NVIDIA
-define:ENABLE_AMD
-define:ENABLE_CRUNCH_TEXTURE_COMPRESSION
-define:ENABLE_CLOUD_SERVICES_ENGINE_DIAGNOSTICS
-define:ENABLE_OUT_OF_PROCESS_CRASH_HANDLER
-define:ENABLE_CLUSTER_SYNC
-define:ENABLE_CLUSTERINPUT
-define:PLATFORM_UPDATES_TIME_OUTSIDE_OF_PLAYER_LOOP
-define:GFXDEVICE_WAITFOREVENT_MESSAGEPUMP
-define:PLATFORM_USES_EXPLICIT_MEMORY_MANAGER_INITIALIZER
-define:PLATFORM_SUPPORTS_WAIT_FOR_PRESENTATION
-define:PLATFORM_SUPPORTS_SPLIT_GRAPHICS_JOBS
-define:PLATFORM_USES_VULKAN_OLD_SWAPCHAIN
-define:USE_READ_ASYNC_MANAGED_API
-define:ENABLE_MONO
-define:NET_STANDARD_2_0
-define:NET_STANDARD
-define:NET_STANDARD_2_1
-define:NETSTANDARD
-define:NETSTANDARD2_1
-define:ENABLE_PROFILER
-define:DEBUG
-define:TRACE
-define:UNITY_ASSERTIONS
-define:UNITY_EDITOR
-define:UNITY_EDITOR_64
-define:UNITY_EDITOR_WIN
-define:ENABLE_UNITY_COLLECTIONS_CHECKS
-define:ENABLE_BURST_AOT
-define:UNITY_TEAM_LICENSE
-define:ENABLE_CUSTOM_RENDER_TEXTURE
-define:ENABLE_DIRECTOR
-define:ENABLE_LOCALIZATION
-define:ENABLE_SPRITES
-define:ENABLE_TERRAIN
-define:ENABLE_TILEMAP
-define:ENABLE_TIMELINE
-define:ENABLE_INPUT_SYSTEM
-define:TEXTCORE_FONT_ENGINE_1_5_OR_NEWER
-define:TEXTCORE_TEXT_ENGINE_1_5_OR_NEWER
-define:TEXTCORE_FONT_ENGINE_1_6_OR_NEWER
-define:CSHARP_7_OR_LATER
-define:CSHARP_7_3_OR_NEWER
-r:"C:/Program Files/Unity/Hub/Editor/6000.5.2f1/Editor/Data/BCLExtensions/TargetingPacks/netstandard2.1/ref/Microsoft.Bcl.AsyncInterfaces.dll"
-r:"C:/Program Files/Unity/Hub/Editor/6000.5.2f1/Editor/Data/BCLExtensions/TargetingPacks/netstandard2.1/ref/Microsoft.Extensions.DependencyInjection.Abstractions.dll"
-r:"C:/Program Files/Unity/Hub/Editor/6000.5.2f1/Editor/Data/BCLExtensions/TargetingPacks/netstandard2.1/ref/Microsoft.Extensions.Logging.Abstractions.dll"
-r:"C:/Program Files/Unity/Hub/Editor/6000.5.2f1/Editor/Data/BCLExtensions/TargetingPacks/netstandard2.1/ref/System.Collections.Immutable.dll"
-r:"C:/Program Files/Unity/Hub/Editor/6000.5.2f1/Editor/Data/BCLExtensions/TargetingPacks/netstandard2.1/ref/System.Diagnostics.DiagnosticSource.dll"
-r:"C:/Program Files/Unity/Hub/Editor/6000.5.2f1/Editor/Data/BCLExtensions/TargetingPacks/netstandard2.1/ref/System.IO.Hashing.dll"
-r:"C:/Program Files/Unity/Hub/Editor/6000.5.2f1/Editor/Data/BCLExtensions/TargetingPacks/netstandard2.1/ref/System.Reflection.Metadata.dll"
-r:"C:/Program Files/Unity/Hub/Editor/6000.5.2f1/Editor/Data/BCLExtensions/TargetingPacks/netstandard2.1/ref/System.Runtime.CompilerServices.Unsafe.dll"
-r:"C:/Program Files/Unity/Hub/Editor/6000.5.2f1/Editor/Data/BCLExtensions/TargetingPacks/netstandard2.1/ref/System.Text.Encodings.Web.dll"
-r:"C:/Program Files/Unity/Hub/Editor/6000.5.2f1/Editor/Data/BCLExtensions/TargetingPacks/netstandard2.1/ref/System.Text.Json.dll"
-r:"C:/Program Files/Unity/Hub/Editor/6000.5.2f1/Editor/Data/Managed/UnityEngine/Unity.Scripting.dll"
-r:"C:/Program Files/Unity/Hub/Editor/6000.5.2f1/Editor/Data/Managed/UnityEngine/UnityEditor.AIModule.dll"
-r:"C:/Program Files/Unity/Hub/Editor/6000.5.2f1/Editor/Data/Managed/UnityEngine/UnityEditor.AccessibilityModule.dll"
-r:"C:/Program Files/Unity/Hub/Editor/6000.5.2f1/Editor/Data/Managed/UnityEngine/UnityEditor.AdaptivePerformanceModule.dll"
-r:"C:/Program Files/Unity/Hub/Editor/6000.5.2f1/Editor/Data/Managed/UnityEngine/UnityEditor.AssetComplianceModule.dll"
-r:"C:/Program Files/Unity/Hub/Editor/6000.5.2f1/Editor/Data/Managed/UnityEngine/UnityEditor.BuildProfileModule.dll"
-r:"C:/Program Files/Unity/Hub/Editor/6000.5.2f1/Editor/Data/Managed/UnityEngine/UnityEditor.ClothModule.dll"
-r:"C:/Program Files/Unity/Hub/Editor/6000.5.2f1/Editor/Data/Managed/UnityEngine/UnityEditor.ContentLoadModule.dll"
-r:"C:/Program Files/Unity/Hub/Editor/6000.5.2f1/Editor/Data/Managed/UnityEngine/UnityEditor.CoreBusinessMetricsModule.dll"
-r:"C:/Program Files/Unity/Hub/Editor/6000.5.2f1/Editor/Data/Managed/UnityEngine/UnityEditor.CoreModule.dll"
-r:"C:/Program Files/Unity/Hub/Editor/6000.5.2f1/Editor/Data/Managed/UnityEngine/UnityEditor.DeviceSimulatorModule.dll"
-r:"C:/Program Files/Unity/Hub/Editor/6000.5.2f1/Editor/Data/Managed/UnityEngine/UnityEditor.DiagnosticsModule.dll"
-r:"C:/Program Files/Unity/Hub/Editor/6000.5.2f1/Editor/Data/Managed/UnityEngine/UnityEditor.EditorToolbarModule.dll"
-r:"C:/Program Files/Unity/Hub/Editor/6000.5.2f1/Editor/Data/Managed/UnityEngine/UnityEditor.EmbreeModule.dll"
-r:"C:/Program Files/Unity/Hub/Editor/6000.5.2f1/Editor/Data/Managed/UnityEngine/UnityEditor.GIModule.dll"
-r:"C:/Program Files/Unity/Hub/Editor/6000.5.2f1/Editor/Data/Managed/UnityEngine/UnityEditor.GenericRemoteModule.dll"
-r:"C:/Program Files/Unity/Hub/Editor/6000.5.2f1/Editor/Data/Managed/UnityEngine/UnityEditor.GraphToolkitModule.dll"
-r:"C:/Program Files/Unity/Hub/Editor/6000.5.2f1/Editor/Data/Managed/UnityEngine/UnityEditor.GraphViewModule.dll"
-r:"C:/Program Files/Unity/Hub/Editor/6000.5.2f1/Editor/Data/Managed/UnityEngine/UnityEditor.GraphicsStateCollectionSerializerModule.dll"
-r:"C:/Program Files/Unity/Hub/Editor/6000.5.2f1/Editor/Data/Managed/UnityEngine/UnityEditor.GridAndSnapModule.dll"
-r:"C:/Program Files/Unity/Hub/Editor/6000.5.2f1/Editor/Data/Managed/UnityEngine/UnityEditor.GridModule.dll"
-r:"C:/Program Files/Unity/Hub/Editor/6000.5.2f1/Editor/Data/Managed/UnityEngine/UnityEditor.HierarchyModule.dll"
-r:"C:/Program Files/Unity/Hub/Editor/6000.5.2f1/Editor/Data/Managed/UnityEngine/UnityEditor.LightingModule.dll"
-r:"C:/Program Files/Unity/Hub/Editor/6000.5.2f1/Editor/Data/Managed/UnityEngine/UnityEditor.MathematicsModule.dll"
-r:"C:/Program Files/Unity/Hub/Editor/6000.5.2f1/Editor/Data/Managed/UnityEngine/UnityEditor.MediaModule.dll"
-r:"C:/Program Files/Unity/Hub/Editor/6000.5.2f1/Editor/Data/Managed/UnityEngine/UnityEditor.MultiplayerModule.dll"
-r:"C:/Program Files/Unity/Hub/Editor/6000.5.2f1/Editor/Data/Managed/UnityEngine/UnityEditor.Physics2DModule.dll"
-r:"C:/Program Files/Unity/Hub/Editor/6000.5.2f1/Editor/Data/Managed/UnityEngine/UnityEditor.PhysicsCore2DModule.dll"
-r:"C:/Program Files/Unity/Hub/Editor/6000.5.2f1/Editor/Data/Managed/UnityEngine/UnityEditor.PhysicsModule.dll"
-r:"C:/Program Files/Unity/Hub/Editor/6000.5.2f1/Editor/Data/Managed/UnityEngine/UnityEditor.PlayModeModule.dll"
-r:"C:/Program Files/Unity/Hub/Editor/6000.5.2f1/Editor/Data/Managed/UnityEngine/UnityEditor.PresetsUIModule.dll"
-r:"C:/Program Files/Unity/Hub/Editor/6000.5.2f1/Editor/Data/Managed/UnityEngine/UnityEditor.ProjectAuditorModule.dll"
-r:"C:/Program Files/Unity/Hub/Editor/6000.5.2f1/Editor/Data/Managed/UnityEngine/UnityEditor.PropertiesModule.dll"
-r:"C:/Program Files/Unity/Hub/Editor/6000.5.2f1/Editor/Data/Managed/UnityEngine/UnityEditor.QuickInstallModule.dll"
-r:"C:/Program Files/Unity/Hub/Editor/6000.5.2f1/Editor/Data/Managed/UnityEngine/UnityEditor.QuickSearchModule.dll"
-r:"C:/Program Files/Unity/Hub/Editor/6000.5.2f1/Editor/Data/Managed/UnityEngine/UnityEditor.SafeModeModule.dll"
-r:"C:/Program Files/Unity/Hub/Editor/6000.5.2f1/Editor/Data/Managed/UnityEngine/UnityEditor.SceneTemplateModule.dll"
-r:"C:/Program Files/Unity/Hub/Editor/6000.5.2f1/Editor/Data/Managed/UnityEngine/UnityEditor.SceneViewModule.dll"
-r:"C:/Program Files/Unity/Hub/Editor/6000.5.2f1/Editor/Data/Managed/UnityEngine/UnityEditor.ShaderBuildSettingsModule.dll"
-r:"C:/Program Files/Unity/Hub/Editor/6000.5.2f1/Editor/Data/Managed/UnityEngine/UnityEditor.ShaderCompilationModule.dll"
-r:"C:/Program Files/Unity/Hub/Editor/6000.5.2f1/Editor/Data/Managed/UnityEngine/UnityEditor.ShaderFoundryModule.dll"
-r:"C:/Program Files/Unity/Hub/Editor/6000.5.2f1/Editor/Data/Managed/UnityEngine/UnityEditor.SketchUpModule.dll"
-r:"C:/Program Files/Unity/Hub/Editor/6000.5.2f1/Editor/Data/Managed/UnityEngine/UnityEditor.SpriteMaskModule.dll"
-r:"C:/Program Files/Unity/Hub/Editor/6000.5.2f1/Editor/Data/Managed/UnityEngine/UnityEditor.SpriteShapeModule.dll"
-r:"C:/Program Files/Unity/Hub/Editor/6000.5.2f1/Editor/Data/Managed/UnityEngine/UnityEditor.SubstanceModule.dll"
-r:"C:/Program Files/Unity/Hub/Editor/6000.5.2f1/Editor/Data/Managed/UnityEngine/UnityEditor.TerrainModule.dll"
-r:"C:/Program Files/Unity/Hub/Editor/6000.5.2f1/Editor/Data/Managed/UnityEngine/UnityEditor.TextCoreFontEngineModule.dll"
-r:"C:/Program Files/Unity/Hub/Editor/6000.5.2f1/Editor/Data/Managed/UnityEngine/UnityEditor.TextCoreTextEngineModule.dll"
-r:"C:/Program Files/Unity/Hub/Editor/6000.5.2f1/Editor/Data/Managed/UnityEngine/UnityEditor.TextRenderingModule.dll"
-r:"C:/Program Files/Unity/Hub/Editor/6000.5.2f1/Editor/Data/Managed/UnityEngine/UnityEditor.TilemapModule.dll"
-r:"C:/Program Files/Unity/Hub/Editor/6000.5.2f1/Editor/Data/Managed/UnityEngine/UnityEditor.TreeModule.dll"
-r:"C:/Program Files/Unity/Hub/Editor/6000.5.2f1/Editor/Data/Managed/UnityEngine/UnityEditor.U2DModule.dll"
-r:"C:/Program Files/Unity/Hub/Editor/6000.5.2f1/Editor/Data/Managed/UnityEngine/UnityEditor.UIAutomationModule.dll"
-r:"C:/Program Files/Unity/Hub/Editor/6000.5.2f1/Editor/Data/Managed/UnityEngine/UnityEditor.UIBuilderModule.dll"
-r:"C:/Program Files/Unity/Hub/Editor/6000.5.2f1/Editor/Data/Managed/UnityEngine/UnityEditor.UIElementsModule.dll"
-r:"C:/Program Files/Unity/Hub/Editor/6000.5.2f1/Editor/Data/Managed/UnityEngine/UnityEditor.UIElementsSamplesModule.dll"
-r:"C:/Program Files/Unity/Hub/Editor/6000.5.2f1/Editor/Data/Managed/UnityEngine/UnityEditor.UIToolkitAuthoringModule.dll"
-r:"C:/Program Files/Unity/Hub/Editor/6000.5.2f1/Editor/Data/Managed/UnityEngine/UnityEditor.UmbraModule.dll"
-r:"C:/Program Files/Unity/Hub/Editor/6000.5.2f1/Editor/Data/Managed/UnityEngine/UnityEditor.UnityConnectModule.dll"
-r:"C:/Program Files/Unity/Hub/Editor/6000.5.2f1/Editor/Data/Managed/UnityEngine/UnityEditor.VFXModule.dll"
-r:"C:/Program Files/Unity/Hub/Editor/6000.5.2f1/Editor/Data/Managed/UnityEngine/UnityEditor.VectorGraphicsModule.dll"
-r:"C:/Program Files/Unity/Hub/Editor/6000.5.2f1/Editor/Data/Managed/UnityEngine/UnityEditor.VideoModule.dll"
-r:"C:/Program Files/Unity/Hub/Editor/6000.5.2f1/Editor/Data/Managed/UnityEngine/UnityEditor.XRModule.dll"
-r:"C:/Program Files/Unity/Hub/Editor/6000.5.2f1/Editor/Data/Managed/UnityEngine/UnityEditor.dll"
-r:"C:/Program Files/Unity/Hub/Editor/6000.5.2f1/Editor/Data/Managed/UnityEngine/UnityEngine.AIModule.dll"
-r:"C:/Program Files/Unity/Hub/Editor/6000.5.2f1/Editor/Data/Managed/UnityEngine/UnityEngine.ARModule.dll"
-r:"C:/Program Files/Unity/Hub/Editor/6000.5.2f1/Editor/Data/Managed/UnityEngine/UnityEngine.AccessibilityModule.dll"
-r:"C:/Program Files/Unity/Hub/Editor/6000.5.2f1/Editor/Data/Managed/UnityEngine/UnityEngine.AdaptivePerformanceModule.dll"
-r:"C:/Program Files/Unity/Hub/Editor/6000.5.2f1/Editor/Data/Managed/UnityEngine/UnityEngine.AndroidJNIModule.dll"
-r:"C:/Program Files/Unity/Hub/Editor/6000.5.2f1/Editor/Data/Managed/UnityEngine/UnityEngine.AnimationModule.dll"
-r:"C:/Program Files/Unity/Hub/Editor/6000.5.2f1/Editor/Data/Managed/UnityEngine/UnityEngine.AssetBundleModule.dll"
-r:"C:/Program Files/Unity/Hub/Editor/6000.5.2f1/Editor/Data/Managed/UnityEngine/UnityEngine.AudioModule.dll"
-r:"C:/Program Files/Unity/Hub/Editor/6000.5.2f1/Editor/Data/Managed/UnityEngine/UnityEngine.ClothModule.dll"
-r:"C:/Program Files/Unity/Hub/Editor/6000.5.2f1/Editor/Data/Managed/UnityEngine/UnityEngine.ClusterInputModule.dll"
-r:"C:/Program Files/Unity/Hub/Editor/6000.5.2f1/Editor/Data/Managed/UnityEngine/UnityEngine.ClusterRendererModule.dll"
-r:"C:/Program Files/Unity/Hub/Editor/6000.5.2f1/Editor/Data/Managed/UnityEngine/UnityEngine.ContentLoadModule.dll"
-r:"C:/Program Files/Unity/Hub/Editor/6000.5.2f1/Editor/Data/Managed/UnityEngine/UnityEngine.CoreModule.dll"
-r:"C:/Program Files/Unity/Hub/Editor/6000.5.2f1/Editor/Data/Managed/UnityEngine/UnityEngine.CrashReportingModule.dll"
-r:"C:/Program Files/Unity/Hub/Editor/6000.5.2f1/Editor/Data/Managed/UnityEngine/UnityEngine.DSPGraphModule.dll"
-r:"C:/Program Files/Unity/Hub/Editor/6000.5.2f1/Editor/Data/Managed/UnityEngine/UnityEngine.DirectorModule.dll"
-r:"C:/Program Files/Unity/Hub/Editor/6000.5.2f1/Editor/Data/Managed/UnityEngine/UnityEngine.GIModule.dll"
-r:"C:/Program Files/Unity/Hub/Editor/6000.5.2f1/Editor/Data/Managed/UnityEngine/UnityEngine.GameCenterModule.dll"
-r:"C:/Program Files/Unity/Hub/Editor/6000.5.2f1/Editor/Data/Managed/UnityEngine/UnityEngine.GraphicsStateCollectionSerializerModule.dll"
-r:"C:/Program Files/Unity/Hub/Editor/6000.5.2f1/Editor/Data/Managed/UnityEngine/UnityEngine.GridModule.dll"
-r:"C:/Program Files/Unity/Hub/Editor/6000.5.2f1/Editor/Data/Managed/UnityEngine/UnityEngine.HierarchyCoreModule.dll"
-r:"C:/Program Files/Unity/Hub/Editor/6000.5.2f1/Editor/Data/Managed/UnityEngine/UnityEngine.HotReloadModule.dll"
-r:"C:/Program Files/Unity/Hub/Editor/6000.5.2f1/Editor/Data/Managed/UnityEngine/UnityEngine.IMGUIModule.dll"
-r:"C:/Program Files/Unity/Hub/Editor/6000.5.2f1/Editor/Data/Managed/UnityEngine/UnityEngine.IdentifiersModule.dll"
-r:"C:/Program Files/Unity/Hub/Editor/6000.5.2f1/Editor/Data/Managed/UnityEngine/UnityEngine.ImageConversionModule.dll"
-r:"C:/Program Files/Unity/Hub/Editor/6000.5.2f1/Editor/Data/Managed/UnityEngine/UnityEngine.InputForUIModule.dll"
-r:"C:/Program Files/Unity/Hub/Editor/6000.5.2f1/Editor/Data/Managed/UnityEngine/UnityEngine.InputLegacyModule.dll"
-r:"C:/Program Files/Unity/Hub/Editor/6000.5.2f1/Editor/Data/Managed/UnityEngine/UnityEngine.InputModule.dll"
-r:"C:/Program Files/Unity/Hub/Editor/6000.5.2f1/Editor/Data/Managed/UnityEngine/UnityEngine.InsightsModule.dll"
-r:"C:/Program Files/Unity/Hub/Editor/6000.5.2f1/Editor/Data/Managed/UnityEngine/UnityEngine.JSONSerializeModule.dll"
-r:"C:/Program Files/Unity/Hub/Editor/6000.5.2f1/Editor/Data/Managed/UnityEngine/UnityEngine.LocalizationModule.dll"
-r:"C:/Program Files/Unity/Hub/Editor/6000.5.2f1/Editor/Data/Managed/UnityEngine/UnityEngine.MarshallingModule.dll"
-r:"C:/Program Files/Unity/Hub/Editor/6000.5.2f1/Editor/Data/Managed/UnityEngine/UnityEngine.MathematicsModule.dll"
-r:"C:/Program Files/Unity/Hub/Editor/6000.5.2f1/Editor/Data/Managed/UnityEngine/UnityEngine.MultiplayerModule.dll"
-r:"C:/Program Files/Unity/Hub/Editor/6000.5.2f1/Editor/Data/Managed/UnityEngine/UnityEngine.ParticleSystemModule.dll"
-r:"C:/Program Files/Unity/Hub/Editor/6000.5.2f1/Editor/Data/Managed/UnityEngine/UnityEngine.PerformanceReportingModule.dll"
-r:"C:/Program Files/Unity/Hub/Editor/6000.5.2f1/Editor/Data/Managed/UnityEngine/UnityEngine.Physics2DModule.dll"
-r:"C:/Program Files/Unity/Hub/Editor/6000.5.2f1/Editor/Data/Managed/UnityEngine/UnityEngine.PhysicsBackendPhysXModule.dll"
-r:"C:/Program Files/Unity/Hub/Editor/6000.5.2f1/Editor/Data/Managed/UnityEngine/UnityEngine.PhysicsCore2DModule.dll"
-r:"C:/Program Files/Unity/Hub/Editor/6000.5.2f1/Editor/Data/Managed/UnityEngine/UnityEngine.PhysicsModule.dll"
-r:"C:/Program Files/Unity/Hub/Editor/6000.5.2f1/Editor/Data/Managed/UnityEngine/UnityEngine.PropertiesModule.dll"
-r:"C:/Program Files/Unity/Hub/Editor/6000.5.2f1/Editor/Data/Managed/UnityEngine/UnityEngine.RenderAs2DModule.dll"
-r:"C:/Program Files/Unity/Hub/Editor/6000.5.2f1/Editor/Data/Managed/UnityEngine/UnityEngine.RuntimeInitializeOnLoadManagerInitializerModule.dll"
-r:"C:/Program Files/Unity/Hub/Editor/6000.5.2f1/Editor/Data/Managed/UnityEngine/UnityEngine.ScreenCaptureModule.dll"
-r:"C:/Program Files/Unity/Hub/Editor/6000.5.2f1/Editor/Data/Managed/UnityEngine/UnityEngine.ScriptingModule.dll"
-r:"C:/Program Files/Unity/Hub/Editor/6000.5.2f1/Editor/Data/Managed/UnityEngine/UnityEngine.ShaderVariantAnalyticsModule.dll"
-r:"C:/Program Files/Unity/Hub/Editor/6000.5.2f1/Editor/Data/Managed/UnityEngine/UnityEngine.SharedInternalsModule.dll"
-r:"C:/Program Files/Unity/Hub/Editor/6000.5.2f1/Editor/Data/Managed/UnityEngine/UnityEngine.SpriteMaskModule.dll"
-r:"C:/Program Files/Unity/Hub/Editor/6000.5.2f1/Editor/Data/Managed/UnityEngine/UnityEngine.SpriteShapeModule.dll"
-r:"C:/Program Files/Unity/Hub/Editor/6000.5.2f1/Editor/Data/Managed/UnityEngine/UnityEngine.StreamingModule.dll"
-r:"C:/Program Files/Unity/Hub/Editor/6000.5.2f1/Editor/Data/Managed/UnityEngine/UnityEngine.SubstanceModule.dll"
-r:"C:/Program Files/Unity/Hub/Editor/6000.5.2f1/Editor/Data/Managed/UnityEngine/UnityEngine.SubsystemsModule.dll"
-r:"C:/Program Files/Unity/Hub/Editor/6000.5.2f1/Editor/Data/Managed/UnityEngine/UnityEngine.TLSModule.dll"
-r:"C:/Program Files/Unity/Hub/Editor/6000.5.2f1/Editor/Data/Managed/UnityEngine/UnityEngine.TerrainModule.dll"
-r:"C:/Program Files/Unity/Hub/Editor/6000.5.2f1/Editor/Data/Managed/UnityEngine/UnityEngine.TerrainPhysicsModule.dll"
-r:"C:/Program Files/Unity/Hub/Editor/6000.5.2f1/Editor/Data/Managed/UnityEngine/UnityEngine.TextCoreFontEngineModule.dll"
-r:"C:/Program Files/Unity/Hub/Editor/6000.5.2f1/Editor/Data/Managed/UnityEngine/UnityEngine.TextCoreTextEngineModule.dll"
-r:"C:/Program Files/Unity/Hub/Editor/6000.5.2f1/Editor/Data/Managed/UnityEngine/UnityEngine.TextRenderingModule.dll"
-r:"C:/Program Files/Unity/Hub/Editor/6000.5.2f1/Editor/Data/Managed/UnityEngine/UnityEngine.TilemapModule.dll"
-r:"C:/Program Files/Unity/Hub/Editor/6000.5.2f1/Editor/Data/Managed/UnityEngine/UnityEngine.U2DRuntimeModule.dll"
-r:"C:/Program Files/Unity/Hub/Editor/6000.5.2f1/Editor/Data/Managed/UnityEngine/UnityEngine.UIElementsModule.dll"
-r:"C:/Program Files/Unity/Hub/Editor/6000.5.2f1/Editor/Data/Managed/UnityEngine/UnityEngine.UIModule.dll"
-r:"C:/Program Files/Unity/Hub/Editor/6000.5.2f1/Editor/Data/Managed/UnityEngine/UnityEngine.UmbraModule.dll"
-r:"C:/Program Files/Unity/Hub/Editor/6000.5.2f1/Editor/Data/Managed/UnityEngine/UnityEngine.UnityAnalyticsCommonModule.dll"
-r:"C:/Program Files/Unity/Hub/Editor/6000.5.2f1/Editor/Data/Managed/UnityEngine/UnityEngine.UnityAnalyticsModule.dll"
-r:"C:/Program Files/Unity/Hub/Editor/6000.5.2f1/Editor/Data/Managed/UnityEngine/UnityEngine.UnityConnectModule.dll"
-r:"C:/Program Files/Unity/Hub/Editor/6000.5.2f1/Editor/Data/Managed/UnityEngine/UnityEngine.UnityConsentModule.dll"
-r:"C:/Program Files/Unity/Hub/Editor/6000.5.2f1/Editor/Data/Managed/UnityEngine/UnityEngine.UnityCurlModule.dll"
-r:"C:/Program Files/Unity/Hub/Editor/6000.5.2f1/Editor/Data/Managed/UnityEngine/UnityEngine.UnityWebRequestAssetBundleModule.dll"
-r:"C:/Program Files/Unity/Hub/Editor/6000.5.2f1/Editor/Data/Managed/UnityEngine/UnityEngine.UnityWebRequestAudioModule.dll"
-r:"C:/Program Files/Unity/Hub/Editor/6000.5.2f1/Editor/Data/Managed/UnityEngine/UnityEngine.UnityWebRequestModule.dll"
-r:"C:/Program Files/Unity/Hub/Editor/6000.5.2f1/Editor/Data/Managed/UnityEngine/UnityEngine.UnityWebRequestTextureModule.dll"
-r:"C:/Program Files/Unity/Hub/Editor/6000.5.2f1/Editor/Data/Managed/UnityEngine/UnityEngine.UnityWebRequestWWWModule.dll"
-r:"C:/Program Files/Unity/Hub/Editor/6000.5.2f1/Editor/Data/Managed/UnityEngine/UnityEngine.VFXModule.dll"
-r:"C:/Program Files/Unity/Hub/Editor/6000.5.2f1/Editor/Data/Managed/UnityEngine/UnityEngine.VectorGraphicsModule.dll"
-r:"C:/Program Files/Unity/Hub/Editor/6000.5.2f1/Editor/Data/Managed/UnityEngine/UnityEngine.VehiclesModule.dll"
-r:"C:/Program Files/Unity/Hub/Editor/6000.5.2f1/Editor/Data/Managed/UnityEngine/UnityEngine.VideoModule.dll"
-r:"C:/Program Files/Unity/Hub/Editor/6000.5.2f1/Editor/Data/Managed/UnityEngine/UnityEngine.VirtualTexturingModule.dll"
-r:"C:/Program Files/Unity/Hub/Editor/6000.5.2f1/Editor/Data/Managed/UnityEngine/UnityEngine.WindModule.dll"
-r:"C:/Program Files/Unity/Hub/Editor/6000.5.2f1/Editor/Data/Managed/UnityEngine/UnityEngine.XRModule.dll"
-r:"C:/Program Files/Unity/Hub/Editor/6000.5.2f1/Editor/Data/Managed/UnityEngine/UnityEngine.dll"
-r:"C:/Program Files/Unity/Hub/Editor/6000.5.2f1/Editor/Data/NetStandard/Extensions/2.0.0/System.Runtime.InteropServices.WindowsRuntime.dll"
-r:"C:/Program Files/Unity/Hub/Editor/6000.5.2f1/Editor/Data/NetStandard/compat/2.1.0/shims/netfx/System.ComponentModel.Composition.dll"
-r:"C:/Program Files/Unity/Hub/Editor/6000.5.2f1/Editor/Data/NetStandard/compat/2.1.0/shims/netfx/System.Core.dll"
-r:"C:/Program Files/Unity/Hub/Editor/6000.5.2f1/Editor/Data/NetStandard/compat/2.1.0/shims/netfx/System.Data.dll"
-r:"C:/Program Files/Unity/Hub/Editor/6000.5.2f1/Editor/Data/NetStandard/compat/2.1.0/shims/netfx/System.Drawing.dll"
-r:"C:/Program Files/Unity/Hub/Editor/6000.5.2f1/Editor/Data/NetStandard/compat/2.1.0/shims/netfx/System.IO.Compression.FileSystem.dll"
-r:"C:/Program Files/Unity/Hub/Editor/6000.5.2f1/Editor/Data/NetStandard/compat/2.1.0/shims/netfx/System.Net.dll"
-r:"C:/Program Files/Unity/Hub/Editor/6000.5.2f1/Editor/Data/NetStandard/compat/2.1.0/shims/netfx/System.Numerics.dll"
-r:"C:/Program Files/Unity/Hub/Editor/6000.5.2f1/Editor/Data/NetStandard/compat/2.1.0/shims/netfx/System.Runtime.Serialization.dll"
-r:"C:/Program Files/Unity/Hub/Editor/6000.5.2f1/Editor/Data/NetStandard/compat/2.1.0/shims/netfx/System.ServiceModel.Web.dll"
-r:"C:/Program Files/Unity/Hub/Editor/6000.5.2f1/Editor/Data/NetStandard/compat/2.1.0/shims/netfx/System.Transactions.dll"
-r:"C:/Program Files/Unity/Hub/Editor/6000.5.2f1/Editor/Data/NetStandard/compat/2.1.0/shims/netfx/System.Web.dll"
-r:"C:/Program Files/Unity/Hub/Editor/6000.5.2f1/Editor/Data/NetStandard/compat/2.1.0/shims/netfx/System.Windows.dll"
-r:"C:/Program Files/Unity/Hub/Editor/6000.5.2f1/Editor/Data/NetStandard/compat/2.1.0/shims/netfx/System.Xml.Linq.dll"
-r:"C:/Program Files/Unity/Hub/Editor/6000.5.2f1/Editor/Data/NetStandard/compat/2.1.0/shims/netfx/System.Xml.Serialization.dll"
-r:"C:/Program Files/Unity/Hub/Editor/6000.5.2f1/Editor/Data/NetStandard/compat/2.1.0/shims/netfx/System.Xml.dll"
-r:"C:/Program Files/Unity/Hub/Editor/6000.5.2f1/Editor/Data/NetStandard/compat/2.1.0/shims/netfx/System.dll"
-r:"C:/Program Files/Unity/Hub/Editor/6000.5.2f1/Editor/Data/NetStandard/compat/2.1.0/shims/netfx/mscorlib.dll"
-r:"C:/Program Files/Unity/Hub/Editor/6000.5.2f1/Editor/Data/NetStandard/compat/2.1.0/shims/netstandard/Microsoft.Win32.Primitives.dll"
-r:"C:/Program Files/Unity/Hub/Editor/6000.5.2f1/Editor/Data/NetStandard/compat/2.1.0/shims/netstandard/System.AppContext.dll"
-r:"C:/Program Files/Unity/Hub/Editor/6000.5.2f1/Editor/Data/NetStandard/compat/2.1.0/shims/netstandard/System.Buffers.dll"
-r:"C:/Program Files/Unity/Hub/Editor/6000.5.2f1/Editor/Data/NetStandard/compat/2.1.0/shims/netstandard/System.Collections.Concurrent.dll"
-r:"C:/Program Files/Unity/Hub/Editor/6000.5.2f1/Editor/Data/NetStandard/compat/2.1.0/shims/netstandard/System.Collections.NonGeneric.dll"
-r:"C:/Program Files/Unity/Hub/Editor/6000.5.2f1/Editor/Data/NetStandard/compat/2.1.0/shims/netstandard/System.Collections.Specialized.dll"
-r:"C:/Program Files/Unity/Hub/Editor/6000.5.2f1/Editor/Data/NetStandard/compat/2.1.0/shims/netstandard/System.Collections.dll"
-r:"C:/Program Files/Unity/Hub/Editor/6000.5.2f1/Editor/Data/NetStandard/compat/2.1.0/shims/netstandard/System.ComponentModel.EventBasedAsync.dll"
-r:"C:/Program Files/Unity/Hub/Editor/6000.5.2f1/Editor/Data/NetStandard/compat/2.1.0/shims/netstandard/System.ComponentModel.Primitives.dll"
-r:"C:/Program Files/Unity/Hub/Editor/6000.5.2f1/Editor/Data/NetStandard/compat/2.1.0/shims/netstandard/System.ComponentModel.TypeConverter.dll"
-r:"C:/Program Files/Unity/Hub/Editor/6000.5.2f1/Editor/Data/NetStandard/compat/2.1.0/shims/netstandard/System.ComponentModel.dll"
-r:"C:/Program Files/Unity/Hub/Editor/6000.5.2f1/Editor/Data/NetStandard/compat/2.1.0/shims/netstandard/System.Console.dll"
-r:"C:/Program Files/Unity/Hub/Editor/6000.5.2f1/Editor/Data/NetStandard/compat/2.1.0/shims/netstandard/System.Data.Common.dll"
-r:"C:/Program Files/Unity/Hub/Editor/6000.5.2f1/Editor/Data/NetStandard/compat/2.1.0/shims/netstandard/System.Diagnostics.Contracts.dll"
-r:"C:/Program Files/Unity/Hub/Editor/6000.5.2f1/Editor/Data/NetStandard/compat/2.1.0/shims/netstandard/System.Diagnostics.Debug.dll"
-r:"C:/Program Files/Unity/Hub/Editor/6000.5.2f1/Editor/Data/NetStandard/compat/2.1.0/shims/netstandard/System.Diagnostics.FileVersionInfo.dll"
-r:"C:/Program Files/Unity/Hub/Editor/6000.5.2f1/Editor/Data/NetStandard/compat/2.1.0/shims/netstandard/System.Diagnostics.Process.dll"
-r:"C:/Program Files/Unity/Hub/Editor/6000.5.2f1/Editor/Data/NetStandard/compat/2.1.0/shims/netstandard/System.Diagnostics.StackTrace.dll"
-r:"C:/Program Files/Unity/Hub/Editor/6000.5.2f1/Editor/Data/NetStandard/compat/2.1.0/shims/netstandard/System.Diagnostics.TextWriterTraceListener.dll"
-r:"C:/Program Files/Unity/Hub/Editor/6000.5.2f1/Editor/Data/NetStandard/compat/2.1.0/shims/netstandard/System.Diagnostics.Tools.dll"
-r:"C:/Program Files/Unity/Hub/Editor/6000.5.2f1/Editor/Data/NetStandard/compat/2.1.0/shims/netstandard/System.Diagnostics.TraceSource.dll"
-r:"C:/Program Files/Unity/Hub/Editor/6000.5.2f1/Editor/Data/NetStandard/compat/2.1.0/shims/netstandard/System.Diagnostics.Tracing.dll"
-r:"C:/Program Files/Unity/Hub/Editor/6000.5.2f1/Editor/Data/NetStandard/compat/2.1.0/shims/netstandard/System.Drawing.Primitives.dll"
-r:"C:/Program Files/Unity/Hub/Editor/6000.5.2f1/Editor/Data/NetStandard/compat/2.1.0/shims/netstandard/System.Dynamic.Runtime.dll"
-r:"C:/Program Files/Unity/Hub/Editor/6000.5.2f1/Editor/Data/NetStandard/compat/2.1.0/shims/netstandard/System.Globalization.Calendars.dll"
-r:"C:/Program Files/Unity/Hub/Editor/6000.5.2f1/Editor/Data/NetStandard/compat/2.1.0/shims/netstandard/System.Globalization.Extensions.dll"
-r:"C:/Program Files/Unity/Hub/Editor/6000.5.2f1/Editor/Data/NetStandard/compat/2.1.0/shims/netstandard/System.Globalization.dll"
-r:"C:/Program Files/Unity/Hub/Editor/6000.5.2f1/Editor/Data/NetStandard/compat/2.1.0/shims/netstandard/System.IO.Compression.ZipFile.dll"
-r:"C:/Program Files/Unity/Hub/Editor/6000.5.2f1/Editor/Data/NetStandard/compat/2.1.0/shims/netstandard/System.IO.Compression.dll"
-r:"C:/Program Files/Unity/Hub/Editor/6000.5.2f1/Editor/Data/NetStandard/compat/2.1.0/shims/netstandard/System.IO.FileSystem.DriveInfo.dll"
-r:"C:/Program Files/Unity/Hub/Editor/6000.5.2f1/Editor/Data/NetStandard/compat/2.1.0/shims/netstandard/System.IO.FileSystem.Primitives.dll"
-r:"C:/Program Files/Unity/Hub/Editor/6000.5.2f1/Editor/Data/NetStandard/compat/2.1.0/shims/netstandard/System.IO.FileSystem.Watcher.dll"
-r:"C:/Program Files/Unity/Hub/Editor/6000.5.2f1/Editor/Data/NetStandard/compat/2.1.0/shims/netstandard/System.IO.FileSystem.dll"
-r:"C:/Program Files/Unity/Hub/Editor/6000.5.2f1/Editor/Data/NetStandard/compat/2.1.0/shims/netstandard/System.IO.IsolatedStorage.dll"
-r:"C:/Program Files/Unity/Hub/Editor/6000.5.2f1/Editor/Data/NetStandard/compat/2.1.0/shims/netstandard/System.IO.MemoryMappedFiles.dll"
-r:"C:/Program Files/Unity/Hub/Editor/6000.5.2f1/Editor/Data/NetStandard/compat/2.1.0/shims/netstandard/System.IO.Pipes.dll"
-r:"C:/Program Files/Unity/Hub/Editor/6000.5.2f1/Editor/Data/NetStandard/compat/2.1.0/shims/netstandard/System.IO.UnmanagedMemoryStream.dll"
-r:"C:/Program Files/Unity/Hub/Editor/6000.5.2f1/Editor/Data/NetStandard/compat/2.1.0/shims/netstandard/System.IO.dll"
-r:"C:/Program Files/Unity/Hub/Editor/6000.5.2f1/Editor/Data/NetStandard/compat/2.1.0/shims/netstandard/System.Linq.Expressions.dll"
-r:"C:/Program Files/Unity/Hub/Editor/6000.5.2f1/Editor/Data/NetStandard/compat/2.1.0/shims/netstandard/System.Linq.Parallel.dll"
-r:"C:/Program Files/Unity/Hub/Editor/6000.5.2f1/Editor/Data/NetStandard/compat/2.1.0/shims/netstandard/System.Linq.Queryable.dll"
-r:"C:/Program Files/Unity/Hub/Editor/6000.5.2f1/Editor/Data/NetStandard/compat/2.1.0/shims/netstandard/System.Linq.dll"
-r:"C:/Program Files/Unity/Hub/Editor/6000.5.2f1/Editor/Data/NetStandard/compat/2.1.0/shims/netstandard/System.Memory.dll"
-r:"C:/Program Files/Unity/Hub/Editor/6000.5.2f1/Editor/Data/NetStandard/compat/2.1.0/shims/netstandard/System.Net.Http.dll"
-r:"C:/Program Files/Unity/Hub/Editor/6000.5.2f1/Editor/Data/NetStandard/compat/2.1.0/shims/netstandard/System.Net.NameResolution.dll"
-r:"C:/Program Files/Unity/Hub/Editor/6000.5.2f1/Editor/Data/NetStandard/compat/2.1.0/shims/netstandard/System.Net.NetworkInformation.dll"
-r:"C:/Program Files/Unity/Hub/Editor/6000.5.2f1/Editor/Data/NetStandard/compat/2.1.0/shims/netstandard/System.Net.Ping.dll"
-r:"C:/Program Files/Unity/Hub/Editor/6000.5.2f1/Editor/Data/NetStandard/compat/2.1.0/shims/netstandard/System.Net.Primitives.dll"
-r:"C:/Program Files/Unity/Hub/Editor/6000.5.2f1/Editor/Data/NetStandard/compat/2.1.0/shims/netstandard/System.Net.Requests.dll"
-r:"C:/Program Files/Unity/Hub/Editor/6000.5.2f1/Editor/Data/NetStandard/compat/2.1.0/shims/netstandard/System.Net.Security.dll"
-r:"C:/Program Files/Unity/Hub/Editor/6000.5.2f1/Editor/Data/NetStandard/compat/2.1.0/shims/netstandard/System.Net.Sockets.dll"
-r:"C:/Program Files/Unity/Hub/Editor/6000.5.2f1/Editor/Data/NetStandard/compat/2.1.0/shims/netstandard/System.Net.WebHeaderCollection.dll"
-r:"C:/Program Files/Unity/Hub/Editor/6000.5.2f1/Editor/Data/NetStandard/compat/2.1.0/shims/netstandard/System.Net.WebSockets.Client.dll"
-r:"C:/Program Files/Unity/Hub/Editor/6000.5.2f1/Editor/Data/NetStandard/compat/2.1.0/shims/netstandard/System.Net.WebSockets.dll"
-r:"C:/Program Files/Unity/Hub/Editor/6000.5.2f1/Editor/Data/NetStandard/compat/2.1.0/shims/netstandard/System.Numerics.Vectors.dll"
-r:"C:/Program Files/Unity/Hub/Editor/6000.5.2f1/Editor/Data/NetStandard/compat/2.1.0/shims/netstandard/System.ObjectModel.dll"
-r:"C:/Program Files/Unity/Hub/Editor/6000.5.2f1/Editor/Data/NetStandard/compat/2.1.0/shims/netstandard/System.Reflection.DispatchProxy.dll"
-r:"C:/Program Files/Unity/Hub/Editor/6000.5.2f1/Editor/Data/NetStandard/compat/2.1.0/shims/netstandard/System.Reflection.Emit.ILGeneration.dll"
-r:"C:/Program Files/Unity/Hub/Editor/6000.5.2f1/Editor/Data/NetStandard/compat/2.1.0/shims/netstandard/System.Reflection.Emit.Lightweight.dll"
-r:"C:/Program Files/Unity/Hub/Editor/6000.5.2f1/Editor/Data/NetStandard/compat/2.1.0/shims/netstandard/System.Reflection.Emit.dll"
-r:"C:/Program Files/Unity/Hub/Editor/6000.5.2f1/Editor/Data/NetStandard/compat/2.1.0/shims/netstandard/System.Reflection.Extensions.dll"
-r:"C:/Program Files/Unity/Hub/Editor/6000.5.2f1/Editor/Data/NetStandard/compat/2.1.0/shims/netstandard/System.Reflection.Primitives.dll"
-r:"C:/Program Files/Unity/Hub/Editor/6000.5.2f1/Editor/Data/NetStandard/compat/2.1.0/shims/netstandard/System.Reflection.dll"
-r:"C:/Program Files/Unity/Hub/Editor/6000.5.2f1/Editor/Data/NetStandard/compat/2.1.0/shims/netstandard/System.Resources.Reader.dll"
-r:"C:/Program Files/Unity/Hub/Editor/6000.5.2f1/Editor/Data/NetStandard/compat/2.1.0/shims/netstandard/System.Resources.ResourceManager.dll"
-r:"C:/Program Files/Unity/Hub/Editor/6000.5.2f1/Editor/Data/NetStandard/compat/2.1.0/shims/netstandard/System.Resources.Writer.dll"
-r:"C:/Program Files/Unity/Hub/Editor/6000.5.2f1/Editor/Data/NetStandard/compat/2.1.0/shims/netstandard/System.Runtime.CompilerServices.VisualC.dll"
-r:"C:/Program Files/Unity/Hub/Editor/6000.5.2f1/Editor/Data/NetStandard/compat/2.1.0/shims/netstandard/System.Runtime.Extensions.dll"
-r:"C:/Program Files/Unity/Hub/Editor/6000.5.2f1/Editor/Data/NetStandard/compat/2.1.0/shims/netstandard/System.Runtime.Handles.dll"
-r:"C:/Program Files/Unity/Hub/Editor/6000.5.2f1/Editor/Data/NetStandard/compat/2.1.0/shims/netstandard/System.Runtime.InteropServices.RuntimeInformation.dll"
-r:"C:/Program Files/Unity/Hub/Editor/6000.5.2f1/Editor/Data/NetStandard/compat/2.1.0/shims/netstandard/System.Runtime.InteropServices.dll"
-r:"C:/Program Files/Unity/Hub/Editor/6000.5.2f1/Editor/Data/NetStandard/compat/2.1.0/shims/netstandard/System.Runtime.Numerics.dll"
-r:"C:/Program Files/Unity/Hub/Editor/6000.5.2f1/Editor/Data/NetStandard/compat/2.1.0/shims/netstandard/System.Runtime.Serialization.Formatters.dll"
-r:"C:/Program Files/Unity/Hub/Editor/6000.5.2f1/Editor/Data/NetStandard/compat/2.1.0/shims/netstandard/System.Runtime.Serialization.Json.dll"
-r:"C:/Program Files/Unity/Hub/Editor/6000.5.2f1/Editor/Data/NetStandard/compat/2.1.0/shims/netstandard/System.Runtime.Serialization.Primitives.dll"
-r:"C:/Program Files/Unity/Hub/Editor/6000.5.2f1/Editor/Data/NetStandard/compat/2.1.0/shims/netstandard/System.Runtime.Serialization.Xml.dll"
-r:"C:/Program Files/Unity/Hub/Editor/6000.5.2f1/Editor/Data/NetStandard/compat/2.1.0/shims/netstandard/System.Runtime.dll"
-r:"C:/Program Files/Unity/Hub/Editor/6000.5.2f1/Editor/Data/NetStandard/compat/2.1.0/shims/netstandard/System.Security.Claims.dll"
-r:"C:/Program Files/Unity/Hub/Editor/6000.5.2f1/Editor/Data/NetStandard/compat/2.1.0/shims/netstandard/System.Security.Cryptography.Algorithms.dll"
-r:"C:/Program Files/Unity/Hub/Editor/6000.5.2f1/Editor/Data/NetStandard/compat/2.1.0/shims/netstandard/System.Security.Cryptography.Csp.dll"
-r:"C:/Program Files/Unity/Hub/Editor/6000.5.2f1/Editor/Data/NetStandard/compat/2.1.0/shims/netstandard/System.Security.Cryptography.Encoding.dll"
-r:"C:/Program Files/Unity/Hub/Editor/6000.5.2f1/Editor/Data/NetStandard/compat/2.1.0/shims/netstandard/System.Security.Cryptography.Primitives.dll"
-r:"C:/Program Files/Unity/Hub/Editor/6000.5.2f1/Editor/Data/NetStandard/compat/2.1.0/shims/netstandard/System.Security.Cryptography.X509Certificates.dll"
-r:"C:/Program Files/Unity/Hub/Editor/6000.5.2f1/Editor/Data/NetStandard/compat/2.1.0/shims/netstandard/System.Security.Principal.dll"
-r:"C:/Program Files/Unity/Hub/Editor/6000.5.2f1/Editor/Data/NetStandard/compat/2.1.0/shims/netstandard/System.Security.SecureString.dll"
-r:"C:/Program Files/Unity/Hub/Editor/6000.5.2f1/Editor/Data/NetStandard/compat/2.1.0/shims/netstandard/System.Text.Encoding.Extensions.dll"
-r:"C:/Program Files/Unity/Hub/Editor/6000.5.2f1/Editor/Data/NetStandard/compat/2.1.0/shims/netstandard/System.Text.Encoding.dll"
-r:"C:/Program Files/Unity/Hub/Editor/6000.5.2f1/Editor/Data/NetStandard/compat/2.1.0/shims/netstandard/System.Text.RegularExpressions.dll"
-r:"C:/Program Files/Unity/Hub/Editor/6000.5.2f1/Editor/Data/NetStandard/compat/2.1.0/shims/netstandard/System.Threading.Overlapped.dll"
-r:"C:/Program Files/Unity/Hub/Editor/6000.5.2f1/Editor/Data/NetStandard/compat/2.1.0/shims/netstandard/System.Threading.Tasks.Extensions.dll"
-r:"C:/Program Files/Unity/Hub/Editor/6000.5.2f1/Editor/Data/NetStandard/compat/2.1.0/shims/netstandard/System.Threading.Tasks.Parallel.dll"
-r:"C:/Program Files/Unity/Hub/Editor/6000.5.2f1/Editor/Data/NetStandard/compat/2.1.0/shims/netstandard/System.Threading.Tasks.dll"
-r:"C:/Program Files/Unity/Hub/Editor/6000.5.2f1/Editor/Data/NetStandard/compat/2.1.0/shims/netstandard/System.Threading.Thread.dll"
-r:"C:/Program Files/Unity/Hub/Editor/6000.5.2f1/Editor/Data/NetStandard/compat/2.1.0/shims/netstandard/System.Threading.ThreadPool.dll"
-r:"C:/Program Files/Unity/Hub/Editor/6000.5.2f1/Editor/Data/NetStandard/compat/2.1.0/shims/netstandard/System.Threading.Timer.dll"
-r:"C:/Program Files/Unity/Hub/Editor/6000.5.2f1/Editor/Data/NetStandard/compat/2.1.0/shims/netstandard/System.Threading.dll"
-r:"C:/Program Files/Unity/Hub/Editor/6000.5.2f1/Editor/Data/NetStandard/compat/2.1.0/shims/netstandard/System.ValueTuple.dll"
-r:"C:/Program Files/Unity/Hub/Editor/6000.5.2f1/Editor/Data/NetStandard/compat/2.1.0/shims/netstandard/System.Xml.ReaderWriter.dll"
-r:"C:/Program Files/Unity/Hub/Editor/6000.5.2f1/Editor/Data/NetStandard/compat/2.1.0/shims/netstandard/System.Xml.XDocument.dll"
-r:"C:/Program Files/Unity/Hub/Editor/6000.5.2f1/Editor/Data/NetStandard/compat/2.1.0/shims/netstandard/System.Xml.XPath.XDocument.dll"
-r:"C:/Program Files/Unity/Hub/Editor/6000.5.2f1/Editor/Data/NetStandard/compat/2.1.0/shims/netstandard/System.Xml.XPath.dll"
-r:"C:/Program Files/Unity/Hub/Editor/6000.5.2f1/Editor/Data/NetStandard/compat/2.1.0/shims/netstandard/System.Xml.XmlDocument.dll"
-r:"C:/Program Files/Unity/Hub/Editor/6000.5.2f1/Editor/Data/NetStandard/compat/2.1.0/shims/netstandard/System.Xml.XmlSerializer.dll"
-r:"C:/Program Files/Unity/Hub/Editor/6000.5.2f1/Editor/Data/NetStandard/ref/2.1.0/netstandard.dll"
-r:"Library/PackageCache/com.unity.collections@a43cabe808ca/Unity.Collections.LowLevel.ILSupport/Unity.Collections.LowLevel.ILSupport.dll"
-r:"Library/PackageCache/com.unity.ext.nunit@44f7d31723bd/net472/unity-custom/nunit.framework.dll"
-r:"Library/PackageCache/com.unity.nuget.mono-cecil@ecb9724e46ff/Mono.Cecil.dll"
-r:"Library/PackageCache/com.unity.visualscripting@8bed5ad90189/Runtime/VisualScripting.Flow/Dependencies/NCalc/Unity.VisualScripting.Antlr3.Runtime.dll"
-r:"Library/Bee/artifacts/1900b0aE.dag/PsdPlugin.ref.dll"
-r:"Library/Bee/artifacts/1900b0aE.dag/Unity.2D.Animation.Editor.ref.dll"
-r:"Library/Bee/artifacts/1900b0aE.dag/Unity.2D.Animation.Runtime.ref.dll"
-r:"Library/Bee/artifacts/1900b0aE.dag/Unity.2D.Aseprite.Common.ref.dll"
-r:"Library/Bee/artifacts/1900b0aE.dag/Unity.2D.Aseprite.Editor.ref.dll"
-r:"Library/Bee/artifacts/1900b0aE.dag/Unity.2D.Common.Editor.ref.dll"
-r:"Library/Bee/artifacts/1900b0aE.dag/Unity.2D.Common.Path.Editor.ref.dll"
-r:"Library/Bee/artifacts/1900b0aE.dag/Unity.2D.Common.Runtime.ref.dll"
-r:"Library/Bee/artifacts/1900b0aE.dag/Unity.2D.IK.Editor.ref.dll"
-r:"Library/Bee/artifacts/1900b0aE.dag/Unity.2D.IK.Runtime.ref.dll"
-r:"Library/Bee/artifacts/1900b0aE.dag/Unity.2D.Psdimporter.Editor.ref.dll"
-r:"Library/Bee/artifacts/1900b0aE.dag/Unity.2D.Sprite.Editor.ref.dll"
-r:"Library/Bee/artifacts/1900b0aE.dag/Unity.2D.SpriteShape.Editor.ref.dll"
-r:"Library/Bee/artifacts/1900b0aE.dag/Unity.2D.SpriteShape.Runtime.ref.dll"
-r:"Library/Bee/artifacts/1900b0aE.dag/Unity.2D.Tilemap.Editor.ref.dll"
-r:"Library/Bee/artifacts/1900b0aE.dag/Unity.2D.Tilemap.Extras.Editor.ref.dll"
-r:"Library/Bee/artifacts/1900b0aE.dag/Unity.2D.Tilemap.Extras.ref.dll"
-r:"Library/Bee/artifacts/1900b0aE.dag/Unity.2D.Tooling.Editor.ref.dll"
-r:"Library/Bee/artifacts/1900b0aE.dag/Unity.Burst.Editor.ref.dll"
-r:"Library/Bee/artifacts/1900b0aE.dag/Unity.Burst.ref.dll"
-r:"Library/Bee/artifacts/1900b0aE.dag/Unity.Collections.Editor.ref.dll"
-r:"Library/Bee/artifacts/1900b0aE.dag/Unity.Collections.ref.dll"
-r:"Library/Bee/artifacts/1900b0aE.dag/Unity.InputSystem.ForUI.ref.dll"
-r:"Library/Bee/artifacts/1900b0aE.dag/Unity.InputSystem.ref.dll"
-r:"Library/Bee/artifacts/1900b0aE.dag/Unity.InternalAPIEditorBridge.001.ref.dll"
-r:"Library/Bee/artifacts/1900b0aE.dag/Unity.InternalAPIEditorBridge.ShaderGraph.Editor.ref.dll"
-r:"Library/Bee/artifacts/1900b0aE.dag/Unity.InternalAPIEngineBridge.001.ref.dll"
-r:"Library/Bee/artifacts/1900b0aE.dag/Unity.InternalAPIEngineBridge.004.ref.dll"
-r:"Library/Bee/artifacts/1900b0aE.dag/Unity.InternalAPIEngineBridge.RenderPipelines.Core.Editor.ref.dll"
-r:"Library/Bee/artifacts/1900b0aE.dag/Unity.InternalAPIEngineBridge.RenderPipelines.Core.Runtime.Shared.ref.dll"
-r:"Library/Bee/artifacts/1900b0aE.dag/Unity.Mathematics.ref.dll"
-r:"Library/Bee/artifacts/1900b0aE.dag/Unity.Multiplayer.Center.Common.ref.dll"
-r:"Library/Bee/artifacts/1900b0aE.dag/Unity.Multiplayer.Center.Editor.ref.dll"
-r:"Library/Bee/artifacts/1900b0aE.dag/Unity.PathTracing.Editor.ref.dll"
-r:"Library/Bee/artifacts/1900b0aE.dag/Unity.PathTracing.Runtime.ref.dll"
-r:"Library/Bee/artifacts/1900b0aE.dag/Unity.PlasticSCM.Editor.ref.dll"
-r:"Library/Bee/artifacts/1900b0aE.dag/Unity.Rendering.LightTransport.Editor.ref.dll"
-r:"Library/Bee/artifacts/1900b0aE.dag/Unity.RenderPipeline.Universal.ShaderLibrary.ref.dll"
-r:"Library/Bee/artifacts/1900b0aE.dag/Unity.RenderPipelines.Core.Editor.ref.dll"
-r:"Library/Bee/artifacts/1900b0aE.dag/Unity.RenderPipelines.Core.Editor.Shared.ref.dll"
-r:"Library/Bee/artifacts/1900b0aE.dag/Unity.RenderPipelines.Core.Runtime.ref.dll"
-r:"Library/Bee/artifacts/1900b0aE.dag/Unity.RenderPipelines.Core.Runtime.Shared.ref.dll"
-r:"Library/Bee/artifacts/1900b0aE.dag/Unity.RenderPipelines.Core.ShaderLibrary.ref.dll"
-r:"Library/Bee/artifacts/1900b0aE.dag/Unity.RenderPipelines.GPUDriven.Runtime.ref.dll"
-r:"Library/Bee/artifacts/1900b0aE.dag/Unity.RenderPipelines.ShaderGraph.ShaderGraphLibrary.ref.dll"
-r:"Library/Bee/artifacts/1900b0aE.dag/Unity.RenderPipelines.Universal.2D.Editor.Overrides.ref.dll"
-r:"Library/Bee/artifacts/1900b0aE.dag/Unity.RenderPipelines.Universal.2D.Runtime.ref.dll"
-r:"Library/Bee/artifacts/1900b0aE.dag/Unity.RenderPipelines.Universal.Config.Runtime.ref.dll"
-r:"Library/Bee/artifacts/1900b0aE.dag/Unity.RenderPipelines.Universal.Editor.ref.dll"
-r:"Library/Bee/artifacts/1900b0aE.dag/Unity.RenderPipelines.Universal.Runtime.ref.dll"
-r:"Library/Bee/artifacts/1900b0aE.dag/Unity.RenderPipelines.Universal.Shaders.ref.dll"
-r:"Library/Bee/artifacts/1900b0aE.dag/Unity.Rider.Editor.ref.dll"
-r:"Library/Bee/artifacts/1900b0aE.dag/Unity.Searcher.Editor.ref.dll"
-r:"Library/Bee/artifacts/1900b0aE.dag/Unity.ShaderGraph.Editor.ref.dll"
-r:"Library/Bee/artifacts/1900b0aE.dag/Unity.SurfaceCache.Runtime.ref.dll"
-r:"Library/Bee/artifacts/1900b0aE.dag/Unity.TextMeshPro.Editor.ref.dll"
-r:"Library/Bee/artifacts/1900b0aE.dag/Unity.TextMeshPro.ref.dll"
-r:"Library/Bee/artifacts/1900b0aE.dag/Unity.Timeline.Editor.ref.dll"
-r:"Library/Bee/artifacts/1900b0aE.dag/Unity.Timeline.ref.dll"
-r:"Library/Bee/artifacts/1900b0aE.dag/Unity.UnifiedRayTracing.Runtime.ref.dll"
-r:"Library/Bee/artifacts/1900b0aE.dag/Unity.VisualScripting.Core.Editor.ref.dll"
-r:"Library/Bee/artifacts/1900b0aE.dag/Unity.VisualScripting.Core.ref.dll"
-r:"Library/Bee/artifacts/1900b0aE.dag/Unity.VisualScripting.Flow.Editor.ref.dll"
-r:"Library/Bee/artifacts/1900b0aE.dag/Unity.VisualScripting.Flow.ref.dll"
-r:"Library/Bee/artifacts/1900b0aE.dag/Unity.VisualScripting.SettingsProvider.Editor.ref.dll"
-r:"Library/Bee/artifacts/1900b0aE.dag/Unity.VisualScripting.Shared.Editor.ref.dll"
-r:"Library/Bee/artifacts/1900b0aE.dag/Unity.VisualScripting.State.Editor.ref.dll"
-r:"Library/Bee/artifacts/1900b0aE.dag/Unity.VisualScripting.State.ref.dll"
-r:"Library/Bee/artifacts/1900b0aE.dag/Unity.VisualStudio.Editor.ref.dll"
-r:"Library/Bee/artifacts/1900b0aE.dag/UnityEditor.UI.Analytics.ref.dll"
-r:"Library/Bee/artifacts/1900b0aE.dag/UnityEditor.UI.ref.dll"
-r:"Library/Bee/artifacts/1900b0aE.dag/UnityEngine.UI.ref.dll"
-analyzer:"C:/Program Files/Unity/Hub/Editor/6000.5.2f1/Editor/Data/BCLExtensions/TargetingPacks/netstandard2.1/analyzers/dotnet/roslyn4.0/cs/Microsoft.Extensions.Logging.Generators.dll"
-analyzer:"C:/Program Files/Unity/Hub/Editor/6000.5.2f1/Editor/Data/BCLExtensions/TargetingPacks/netstandard2.1/analyzers/dotnet/roslyn4.0/cs/System.Text.Json.SourceGeneration.dll"
-analyzer:"C:/Program Files/Unity/Hub/Editor/6000.5.2f1/Editor/Data/Tools/BuildPipeline/Unity.Analyzers.Common/Unity.Analyzers.Common.dll"
-analyzer:"C:/Program Files/Unity/Hub/Editor/6000.5.2f1/Editor/Data/Tools/BuildPipeline/Unity.Analyzers.LongLiving/Unity.Analyzers.LongLiving.dll"
-analyzer:"C:/Program Files/Unity/Hub/Editor/6000.5.2f1/Editor/Data/Tools/BuildPipeline/Unity.SourceGenerators/Unity.Properties.SourceGenerator.dll"
-analyzer:"C:/Program Files/Unity/Hub/Editor/6000.5.2f1/Editor/Data/Tools/BuildPipeline/Unity.SourceGenerators/Unity.SourceGenerators.dll"
-analyzer:"C:/Program Files/Unity/Hub/Editor/6000.5.2f1/Editor/Data/Tools/BuildPipeline/Unity.SourceGenerators/Unity.UIToolkit.SourceGenerator.dll"
"Assets/Scripts/BackGroundScrollScript.cs"
"Assets/Scripts/BulletController.cs"
"Assets/Scripts/EnemyController.cs"
"Assets/Scripts/EnemySpawner.cs"
"Assets/Scripts/GameManager.cs"
"Assets/Scripts/PlayerController.cs"
"Assets/Scripts/ScoreManager.cs"
"Assets/TextMesh Pro/Examples & Extras/Scripts/Benchmark01.cs"
"Assets/TextMesh Pro/Examples & Extras/Scripts/Benchmark01_UGUI.cs"
"Assets/TextMesh Pro/Examples & Extras/Scripts/Benchmark02.cs"
"Assets/TextMesh Pro/Examples & Extras/Scripts/Benchmark03.cs"
"Assets/TextMesh Pro/Examples & Extras/Scripts/Benchmark04.cs"
"Assets/TextMesh Pro/Examples & Extras/Scripts/CameraController.cs"
"Assets/TextMesh Pro/Examples & Extras/Scripts/ChatController.cs"
"Assets/TextMesh Pro/Examples & Extras/Scripts/DropdownSample.cs"
"Assets/TextMesh Pro/Examples & Extras/Scripts/EnvMapAnimator.cs"
"Assets/TextMesh Pro/Examples & Extras/Scripts/ObjectSpin.cs"
"Assets/TextMesh Pro/Examples & Extras/Scripts/ShaderPropAnimator.cs"
"Assets/TextMesh Pro/Examples & Extras/Scripts/SimpleScript.cs"
"Assets/TextMesh Pro/Examples & Extras/Scripts/SkewTextExample.cs"
"Assets/TextMesh Pro/Examples & Extras/Scripts/TMP_DigitValidator.cs"
"Assets/TextMesh Pro/Examples & Extras/Scripts/TMP_ExampleScript_01.cs"
"Assets/TextMesh Pro/Examples & Extras/Scripts/TMP_FrameRateCounter.cs"
"Assets/TextMesh Pro/Examples & Extras/Scripts/TMP_PhoneNumberValidator.cs"
"Assets/TextMesh Pro/Examples & Extras/Scripts/TMP_TextEventCheck.cs"
"Assets/TextMesh Pro/Examples & Extras/Scripts/TMP_TextEventHandler.cs"
"Assets/TextMesh Pro/Examples & Extras/Scripts/TMP_TextInfoDebugTool.cs"
"Assets/TextMesh Pro/Examples & Extras/Scripts/TMP_TextSelector_A.cs"
"Assets/TextMesh Pro/Examples & Extras/Scripts/TMP_TextSelector_B.cs"
"Assets/TextMesh Pro/Examples & Extras/Scripts/TMP_UiFrameRateCounter.cs"
"Assets/TextMesh Pro/Examples & Extras/Scripts/TMPro_InstructionOverlay.cs"
"Assets/TextMesh Pro/Examples & Extras/Scripts/TeleType.cs"
"Assets/TextMesh Pro/Examples & Extras/Scripts/TextConsoleSimulator.cs"
"Assets/TextMesh Pro/Examples & Extras/Scripts/TextMeshProFloatingText.cs"
"Assets/TextMesh Pro/Examples & Extras/Scripts/TextMeshSpawner.cs"
"Assets/TextMesh Pro/Examples & Extras/Scripts/VertexColorCycler.cs"
"Assets/TextMesh Pro/Examples & Extras/Scripts/VertexJitter.cs"
"Assets/TextMesh Pro/Examples & Extras/Scripts/VertexShakeA.cs"
"Assets/TextMesh Pro/Examples & Extras/Scripts/VertexShakeB.cs"
"Assets/TextMesh Pro/Examples & Extras/Scripts/VertexZoom.cs"
"Assets/TextMesh Pro/Examples & Extras/Scripts/WarpTextExample.cs"
-langversion:9.0
/deterministic
/optimize+
/debug:portable
/nologo
/RuntimeMetadataVersion:v4.0.30319
/nowarn:0169
/nowarn:0649
/nowarn:0282
/nowarn:1701
/nowarn:1702
/utf8output
/preferreduilang:en-US
/additionalfile:"Library/Bee/artifacts/1900b0aE.dag/Assembly-CSharp.UnityAdditionalFile.txt"
##### Custom Environment Variables
DOTNET_HOST_PATH=C:\Program Files\Unity\Hub\Editor\6000.5.2f1\Editor\Data\DotNetSdk\dotnet.exe
DOTNET_MULTILEVEL_LOOKUP=0
##### ExitCode
1
##### Output
Assets\Scripts\EnemyController.cs(46,18): error CS0103: The name 'collision' does not exist in the current context

Assets\Scripts\EnemyController.cs(53,21): error CS0103: The name 'collision' does not exist in the current context
*** Tundra build failed (3.86 seconds), 2 items updated, 1100 evaluated
## Script Compilation Error for: Csc Library/Bee/artifacts/1900b0aE.dag/Assembly-CSharp.dll (+2 others)
## CmdLine: "C:\Program Files\Unity\Hub\Editor\6000.5.2f1\Editor\Data\DotNetSdk\dotnet.exe" exec "C:/Program Files/Unity/Hub/Editor/6000.5.2f1/Editor/Data/DotNetSdk/sdk/8.0.318/Roslyn/bincore/csc.dll" /nostdlib /noconfig /shared "@Library/Bee/artifacts/1900b0aE.dag/Assembly-CSharp.rsp" "@Library/Bee/artifacts/1900b0aE.dag/Assembly-CSharp.rsp2"
## Output:
Assets\Scripts\EnemyController.cs(46,18): error CS0103: The name 'collision' does not exist in the current context
Assets\Scripts\EnemyController.cs(53,21): error CS0103: The name 'collision' does not exist in the current context

Assets\Scripts\EnemyController.cs(46,18): error CS0103: The name 'collision' does not exist in the current context
Assets\Scripts\EnemyController.cs(53,21): error CS0103: The name 'collision' does not exist in the current context
Refreshing native plugins compatible for Editor in 11.37 ms, found 5 plugins.

Asset Pipeline Refresh (id=ea65c693328e2614286e07dd33eb96d0): Total: 4.588 seconds - Initiated by RefreshV2(AllowForceSynchronousImport)
	(Values over 0.05ms)
	Summary:
		Imports: total=0 (actual=0, local cache=0, cache server=0)
		Asset DB Process Time: managed=0 ms, native=220 ms
		Asset DB Callback time: managed=58 ms, native=61 ms
		Scripting: domain reloads=0, domain reload time=0 ms, compile time=4247 ms, other=0 ms
		Project Asset Count: scripts=1564, non-scripts=3214
		Asset File Changes: new=0, changed=2, moved=0, deleted=0
		Scan Filter Count: 0
	InvokePackagesCallback: 8.396ms
	ApplyChangesToAssetFolders: 0.407ms
	Scan: 48.718ms
	Collect global state as custom dependencies: 0.201ms
	OnSourceAssetsModified: 2.061ms
	CategorizeScriptCompilationAssets: 0.062ms
	ProcessAssetsWithTransientArtifactChanges: 1.689ms
	CategorizeAssets: 31.634ms
	CompileScripts: 4246.976ms
	ImportOutOfDateAssets: 106.754ms (18.484ms without children)
		ReloadNativeAssets: 0.065ms
		UnloadImportedAssets: 0.399ms
		EnsureUptoDateAssetsAreRegisteredWithGuidPM: 1.073ms
		ImportSchedulerStart: 86.727ms
	PostProcessAllAssets: 97.953ms
		XRBuildSystem.XRAssetImported 37.671ms
		PostProcessCallbackCreateDeferredMaterials 2.306ms
		ShaderAssetModifiedCallback 0.053ms
		MonoPostProcessAllAssets: 56.930ms
			TMPro_TexturePostProcessor.OnPostprocessAllAssets 1.129ms
			AssetChangedListener.OnPostprocessAllAssets 0.988ms
			RenderPipelineGlobalSettingsPostprocessor.OnPostprocessAllAssets 0.919ms
			BuilderAssetPostprocessor.OnPostprocessAllAssets 0.513ms
			ScenarioDriftAssetsTracker.OnPostprocessAllAssets 0.399ms
			ArtifactBrowserPostProcessor.OnPostprocessAllAssets 0.303ms
			ShaderGraphAssetPostProcessor.OnPostprocessAllAssets 0.285ms
			SpriteShapeAssetPostProcessor.OnPostprocessAllAssets 0.258ms
			SpriteEditorTexturePostprocessor.OnPostprocessAllAssets 0.250ms
			AssetPostprocessor.OnPostprocessAllAssets 0.233ms
			ConfigAssetsTracker.OnPostprocessAllAssets 0.199ms
			SyncVS.PostprocessSyncProject 0.098ms
			UniversalRenderPipelineGlobalSettingsPostprocessor.OnPostprocessAllAssets 0.062ms
			RetainedModeAssetPostprocessor.OnPostprocessAllAssets 0.060ms
			SpriteSlicePostprocessor.OnPostprocessAllAssets 0.054ms
			PostProcessor.OnPostprocessAllAssets 0.053ms
	PostAssetChangesProfiler: 15.231ms
	GatherAllCurrentPrimaryImportResultRevisions: 0.465ms
	UnloadStreamsBegin: 0.059ms
	PersistCurrentRevisions: 0.285ms
	Untracked: 26.694ms

Total cache size 268291572
Total cache size after purge 268291572, took 00:00:02.0112257
[ScriptCompilation] Requested script compilation because: AssetDatabase observed changes in script compilation related files
[Licensing::Client] Successfully resolved entitlement details
info: Microsoft.AspNetCore.Hosting.Diagnostics[1]
      Request starting HTTP/2 POST http://ilpp/UnityILPP.PostProcessing/Ping - application/grpc -
info: Microsoft.AspNetCore.Routing.EndpointMiddleware[0]
      Executing endpoint 'gRPC - /UnityILPP.PostProcessing/Ping'
info: Microsoft.AspNetCore.Routing.EndpointMiddleware[1]
      Executed endpoint 'gRPC - /UnityILPP.PostProcessing/Ping'
info: Microsoft.AspNetCore.Hosting.Diagnostics[2]
      Request finished HTTP/2 POST http://ilpp/UnityILPP.PostProcessing/Ping - 200 - application/grpc 0.3562ms
Starting: C:\Program Files\Unity\Hub\Editor\6000.5.2f1\Editor\Data\Tools\BuildPipeline\bee_backend.exe --ipc --defer-dag-verification --dagfile="Library/Bee/1900b0aE.dag" --continue-on-failure --profile="Library/Bee/backend1.traceevents" ScriptAssemblies
WorkingDir: C:/Users/thhon/UnityFiles/TlimFinalProj2Dshooter
info: Microsoft.AspNetCore.Hosting.Diagnostics[1]
      Request starting HTTP/2 POST http://ilpp/UnityILPP.PostProcessing/ConfigurePostProcessors - application/grpc -
info: Microsoft.AspNetCore.Routing.EndpointMiddleware[0]
      Executing endpoint 'gRPC - /UnityILPP.PostProcessing/ConfigurePostProcessors'
info: Unity.ILPP.Runner.PostProcessingAssemblyLoadContext[0]
      Current configuration matches the requested one, skipping
info: Microsoft.AspNetCore.Routing.EndpointMiddleware[1]
      Executed endpoint 'gRPC - /UnityILPP.PostProcessing/ConfigurePostProcessors'
info: Microsoft.AspNetCore.Hosting.Diagnostics[2]
      Request finished HTTP/2 POST http://ilpp/UnityILPP.PostProcessing/ConfigurePostProcessors - 200 - application/grpc 3.3612ms
info: Microsoft.AspNetCore.Hosting.Diagnostics[1]
      Request starting HTTP/2 POST http://ilpp/UnityILPP.PostProcessing/PostProcessAssembly - application/grpc -
info: Microsoft.AspNetCore.Routing.EndpointMiddleware[0]
      Executing endpoint 'gRPC - /UnityILPP.PostProcessing/PostProcessAssembly'
info: Unity.ILPP.Runner.PostProcessingPipeline[0]
      Processing assembly Library/Bee/artifacts/1900b0aE.dag/Assembly-CSharp.dll, with 142 defines and 353 references
info: Unity.ILPP.Runner.PostProcessingPipeline[0]
      processors: Unity.Jobs.CodeGen.JobsILPostProcessor, zzzUnity.Burst.CodeGen.BurstILPostProcessor
info: Unity.ILPP.Runner.PostProcessingPipeline[0]
      running Unity.Jobs.CodeGen.JobsILPostProcessor
info: Unity.ILPP.Runner.PostProcessingPipeline[0]
      running zzzUnity.Burst.CodeGen.BurstILPostProcessor
info: Microsoft.AspNetCore.Routing.EndpointMiddleware[1]
      Executed endpoint 'gRPC - /UnityILPP.PostProcessing/PostProcessAssembly'
info: Microsoft.AspNetCore.Hosting.Diagnostics[2]
      Request finished HTTP/2 POST http://ilpp/UnityILPP.PostProcessing/PostProcessAssembly - 200 - application/grpc 37.9441ms
ExitCode: 0 Duration: 1s621ms
[ 855/1100  0s] ILPP-Configuration Library/ilpp-configuration.nevergeneratedoutput
[1096/1100  0s] Csc Library/Bee/artifacts/1900b0aE.dag/Assembly-CSharp.dll (+2 others)
[1097/1100  0s] ILPostProcess Library/Bee/artifacts/1900b0aE.dag/post-processed/Assembly-CSharp.dll (+pdb)
Processing assembly Library/Bee/artifacts/1900b0aE.dag/Assembly-CSharp.dll, with 142 defines and 353 references

processors: Unity.Jobs.CodeGen.JobsILPostProcessor, zzzUnity.Burst.CodeGen.BurstILPostProcessor

running Unity.Jobs.CodeGen.JobsILPostProcessor

running zzzUnity.Burst.CodeGen.BurstILPostProcessor
[1098/1100  0s] CopyFiles Library/ScriptAssemblies/Assembly-CSharp.pdb
[1099/1100  0s] CopyFiles Library/ScriptAssemblies/Assembly-CSharp.dll
*** Tundra build success (1.58 seconds), 5 items updated, 1100 evaluated
Reloading assemblies after forced synchronous recompile.
Begin MonoManager ReloadAssembly
Refreshing native plugins compatible for Editor in 5.32 ms, found 5 plugins.
Native extension for WindowsStandalone target not found
[MODES] ModeService[none].Initialize
[MODES] ModeService[none].LoadModes
ScheduleIndexationOnStartup MainProcess:True IndexOnStartup:True
Mono: successfully reloaded assembly
- Finished resetting the current domain, in  2.559 seconds
Domain Reload Profiling: 4867ms
	BeginReloadAssembly (1471ms)
		DisableScriptedObjects (291ms)
		CreateAndSetChildDomain (620ms)
	RebuildCommonClasses (12ms)
	RebuildNativeTypeToScriptingClass (21ms)
	initialDomainReloadingComplete (150ms)
	LoadAllAssembliesAndSetupDomain (652ms)
		LoadAssemblies (329ms)
		AnalyzeDomain (319ms)
			TypeCache.Refresh (14ms)
			BuildScriptInfoCaches (293ms)
			ResolveRequiredComponents (10ms)
	FinalizeReload (2560ms)
		SetupLoadedEditorAssemblies (0ms)
			InitializePlatformSupportModulesInManaged (3ms)
			BeforeProcessingInitializeOnLoad (269ms)
			ProcessInitializeOnLoadAttributes (565ms)
			ProcessInitializeOnLoadMethodAttributes (305ms)
			AfterProcessingInitializeOnLoad (19ms)
		AwakeInstancesAfterBackupRestoration (816ms)
Refreshing native plugins compatible for Editor in 5.25 ms, found 5 plugins.

Asset Pipeline Refresh (id=df63de6e0a28ebe41b97398576a9fa07): Total: 7.622 seconds - Initiated by RefreshV2(AllowForceSynchronousImport)
	(Values over 0.05ms)
	Summary:
		Imports: total=0 (actual=0, local cache=0, cache server=0)
		Asset DB Process Time: managed=0 ms, native=2830 ms
		Asset DB Callback time: managed=58 ms, native=12 ms
		Scripting: domain reloads=1, domain reload time=2780 ms, compile time=1939 ms, other=0 ms
		Project Asset Count: scripts=1564, non-scripts=3214
		Asset File Changes: new=0, changed=1, moved=0, deleted=0
		Scan Filter Count: 0
	InvokePackagesCallback: 11.143ms
	ApplyChangesToAssetFolders: 0.766ms
	Scan: 22.220ms
	Collect global state as custom dependencies: 6.519ms
	OnSourceAssetsModified: 0.059ms
	ProcessAssetsWithTransientArtifactChanges: 7.036ms
	CategorizeAssets: 87.535ms
	CompileScripts: 1939.173ms
	ImportOutOfDateAssets: 2625.259ms (2584.518ms without children)
		CollectScriptTypesHashes: 2.803ms
		ReloadNativeAssets: 2.531ms
		UnloadImportedAssets: 0.260ms
		EnsureUptoDateAssetsAreRegisteredWithGuidPM: 0.995ms
		ImportSchedulerStart: 36.909ms
	PostProcessAllAssets: 61.096ms
		XRBuildSystem.XRAssetImported 1.549ms
		PostProcessCallbackCreateDeferredMaterials 0.912ms
		MonoPostProcessAllAssets: 58.099ms
			UniversalRenderPipelineGlobalSettingsPostprocessor.OnPostprocessAllAssets 11.179ms
			AssetChangedListener.OnPostprocessAllAssets 6.339ms
			BuilderAssetPostprocessor.OnPostprocessAllAssets 5.654ms
			AssetPostprocessor.OnPostprocessAllAssets 3.981ms
			WindowAssetPostprocessingWatcher.OnPostprocessAllAssets 2.679ms
			SpriteSlicePostprocessor.OnPostprocessAllAssets 2.487ms
			SpeedTree9Postprocessor.OnPostprocessAllAssets 2.006ms
			ShaderGraphAssetPostProcessor.OnPostprocessAllAssets 1.807ms
			RetainedModeAssetPostprocessor.OnPostprocessAllAssets 1.254ms
			RenderPipelineGlobalSettingsPostprocessor.OnPostprocessAllAssets 0.791ms
			MaterialPostprocessor.OnPostprocessAllAssets 0.783ms
			ShaderReflectionAssetPostProcessor.OnPostprocessAllAssets 0.677ms
			SpriteEditorTexturePostprocessor.OnPostprocessAllAssets 0.603ms
			ArtifactBrowserPostProcessor.OnPostprocessAllAssets 0.568ms
			TMPro_TexturePostProcessor.OnPostprocessAllAssets 0.523ms
			PostProcessor.OnPostprocessAllAssets 0.515ms
			SpriteShapeAssetPostProcessor.OnPostprocessAllAssets 0.462ms
			InputActionAssetPostprocessor.OnPostprocessAllAssets 0.401ms
			SampleDependencyImporterPostProcessor.OnPostprocessAllAssets 0.387ms
			UVCSAssetPostprocessor.OnPostprocessAllAssets 0.373ms
			ReferencedClipsPostProcessor.OnPostprocessAllAssets 0.346ms
			TextAssetPostProcessor.OnPostprocessAllAssets 0.336ms
			AudioMixerPostprocessor.OnPostprocessAllAssets 0.306ms
			InputActionJsonNameModifierAssetProcessor.OnPostprocessAllAssets 0.283ms
			AssetEvents.OnPostprocessAllAssets 0.224ms
			SpriteLibraryAssetPostprocessor.OnPostprocessAllAssets 0.219ms
			StyleCatalogPostProcessor.OnPostprocessAllAssets 0.212ms
			SyncVS.PostprocessSyncProject 0.207ms
			AssetDatabaseCallbacks.OnPostprocessAllAssets 0.206ms
			SpeedTreePostProcessor.OnPostprocessAllAssets 0.177ms
			ConfigAssetsTracker.OnPostprocessAllAssets 0.170ms
			TerrainToolbarOverlayPostProcessor.OnPostprocessAllAssets 0.153ms
			SamplePostprocessor.OnPostprocessAllAssets 0.146ms
			ProjectSettingsPostprocessor.OnPostprocessAllAssets 0.136ms
			PSDImportPostProcessor.OnPostprocessAllAssets 0.136ms
			ScenarioDriftAssetsTracker.OnPostprocessAllAssets 0.131ms
			PSDImporterAssetPostProcessor.OnPostprocessAllAssets 0.087ms
			AudioContainerPostProcessor.OnPostprocessAllAssets 0.074ms
			AssetProcessor.OnPostprocessAllAssets 0.052ms
	PostAssetChangesProfiler: 5.934ms
	GatherAllCurrentPrimaryImportResultRevisions: 1.047ms
	PersistCurrentRevisions: 0.250ms
	GenerateScriptTypeHashes: 5.465ms
	GenerateScriptTypeSerializationHashes: 9.676ms
	Untracked: 2844.977ms

[Licensing::Client] Successfully resolved entitlement details
[Licensing::Client] Successfully resolved entitlement details
[Licensing::Client] Successfully resolved entitlement details
Project ID request failed, Reason: The requested URL returned error: 401 (401).
Unknown Unity Connect error (400). Please contact support at support@unity.com while processing request "https://services.unity.com/api/unity/legacy/v1/projects/152c756f-0793-4e0d-be5b-05c4053e3690", HTTP error code 401
.[Licensing::Client] Successfully updated the access token
[Licensing::Module] Successfully updated access token: "NOiYWvEb"... (expires: 2026-07-31T01:47:27Z)
UPID Received '152c756f-0793-4e0d-be5b-05c4053e3690'.
[Licensing::Client] Successfully resolved entitlement details
[Licensing::Client] Successfully resolved entitlement details
Project ID request failed, Reason: The requested URL returned error: 401 (401).
Unknown Unity Connect error (400). Please contact support at support@unity.com while processing request "https://services.unity.com/api/unity/legacy/v1/projects/152c756f-0793-4e0d-be5b-05c4053e3690", HTTP error code 401
.[Licensing::Client] Successfully updated the access token
[Licensing::Module] Successfully updated access token: "IBGos9h-"... (expires: 2026-07-31T03:47:02Z)
UPID Received '152c756f-0793-4e0d-be5b-05c4053e3690'.
[Licensing::Client] Successfully resolved entitlement details
[Licensing::Client] Successfully resolved entitlement details
Project ID request failed, Reason: The requested URL returned error: 401 (401).
Unknown Unity Connect error (400). Please contact support at support@unity.com while processing request "https://services.unity.com/api/unity/legacy/v1/projects/152c756f-0793-4e0d-be5b-05c4053e3690", HTTP error code 401
.Project ID request failed, Reason: The requested URL returned error: 401 (401).
Unknown Unity Connect error (400). Please contact support at support@unity.com while processing request "https://services.unity.com/api/unity/legacy/v1/projects/152c756f-0793-4e0d-be5b-05c4053e3690", HTTP error code 401
.[Licensing::Client] Successfully updated the access token
[Licensing::Module] Successfully updated access token: "YDW1KIt0"... (expires: 2026-07-31T05:46:48Z)
UPID Received '152c756f-0793-4e0d-be5b-05c4053e3690'.
[Licensing::Client] Successfully resolved entitlement details
[Licensing::Client] Successfully resolved entitlement details
Project ID request failed, Reason: The requested URL returned error: 401 (401).
Unknown Unity Connect error (400). Please contact support at support@unity.com while processing request "https://services.unity.com/api/unity/legacy/v1/projects/152c756f-0793-4e0d-be5b-05c4053e3690", HTTP error code 401
.Project ID request failed, Reason: The requested URL returned error: 401 (401).
Unknown Unity Connect error (400). Please contact support at support@unity.com while processing request "https://services.unity.com/api/unity/legacy/v1/projects/152c756f-0793-4e0d-be5b-05c4053e3690", HTTP error code 401
.[Licensing::Client] Successfully updated the access token
[Licensing::Module] Successfully updated access token: "gWELt1KN"... (expires: 2026-07-31T07:46:20Z)
UPID Received '152c756f-0793-4e0d-be5b-05c4053e3690'.
UPID Received '152c756f-0793-4e0d-be5b-05c4053e3690'.
[Licensing::Client] Successfully resolved entitlement details
[Licensing::Client] Successfully resolved entitlement details
Curl error 6: Could not resolve host: cdp.cloud.unity3d.com
Curl error 6: Could not resolve host: engine-data.unity3d.com
Curl error 6: Could not resolve host: cdp.cloud.unity3d.com
Curl error 6: Could not resolve host: cdp.cloud.unity3d.com
Scanning for USB devices : 10.870ms
Scanning for USB devices : 13.178ms
Scanning for USB devices : 18.560ms
Scanning for USB devices : 6.770ms
Scanning for USB devices : 6.977ms
Scanning for USB devices : 7.445ms
Scanning for USB devices : 5.991ms
Scanning for USB devices : 6.296ms
Curl error 6: Could not resolve host: cdp.cloud.unity3d.com
Curl error 6: Could not resolve host: engine-data.unity3d.com
Curl error 6: Could not resolve host: cdp.cloud.unity3d.com
Curl error 6: Could not resolve host: engine-data.unity3d.com
Scanning for USB devices : 9.975ms
Scanning for USB devices : 13.174ms
Curl error 6: Could not resolve host: cdp.cloud.unity3d.com
Curl error 6: Could not resolve host: engine-data.unity3d.com
Curl error 6: Could not resolve host: engine-data.unity3d.com
Project ID request failed, Reason: Send failure: Connection was aborted (0).
Unknown Unity Connect error (408). Please contact support at support@unity.com while processing request "https://services.unity.com/api/unity/legacy/v1/projects/152c756f-0793-4e0d-be5b-05c4053e3690", HTTP error code 0
.Project ID request failed, Reason: Could not resolve host: services.unity.com (0).
Unknown Unity Connect error (408). Please contact support at support@unity.com while processing request "https://services.unity.com/api/unity/legacy/v1/projects/152c756f-0793-4e0d-be5b-05c4053e3690", HTTP error code 0
.Curl error 6: Could not resolve host: cdp.cloud.unity3d.com
Curl error 6: Could not resolve host: engine-data.unity3d.com
Curl error 6: Could not resolve host: cdp.cloud.unity3d.com
Curl error 6: Could not resolve host: engine-data.unity3d.com
Curl error 6: Could not resolve host: cdp.cloud.unity3d.com
Curl error 6: Could not resolve host: engine-data.unity3d.com
Curl error 6: Could not resolve host: cdp.cloud.unity3d.com
Curl error 6: Could not resolve host: engine-data.unity3d.com
Curl error 6: Could not resolve host: cdp.cloud.unity3d.com
Curl error 6: Could not resolve host: engine-data.unity3d.com
Curl error 6: Could not resolve host: cdp.cloud.unity3d.com
Curl error 6: Could not resolve host: engine-data.unity3d.com
Curl error 6: Could not resolve host: cdp.cloud.unity3d.com
Curl error 6: Could not resolve host: engine-data.unity3d.com
[Licensing::Client] Successfully resolved entitlement details
Curl error 6: Could not resolve host: cdp.cloud.unity3d.com
Curl error 6: Could not resolve host: engine-data.unity3d.com
Curl error 6: Could not resolve host: cdp.cloud.unity3d.com
Curl error 6: Could not resolve host: engine-data.unity3d.com
Curl error 6: Could not resolve host: cdp.cloud.unity3d.com
Curl error 6: Could not resolve host: engine-data.unity3d.com
Curl error 6: Could not resolve host: cdp.cloud.unity3d.com
Curl error 6: Could not resolve host: engine-data.unity3d.com
Curl error 6: Could not resolve host: cdp.cloud.unity3d.com
Curl error 6: Could not resolve host: engine-data.unity3d.com
Curl error 6: Could not resolve host: cdp.cloud.unity3d.com
Curl error 6: Could not resolve host: engine-data.unity3d.com
Curl error 6: Could not resolve host: cdp.cloud.unity3d.com
Curl error 6: Could not resolve host: engine-data.unity3d.com
Curl error 6: Could not resolve host: cdp.cloud.unity3d.com
Curl error 6: Could not resolve host: engine-data.unity3d.com
Curl error 6: Could not resolve host: cdp.cloud.unity3d.com
Curl error 6: Could not resolve host: engine-data.unity3d.com
Curl error 6: Could not resolve host: cdp.cloud.unity3d.com
Curl error 6: Could not resolve host: engine-data.unity3d.com
Curl error 6: Could not resolve host: cdp.cloud.unity3d.com
Curl error 6: Could not resolve host: engine-data.unity3d.com
Project ID request failed, Reason: Could not resolve host: services.unity.com (0).
Unknown Unity Connect error (408). Please contact support at support@unity.com while processing request "https://services.unity.com/api/unity/legacy/v1/projects/152c756f-0793-4e0d-be5b-05c4053e3690", HTTP error code 0
.[Licensing::Client] Successfully updated the access token
[Licensing::Module] Successfully updated access token: "nxnWce1X"... (expires: 2026-07-31T11:13:58Z)
UPID Received '152c756f-0793-4e0d-be5b-05c4053e3690'.
[Licensing::Client] Successfully resolved entitlement details
Curl error 6: Could not resolve host: engine-data.unity3d.com
Curl error 6: Could not resolve host: cdp.cloud.unity3d.com
Curl error 6: Could not resolve host: cdp.cloud.unity3d.com
Curl error 6: Could not resolve host: cdp.cloud.unity3d.com
Curl error 6: Could not resolve host: engine-data.unity3d.com
Curl error 6: Could not resolve host: cdp.cloud.unity3d.com
Curl error 6: Could not resolve host: engine-data.unity3d.com
Curl error 6: Could not resolve host: cdp.cloud.unity3d.com
Curl error 6: Could not resolve host: engine-data.unity3d.com
Curl error 6: Could not resolve host: cdp.cloud.unity3d.com
Curl error 6: Could not resolve host: engine-data.unity3d.com
[Licensing::Client] Successfully resolved entitlement details
Project ID request failed, Reason: Send failure: Connection was aborted (401).
Unknown Unity Connect error (400). Please contact support at support@unity.com while processing request "https://services.unity.com/api/unity/legacy/v1/projects/152c756f-0793-4e0d-be5b-05c4053e3690", HTTP error code 401
.[Licensing::Client] Successfully updated the access token
[Licensing::Module] Successfully updated access token: "1BmFStrt"... (expires: 2026-07-31T13:13:25Z)
UPID Received '152c756f-0793-4e0d-be5b-05c4053e3690'.
[Licensing::Client] Successfully resolved entitlement details
Scanning for USB devices : 6.567ms
Scanning for USB devices : 7.501ms
[Licensing::Client] Successfully resolved entitlement details
Project ID request failed, Reason: The requested URL returned error: 401 (401).
Unknown Unity Connect error (400). Please contact support at support@unity.com while processing request "https://services.unity.com/api/unity/legacy/v1/projects/152c756f-0793-4e0d-be5b-05c4053e3690", HTTP error code 401
.[Licensing::Client] Successfully updated the access token
[Licensing::Module] Successfully updated access token: "USQTEMYl"... (expires: 2026-07-31T15:12:57Z)
UPID Received '152c756f-0793-4e0d-be5b-05c4053e3690'.
[Licensing::Client] Successfully resolved entitlement details
Asset Pipeline Refresh (id=662e30bf3b01c9146ad2c80a68c2d251): Total: 0.122 seconds - Initiated by RefreshV2(AllowForceSynchronousImport)
SpriteAtlasPacking completed in 0.263982 sec
Entering Playmode with Reload Domain disabled.
If you experience any issues, please disable "Enter Play Mode Options" in Editor Settings
Loaded scene 'Temp/__Backupscenes/0.backup'
	Deserialize:            239.377 ms
	Integration:            1068.677 ms
	Integration of assets:  0.351 ms
	Thread Wait Time:       -0.233 ms
	Total Operation Time:   1308.172 ms
Unloading 5 Unused Serialized files (Serialized files now loaded: 0)
Loaded scene 'Temp/__Backupscenes/0.backup'
	Deserialize:            5.821 ms
	Integration:            241.356 ms
	Integration of assets:  0.009 ms
	Thread Wait Time:       0.024 ms
	Total Operation Time:   247.210 ms
Unloading 21 unused Assets / (0.7 MB). Loaded Objects now: 9405.
Memory consumption went from 0.63 GB to 0.63 GB.
Total: 87.966200 ms (FindLiveObjects: 0.909600 ms CreateObjectMapping: 1.627100 ms MarkObjects: 84.228500 ms  DeleteObjects: 1.055300 ms)

[Licensing::Client] Successfully resolved entitlement details
[ScriptCompilation] Requested script compilation because: AssetDatabase observed changes in script compilation related files
info: Microsoft.AspNetCore.Hosting.Diagnostics[1]
      Request starting HTTP/2 POST http://ilpp/UnityILPP.PostProcessing/Ping - application/grpc -
info: Microsoft.AspNetCore.Routing.EndpointMiddleware[0]
      Executing endpoint 'gRPC - /UnityILPP.PostProcessing/Ping'
info: Microsoft.AspNetCore.Routing.EndpointMiddleware[1]
      Executed endpoint 'gRPC - /UnityILPP.PostProcessing/Ping'
info: Microsoft.AspNetCore.Hosting.Diagnostics[2]
      Request finished HTTP/2 POST http://ilpp/UnityILPP.PostProcessing/Ping - 200 - application/grpc 29.9022ms
Starting: C:\Program Files\Unity\Hub\Editor\6000.5.2f1\Editor\Data\Tools\BuildPipeline\bee_backend.exe --ipc --defer-dag-verification --dagfile="Library/Bee/1900b0aE.dag" --continue-on-failure --profile="Library/Bee/backend1.traceevents" ScriptAssemblies
WorkingDir: C:/Users/thhon/UnityFiles/TlimFinalProj2Dshooter
info: Microsoft.AspNetCore.Hosting.Diagnostics[1]
      Request starting HTTP/2 POST http://ilpp/UnityILPP.PostProcessing/ConfigurePostProcessors - application/grpc -
info: Microsoft.AspNetCore.Routing.EndpointMiddleware[0]
      Executing endpoint 'gRPC - /UnityILPP.PostProcessing/ConfigurePostProcessors'
info: Unity.ILPP.Runner.PostProcessingAssemblyLoadContext[0]
      Current configuration matches the requested one, skipping
info: Microsoft.AspNetCore.Routing.EndpointMiddleware[1]
      Executed endpoint 'gRPC - /UnityILPP.PostProcessing/ConfigurePostProcessors'
info: Microsoft.AspNetCore.Hosting.Diagnostics[2]
      Request finished HTTP/2 POST http://ilpp/UnityILPP.PostProcessing/ConfigurePostProcessors - 200 - application/grpc 5.5409ms
info: Microsoft.AspNetCore.Hosting.Diagnostics[1]
      Request starting HTTP/2 POST http://ilpp/UnityILPP.PostProcessing/PostProcessAssembly - application/grpc -
info: Microsoft.AspNetCore.Routing.EndpointMiddleware[0]
      Executing endpoint 'gRPC - /UnityILPP.PostProcessing/PostProcessAssembly'
info: Unity.ILPP.Runner.PostProcessingPipeline[0]
      Processing assembly Library/Bee/artifacts/1900b0aE.dag/Assembly-CSharp.dll, with 142 defines and 353 references
info: Unity.ILPP.Runner.PostProcessingPipeline[0]
      processors: Unity.Jobs.CodeGen.JobsILPostProcessor, zzzUnity.Burst.CodeGen.BurstILPostProcessor
info: Unity.ILPP.Runner.PostProcessingPipeline[0]
      running Unity.Jobs.CodeGen.JobsILPostProcessor
info: Unity.ILPP.Runner.PostProcessingPipeline[0]
      running zzzUnity.Burst.CodeGen.BurstILPostProcessor
info: Microsoft.AspNetCore.Routing.EndpointMiddleware[1]
      Executed endpoint 'gRPC - /UnityILPP.PostProcessing/PostProcessAssembly'
info: Microsoft.AspNetCore.Hosting.Diagnostics[2]
      Request finished HTTP/2 POST http://ilpp/UnityILPP.PostProcessing/PostProcessAssembly - 200 - application/grpc 303.0408ms
ExitCode: 0 Duration: 6s581ms
[ 855/1100  0s] ILPP-Configuration Library/ilpp-configuration.nevergeneratedoutput
[1096/1100  5s] Csc Library/Bee/artifacts/1900b0aE.dag/Assembly-CSharp.dll (+2 others)
[1097/1100  0s] ILPostProcess Library/Bee/artifacts/1900b0aE.dag/post-processed/Assembly-CSharp.dll (+pdb)
Processing assembly Library/Bee/artifacts/1900b0aE.dag/Assembly-CSharp.dll, with 142 defines and 353 references

processors: Unity.Jobs.CodeGen.JobsILPostProcessor, zzzUnity.Burst.CodeGen.BurstILPostProcessor

running Unity.Jobs.CodeGen.JobsILPostProcessor

running zzzUnity.Burst.CodeGen.BurstILPostProcessor
[1098/1100  0s] CopyFiles Library/ScriptAssemblies/Assembly-CSharp.pdb
[1099/1100  0s] CopyFiles Library/ScriptAssemblies/Assembly-CSharp.dll
*** Tundra build success (6.46 seconds), 5 items updated, 1100 evaluated
Total cache size 268291572
Total cache size after purge 268291572, took 00:00:01.7698192
Reloading assemblies after forced synchronous recompile.
Begin MonoManager ReloadAssembly
Refreshing native plugins compatible for Editor in 63.90 ms, found 5 plugins.
Native extension for WindowsStandalone target not found
[MODES] ModeService[none].Initialize
[MODES] ModeService[none].LoadModes
ScheduleIndexationOnStartup MainProcess:True IndexOnStartup:True
Mono: successfully reloaded assembly
- Finished resetting the current domain, in  2.329 seconds
Domain Reload Profiling: 4871ms
	BeginReloadAssembly (1170ms)
		DisableScriptedObjects (230ms)
		CreateAndSetChildDomain (531ms)
	RebuildCommonClasses (12ms)
	RebuildNativeTypeToScriptingClass (15ms)
	initialDomainReloadingComplete (118ms)
	LoadAllAssembliesAndSetupDomain (1226ms)
		LoadAssemblies (939ms)
		AnalyzeDomain (274ms)
			TypeCache.Refresh (15ms)
			BuildScriptInfoCaches (248ms)
			ResolveRequiredComponents (8ms)
	FinalizeReload (2330ms)
		SetupLoadedEditorAssemblies (0ms)
			InitializePlatformSupportModulesInManaged (3ms)
			BeforeProcessingInitializeOnLoad (322ms)
			ProcessInitializeOnLoadAttributes (472ms)
			ProcessInitializeOnLoadMethodAttributes (277ms)
			AfterProcessingInitializeOnLoad (18ms)
		AwakeInstancesAfterBackupRestoration (728ms)
Refreshing native plugins compatible for Editor in 3.61 ms, found 5 plugins.

Asset Pipeline Refresh (id=82ba1c0dc5c3b944a88073ab1100f6d9): Total: 24.088 seconds - Initiated by RefreshV2(AllowForceSynchronousImport)
	(Values over 0.05ms)
	Summary:
		Imports: total=0 (actual=0, local cache=0, cache server=0)
		Asset DB Process Time: managed=0 ms, native=3223 ms
		Asset DB Callback time: managed=66 ms, native=12 ms
		Scripting: domain reloads=1, domain reload time=8749 ms, compile time=12036 ms, other=0 ms
		Project Asset Count: scripts=1564, non-scripts=3214
		Asset File Changes: new=0, changed=1, moved=0, deleted=0
		Scan Filter Count: 0
	InvokePackagesCallback: 7.935ms
	ApplyChangesToAssetFolders: 1.037ms
	Scan: 180.262ms
	Collect global state as custom dependencies: 8.081ms
	OnSourceAssetsModified: 8.351ms
	CategorizeScriptCompilationAssets: 1.236ms
	ProcessAssetsWithTransientArtifactChanges: 10.228ms
	CategorizeAssets: 258.088ms
	CompileScripts: 12035.986ms
	ImportOutOfDateAssets: 2487.538ms (2446.659ms without children)
		CollectScriptTypesHashes: 3.463ms
		ReloadNativeAssets: 1.393ms
		UnloadImportedAssets: 0.203ms
		EnsureUptoDateAssetsAreRegisteredWithGuidPM: 0.815ms
		ImportSchedulerStart: 38.420ms
	PostProcessAllAssets: 64.482ms
		XRBuildSystem.XRAssetImported 1.300ms
		PostProcessCallbackCreateDeferredMaterials 0.816ms
		MonoPostProcessAllAssets: 59.905ms
			UniversalRenderPipelineGlobalSettingsPostprocessor.OnPostprocessAllAssets 10.488ms
			BuilderAssetPostprocessor.OnPostprocessAllAssets 6.388ms
			AssetChangedListener.OnPostprocessAllAssets 6.192ms
			AssetPostprocessor.OnPostprocessAllAssets 4.102ms
			SpriteSlicePostprocessor.OnPostprocessAllAssets 2.617ms
			SpeedTree9Postprocessor.OnPostprocessAllAssets 1.970ms
			WindowAssetPostprocessingWatcher.OnPostprocessAllAssets 1.932ms
			ShaderGraphAssetPostProcessor.OnPostprocessAllAssets 1.649ms
			RenderPipelineGlobalSettingsPostprocessor.OnPostprocessAllAssets 1.619ms
			RetainedModeAssetPostprocessor.OnPostprocessAllAssets 1.451ms
			MaterialPostprocessor.OnPostprocessAllAssets 0.810ms
			SpriteEditorTexturePostprocessor.OnPostprocessAllAssets 0.676ms
			ArtifactBrowserPostProcessor.OnPostprocessAllAssets 0.620ms
			TMPro_TexturePostProcessor.OnPostprocessAllAssets 0.562ms
			SpriteShapeAssetPostProcessor.OnPostprocessAllAssets 0.472ms
			AudioMixerPostprocessor.OnPostprocessAllAssets 0.444ms
			SampleDependencyImporterPostProcessor.OnPostprocessAllAssets 0.417ms
			InputActionAssetPostprocessor.OnPostprocessAllAssets 0.410ms
			ReferencedClipsPostProcessor.OnPostprocessAllAssets 0.390ms
			ShaderReflectionAssetPostProcessor.OnPostprocessAllAssets 0.384ms
			TextAssetPostProcessor.OnPostprocessAllAssets 0.344ms
			PostProcessor.OnPostprocessAllAssets 0.321ms
			UVCSAssetPostprocessor.OnPostprocessAllAssets 0.314ms
			InputActionJsonNameModifierAssetProcessor.OnPostprocessAllAssets 0.295ms
			AssetEvents.OnPostprocessAllAssets 0.263ms
			StyleCatalogPostProcessor.OnPostprocessAllAssets 0.244ms
			SpriteLibraryAssetPostprocessor.OnPostprocessAllAssets 0.224ms
			SyncVS.PostprocessSyncProject 0.221ms
			SpeedTreePostProcessor.OnPostprocessAllAssets 0.192ms
			SamplePostprocessor.OnPostprocessAllAssets 0.173ms
			AssetDatabaseCallbacks.OnPostprocessAllAssets 0.162ms
			TerrainToolbarOverlayPostProcessor.OnPostprocessAllAssets 0.160ms
			PSDImportPostProcessor.OnPostprocessAllAssets 0.146ms
			ConfigAssetsTracker.OnPostprocessAllAssets 0.142ms
			ProjectSettingsPostprocessor.OnPostprocessAllAssets 0.137ms
			ScenarioDriftAssetsTracker.OnPostprocessAllAssets 0.113ms
			PSDImporterAssetPostProcessor.OnPostprocessAllAssets 0.091ms
			AudioContainerPostProcessor.OnPostprocessAllAssets 0.076ms
			AssetProcessor.OnPostprocessAllAssets 0.076ms
	PostAssetChangesProfiler: 4.694ms
	GatherAllCurrentPrimaryImportResultRevisions: 0.671ms
	UnloadStreamsBegin: 0.072ms
	PersistCurrentRevisions: 0.183ms
	GenerateScriptTypeHashes: 4.298ms
	GenerateScriptTypeSerializationHashes: 7.707ms
	Untracked: 8997.570ms

[Licensing::Client] Successfully resolved entitlement details
[Licensing::Client] Successfully resolved entitlement details
SpriteAtlasPacking completed in 0.006504 sec
Entering Playmode with Reload Domain disabled.
If you experience any issues, please disable "Enter Play Mode Options" in Editor Settings
Loaded scene 'Temp/__Backupscenes/0.backup'
	Deserialize:            59.779 ms
	Integration:            301.825 ms
	Integration of assets:  0.090 ms
	Thread Wait Time:       -0.033 ms
	Total Operation Time:   361.662 ms
Unloading 4 Unused Serialized files (Serialized files now loaded: 0)
Loaded scene 'Temp/__Backupscenes/0.backup'
	Deserialize:            5.021 ms
	Integration:            317.952 ms
	Integration of assets:  0.011 ms
	Thread Wait Time:       0.006 ms
	Total Operation Time:   322.989 ms
Unloading 18 unused Assets / (372.0 KB). Loaded Objects now: 9409.
Memory consumption went from 0.63 GB to 0.63 GB.
Total: 26.305600 ms (FindLiveObjects: 0.744600 ms CreateObjectMapping: 2.177600 ms MarkObjects: 23.314500 ms  DeleteObjects: 0.066400 ms)

[Licensing::Client] Successfully resolved entitlement details
[Licensing::Client] Successfully resolved entitlement details
Asset Pipeline Refresh (id=e12303bae003ddc40a16c77d0c4c9645): Total: 0.035 seconds - Initiated by RefreshV2(AllowForceSynchronousImport)
Asset Pipeline Refresh (id=587c546d79250fc4c9bccfb93b896eea): Total: 0.019 seconds - Initiated by RefreshV2(AllowForceSynchronousImport)
Asset Pipeline Refresh (id=b035cfbacb9d18447aea18998aa522ee): Total: 0.047 seconds - Initiated by RefreshV2(AllowForceSynchronousImport)
Project ID request failed, Reason: The requested URL returned error: 401 (401).
Unknown Unity Connect error (400). Please contact support at support@unity.com while processing request "https://services.unity.com/api/unity/legacy/v1/projects/152c756f-0793-4e0d-be5b-05c4053e3690", HTTP error code 401
.[Licensing::Client] Successfully updated the access token
[Licensing::Module] Successfully updated access token: "j9luttK3"... (expires: 2026-07-31T17:12:06Z)
UPID Received '152c756f-0793-4e0d-be5b-05c4053e3690'.
[Licensing::Client] Successfully resolved entitlement details
Asset Pipeline Refresh (id=c29c3595d07fa8c4eb63cf068f15b12e): Total: 0.030 seconds - Initiated by RefreshV2(AllowForceSynchronousImport)
Asset Pipeline Refresh (id=e6f30c361135ddb4da7e34d64fae5bf1): Total: 0.027 seconds - Initiated by RefreshV2(AllowForceSynchronousImport)
Asset Pipeline Refresh (id=f2a00b7629ac2e04bac1ef197e6c5d52): Total: 0.022 seconds - Initiated by RefreshV2(AllowForceSynchronousImport)
Asset Pipeline Refresh (id=56ae58b4dc34e404a858715d96f5e556): Total: 0.020 seconds - Initiated by RefreshV2(AllowForceSynchronousImport)
SpriteAtlasPacking completed in 0.141303 sec
Entering Playmode with Reload Domain disabled.
If you experience any issues, please disable "Enter Play Mode Options" in Editor Settings
Loaded scene 'Temp/__Backupscenes/0.backup'
	Deserialize:            182.605 ms
	Integration:            1966.729 ms
	Integration of assets:  0.372 ms
	Thread Wait Time:       -0.195 ms
	Total Operation Time:   2149.510 ms
Unloading 4 Unused Serialized files (Serialized files now loaded: 0)
Loaded scene 'Temp/__Backupscenes/0.backup'
	Deserialize:            3.083 ms
	Integration:            301.201 ms
	Integration of assets:  0.007 ms
	Thread Wait Time:       0.010 ms
	Total Operation Time:   304.301 ms
Unloading 1 unused Assets / (180.6 KB). Loaded Objects now: 9409.
Memory consumption went from 0.63 GB to 0.63 GB.
Total: 111.898300 ms (FindLiveObjects: 1.236000 ms CreateObjectMapping: 0.994200 ms MarkObjects: 109.190700 ms  DeleteObjects: 0.475600 ms)

[Licensing::Client] Successfully resolved entitlement details
Asset Pipeline Refresh (id=b5a6dafe7f41b81459203ac348ddff95): Total: 0.040 seconds - Initiated by RefreshV2(AllowForceSynchronousImport)
Asset Pipeline Refresh (id=68206d79f739fbb4dbccc834f1ede74b): Total: 0.017 seconds - Initiated by RefreshV2(AllowForceSynchronousImport)
SpriteAtlasPacking completed in 0.007914 sec
Entering Playmode with Reload Domain disabled.
If you experience any issues, please disable "Enter Play Mode Options" in Editor Settings
Loaded scene 'Temp/__Backupscenes/0.backup'
	Deserialize:            2.718 ms
	Integration:            223.388 ms
	Integration of assets:  0.064 ms
	Thread Wait Time:       0.034 ms
	Total Operation Time:   226.203 ms
Asset Pipeline Refresh (id=b8f454b41255f7c48b15ff498bd0de53): Total: 0.015 seconds - Initiated by RefreshV2(NoUpdateAssetOptions)
Unloading 0 Unused Serialized files (Serialized files now loaded: 0)
UnloadTime: 7.749700 ms
Loaded scene 'Temp/__Backupscenes/0.backup'
	Deserialize:            5.008 ms
	Integration:            277.117 ms
	Integration of assets:  0.001 ms
	Thread Wait Time:       3.523 ms
	Total Operation Time:   285.650 ms
Unloading 2 unused Assets / (363.7 KB). Loaded Objects now: 9509.
Memory consumption went from 0.64 GB to 0.64 GB.
Total: 24.871900 ms (FindLiveObjects: 0.653500 ms CreateObjectMapping: 1.899600 ms MarkObjects: 22.230200 ms  DeleteObjects: 0.087200 ms)

Asset Pipeline Refresh (id=c2f826b9cc4617d4bb76dce083c9363e): Total: 0.012 seconds - Initiated by RefreshV2(NoUpdateAssetOptions)
Asset Pipeline Refresh (id=9ff2d8fdb0a486e41bfc429dea633a3d): Total: 0.023 seconds - Initiated by RefreshV2(NoUpdateAssetOptions)
Unloading 0 Unused Serialized files (Serialized files now loaded: 0)
Loaded scene 'Temp/__Backupscenes/0.backup'
	Deserialize:            2.391 ms
	Integration:            261.864 ms
	Integration of assets:  0.006 ms
	Thread Wait Time:       0.033 ms
	Total Operation Time:   264.295 ms
Unloading 0 unused Assets / (472.4 KB). Loaded Objects now: 9406.
Memory consumption went from 0.63 GB to 0.63 GB.
Total: 26.411000 ms (FindLiveObjects: 0.788300 ms CreateObjectMapping: 2.666100 ms MarkObjects: 22.914200 ms  DeleteObjects: 0.040800 ms)

[Licensing::Client] Successfully resolved entitlement details
Scanning for USB devices : 16.713ms
Scanning for USB devices : 12.529ms
Scanning for USB devices : 12.205ms
Scanning for USB devices : 9.364ms
Scanning for USB devices : 17.393ms
Scanning for USB devices : 14.138ms
Scanning for USB devices : 11.400ms
Asset Pipeline Refresh (id=74f9777b0e4a566419bf99aae13c1445): Total: 0.055 seconds - Initiated by RefreshV2(AllowForceSynchronousImport)
Importing 'GUID: 9b60bbbf06d3ba24ea96b9e1d3cb6ad1 - Path: Assets/BackgroundMat.mat' with importer (NativeFormatImporter)
Imported 'GUID: 9b60bbbf06d3ba24ea96b9e1d3cb6ad1' -> (Import Result ID: 'ca5dd8ff98473356cdc6825f88c96b02') in 0.069 seconds [static dependencies only]. Details - ImportResultOutputID=532978ea8a02f2fe1455fd9257dd0eb5 DependenciesID=6283032fd683ebc2c6ecb49990a9ca09 StaticDependenciesID=cb2f8412c79cef284c240b6d4300c69a 
Refreshing native plugins compatible for Editor in 7.32 ms, found 5 plugins.

Asset Pipeline Refresh (id=350ba1f38faba9346a9e84c132a2e766): Total: 0.615 seconds - Initiated by StopAssetImportingV2(NoUpdateAssetOptions)
	(Values over 0.05ms)
	Summary:
		Imports: total=1 (actual=1, local cache=0, cache server=0)
		Asset DB Process Time: managed=21 ms, native=530 ms
		Asset DB Callback time: managed=27 ms, native=34 ms
		Scripting: domain reloads=0, domain reload time=0 ms, compile time=0 ms, other=0 ms
		Project Asset Count: scripts=1564, non-scripts=3214
		Asset File Changes: new=0, changed=1, moved=0, deleted=0
		Scan Filter Count: 2
	ApplyChangesToAssetFolders: 0.820ms
	Scan: 55.340ms
	Collect global state as custom dependencies: 0.110ms
	OnSourceAssetsModified: 5.967ms
	CategorizeScriptCompilationAssets: 0.311ms
	ProcessAssetsWithTransientArtifactChanges: 4.176ms
	CategorizeAssets: 125.962ms
	ImportOutOfDateAssets: 256.803ms (99.954ms without children)
		ImportManagerImport: 80.533ms (8.069ms without children)
		ReloadNativeAssets: 0.211ms
		UnloadImportedAssets: 0.296ms
		EnsureUptoDateAssetsAreRegisteredWithGuidPM: 0.903ms
		ImportSchedulerStart: 74.880ms
	PostProcessAllAssets: 46.744ms
		XRBuildSystem.XRAssetImported 22.450ms
		AssemblyValidation.PostprocessAllAssets 0.190ms
		MonoPostProcessAllAssets: 22.823ms
			AssetChangedListener.OnPostprocessAllAssets 6.520ms
			MaterialPostprocessor.OnPostprocessAllAssets 5.126ms
			ShaderGraphAssetPostProcessor.OnPostprocessAllAssets 2.405ms
			AssetPostprocessor.OnPostprocessAllAssets 1.283ms
			SpriteEditorTexturePostprocessor.OnPostprocessAllAssets 0.694ms
			ProjectSettingsPostprocessor.OnPostprocessAllAssets 0.614ms
			InputActionJsonNameModifierAssetProcessor.OnPostprocessAllAssets 0.524ms
			SyncVS.PostprocessSyncProject 0.345ms
			RetainedModeAssetPostprocessor.OnPostprocessAllAssets 0.308ms
			UniversalRenderPipelineGlobalSettingsPostprocessor.OnPostprocessAllAssets 0.283ms
			SpriteSlicePostprocessor.OnPostprocessAllAssets 0.236ms
			ReferencedClipsPostProcessor.OnPostprocessAllAssets 0.202ms
			BuilderAssetPostprocessor.OnPostprocessAllAssets 0.199ms
			RenderPipelineGlobalSettingsPostprocessor.OnPostprocessAllAssets 0.196ms
			SpeedTreePostProcessor.OnPostprocessAllAssets 0.167ms
			AssetProcessor.OnPostprocessAllAssets 0.128ms
			SpriteShapeAssetPostProcessor.OnPostprocessAllAssets 0.122ms
			TMPro_TexturePostProcessor.OnPostprocessAllAssets 0.084ms
			SampleDependencyImporterPostProcessor.OnPostprocessAllAssets 0.075ms
	PostAssetChangesProfiler: 9.729ms
	GatherAllCurrentPrimaryImportResultRevisions: 0.260ms
	PersistCurrentRevisions: 0.351ms
	UnloadStreamsEnd: 0.127ms
	Untracked: 108.045ms

MonoPathRemapper: Attempts to remap: 125787; Successful remaps: 22886
Serialized file version minimum: 23, current 23
[LAYOUT] About to save layout C:\Users\thhon\UnityFiles\TlimFinalProj2Dshooter\UserSettings\Layouts\default-6000.dwlt
[LAYOUT] About to save layout C:/Users/thhon/AppData/Roaming/Unity/Editor-5.x/Preferences\Layouts\current\default-6000.dwlt
Input System module state changed to: ShutdownInProgress.
Input Polling Thread exited.
Input System module state changed to: Shutdown.
[Physics::Module] Cleanup current backend.
[Physics::Module] Id: 0xf2b8ea05
[Licensing::IpcConnector] LicenseClient-thhon-6000.5.2-notifications channel disconnected successfully.
[Licensing::IpcConnector] LicenseClient-thhon-6000.5.2 channel disconnected successfully.
Shut down.
AcceleratorClientConnectionCallback - disconnected - :0
Cleanup mono
CodeReloadManager destroyed
debugger-agent: Unable to listen on 4048
Checking for leaked weakptr:
  Found no leaked weakptrs.
[Package Manager] Server process was shutdown
##utp:{"type":"MemoryLeaks","version":2,"phase":"Immediate","time":1785512584377,"processId":728,"allocatedMemory":53805345,"memoryLabels":[{"Default":225391},{"Permanent":15516},{"NewDelete":74365},{"Thread":4197560},{"Manager":820357},{"VertexData":8},{"Geometry":816},{"Texture":24},{"Shader":856974},{"Material":24},{"GfxDevice":55328},{"Animation":952},{"Audio":1168},{"FreeType":8},{"FontEngine":736},{"Physics":2146},{"Physics2D":16},{"Serialization":532064},{"Input":45280},{"JobScheduler":256},{"TextLib":19030},{"Mono":48},{"MonoCode":1856},{"ScriptingNativeRuntime":1653572},{"BaseObject":1926143},{"Resource":1208},{"Renderer":3080},{"Transform":4685},{"File":21823},{"WebCam":616},{"Culling":32},{"Terrain":11442},{"Wind":24},{"STL":40},{"String":9673},{"StaticString":3808},{"Utility":2673464},{"Curl":48},{"PoolAlloc":2360},{"AI":80},{"TypeTree":1121647},{"CodeReload":448},{"RuntimeInitializeOnLoadManager":64},{"Sprites":102},{"SpriteAtlas":120},{"GI":7816},{"Director":8296},{"CloudService":6808},{"WebRequest":11604},{"VR":47114},{"SceneManager":608},{"Video":208},{"LazyScriptCache":32},{"NativeArray":33050244},{"Camera":17},{"Secure":265},{"SerializationCache":1576},{"APIUpdating":10320},{"Subsystems":336},{"VirtualTexturing":57888},{"StaticSafetyDebugInfo":278528},{"Analytics":552},{"Hierarchy":1176},{"UIElements":374208},{"CoreStats":13688},{"Identifiers":6768},{"Gui":268921},{"EditorUtility":266445},{"VersionControl":8},{"Undo":931},{"AssetDatabase":5054223},{"AssetImporter":40},{"EditorGi":328},{"UnityConnect":35346},{"Upm":1988},{"UpmDiagnostics":8},{"AssetCompliance":64},{"DrivenProperties":72},{"LocalIPC":211},{"ProfilerEditor":9746},{"CoreBusinessMetrics":3480},{"Windowing":456},{"Licensing":664},{"AssetReference":32},{"IPCStream":32}]}
